t,family,Delta,value
0,Bantu,T,1
0,Bantu,R,1
0.20202020202020202,Bantu,T,1
0.20202020202020202,Bantu,R,1
0.40404040404040403,Bantu,T,1
0.40404040404040403,Bantu,R,1
0.6060606060606061,Bantu,T,1
0.6060606060606061,Bantu,R,1
0.8080808080808081,Bantu,T,1
0.8080808080808081,Bantu,R,1
1.0101010101010102,Bantu,T,1
1.0101010101010102,Bantu,R,1
1.2121212121212122,Bantu,T,1
1.2121212121212122,Bantu,R,1
1.4141414141414141,Bantu,T,1
1.4141414141414141,Bantu,R,1
1.6161616161616161,Bantu,T,1
1.6161616161616161,Bantu,R,1
1.8181818181818181,Bantu,T,1
1.8181818181818181,Bantu,R,1
2.0202020202020203,Bantu,T,1
2.0202020202020203,Bantu,R,1
2.2222222222222223,Bantu,T,1
2.2222222222222223,Bantu,R,1
2.4242424242424243,Bantu,T,1
2.4242424242424243,Bantu,R,1
2.6262626262626263,Bantu,T,1
2.6262626262626263,Bantu,R,1
2.8282828282828283,Bantu,T,1
2.8282828282828283,Bantu,R,1
3.0303030303030303,Bantu,T,1
3.0303030303030303,Bantu,R,1
3.2323232323232323,Bantu,T,1
3.2323232323232323,Bantu,R,1
3.4343434343434343,Bantu,T,1
3.4343434343434343,Bantu,R,1
3.6363636363636362,Bantu,T,1
3.6363636363636362,Bantu,R,1
3.8383838383838382,Bantu,T,1
3.8383838383838382,Bantu,R,1
4.040404040404041,Bantu,T,1
4.040404040404041,Bantu,R,1
4.242424242424242,Bantu,T,1
4.242424242424242,Bantu,R,1
4.444444444444445,Bantu,T,1
4.444444444444445,Bantu,R,1
4.646464646464646,Bantu,T,1
4.646464646464646,Bantu,R,1
4.848484848484849,Bantu,T,1
4.848484848484849,Bantu,R,1
5.05050505050505,Bantu,T,1
5.05050505050505,Bantu,R,1
5.252525252525253,Bantu,T,1
5.252525252525253,Bantu,R,1
5.454545454545454,Bantu,T,1
5.454545454545454,Bantu,R,1
5.656565656565657,Bantu,T,1
5.656565656565657,Bantu,R,1
5.858585858585858,Bantu,T,1
5.858585858585858,Bantu,R,1
6.0606060606060606,Bantu,T,1
6.0606060606060606,Bantu,R,1
6.262626262626262,Bantu,T,1
6.262626262626262,Bantu,R,1
6.4646464646464645,Bantu,T,1
6.4646464646464645,Bantu,R,1
6.666666666666667,Bantu,T,1
6.666666666666667,Bantu,R,0.9411661801220834
6.8686868686868685,Bantu,T,1
6.8686868686868685,Bantu,R,0.8582741174326824
7.070707070707071,Bantu,T,1
7.070707070707071,Bantu,R,0.7909568978896939
7.2727272727272725,Bantu,T,1
7.2727272727272725,Bantu,R,0.7362881165857598
7.474747474747475,Bantu,T,1
7.474747474747475,Bantu,R,0.6918912197806438
7.6767676767676765,Bantu,T,1
7.6767676767676765,Bantu,R,0.6558361916839728
7.878787878787879,Bantu,T,1
7.878787878787879,Bantu,R,0.6265556530743025
8.080808080808081,Bantu,T,1
8.080808080808081,Bantu,R,0.6027767244052232
8.282828282828282,Bantu,T,1
8.282828282828282,Bantu,R,0.5834656913608238
8.484848484848484,Bantu,T,1
8.484848484848484,Bantu,R,0.5677830673691546
8.686868686868687,Bantu,T,1
8.686868686868687,Bantu,R,0.5550470995574583
8.88888888888889,Bantu,T,1
8.88888888888889,Bantu,R,0.544704131685071
9.09090909090909,Bantu,T,1
9.09090909090909,Bantu,R,0.5363045356754932
9.292929292929292,Bantu,T,1
9.292929292929292,Bantu,R,0.5294831654465019
9.494949494949495,Bantu,T,1
9.494949494949495,Bantu,R,0.5239434833298965
9.696969696969697,Bantu,T,1
9.696969696969697,Bantu,R,0.5194446690267802
9.8989898989899,Bantu,T,1
9.8989898989899,Bantu,R,0.5157911507006554
10.1010101010101,Bantu,T,1
10.1010101010101,Bantu,R,0.5128241031054515
10.303030303030303,Bantu,T,1
10.303030303030303,Bantu,R,0.5104145431562771
10.505050505050505,Bantu,T,1
10.505050505050505,Bantu,R,0.5084577227944971
10.707070707070708,Bantu,T,1
10.707070707070708,Bantu,R,0.5068685753945377
10.909090909090908,Bantu,T,1
10.909090909090908,Bantu,R,0.5055780177592417
11.11111111111111,Bantu,T,1
11.11111111111111,Bantu,R,0.5045299469446256
11.313131313131313,Bantu,T,1
11.313131313131313,Bantu,R,0.5036788013604159
11.515151515151516,Bantu,T,1
11.515151515151516,Bantu,R,0.5029875801228653
11.717171717171716,Bantu,T,1
11.717171717171716,Bantu,R,0.5024262345574241
11.919191919191919,Bantu,T,1
11.919191919191919,Bantu,R,0.5019703619268939
12.121212121212121,Bantu,T,1
12.121212121212121,Bantu,R,0.5016001445989934
12.323232323232324,Bantu,T,1
12.323232323232324,Bantu,R,0.5012994885369735
12.525252525252524,Bantu,T,1
12.525252525252524,Bantu,R,0.5010553236618664
12.727272727272727,Bantu,T,1
12.727272727272727,Bantu,R,0.5008570356718105
12.929292929292929,Bantu,T,1
12.929292929292929,Bantu,R,0.50069600461858
13.131313131313131,Bantu,T,1
13.131313131313131,Bantu,R,0.5005652301823812
13.333333333333334,Bantu,T,1
13.333333333333334,Bantu,R,0.500459027354914
13.535353535353535,Bantu,T,1
13.535353535353535,Bantu,R,0.5003727793014726
13.737373737373737,Bantu,T,1
13.737373737373737,Bantu,R,0.5003027366585429
13.93939393939394,Bantu,T,0.9487526775268618
13.93939393939394,Bantu,R,0.5002458545419868
14.141414141414142,Bantu,T,0.7704886356174581
14.141414141414142,Bantu,R,0.5001996601802585
14.343434343434343,Bantu,T,0.6257191696819706
14.343434343434343,Bantu,R,0.5001621454184197
14.545454545454545,Bantu,T,0.5081508814127182
14.545454545454545,Bantu,R,0.5001316794199048
14.747474747474747,Bantu,T,0.4126728583555535
14.747474747474747,Bantu,R,0.5001069377710172
14.94949494949495,Bantu,T,0.3351344930267407
14.94949494949495,Bantu,R,0.5000868449062003
15.15151515151515,Bantu,T,0.2721650482754101
15.15151515151515,Bantu,R,0.5000705273511986
15.353535353535353,Bantu,T,0.22102712506183525
15.353535353535353,Bantu,R,0.500057275751506
15.555555555555555,Bantu,T,0.17949766262295658
15.555555555555555,Bantu,R,0.5000465140354037
15.757575757575758,Bantu,T,0.14577129788070503
15.757575757575758,Bantu,R,0.5000377743710497
15.959595959595958,Bantu,T,0.11838188294663438
15.959595959595958,Bantu,R,0.5000306768289574
16.161616161616163,Bantu,T,0.09613874894260366
16.161616161616163,Bantu,R,0.5000249128657535
16.363636363636363,Bantu,T,0.07807494540710698
16.363636363636363,Bantu,R,0.5000202319112224
16.565656565656564,Bantu,T,0.06340520515782834
16.565656565656564,Bantu,R,0.5000164304755527
16.767676767676768,Bantu,T,0.05149180726471996
16.767676767676768,Bantu,R,0.500013343303256
16.96969696969697,Bantu,T,0.04181685413346101
16.96969696969697,Bantu,R,0.5000108361892027
17.171717171717173,Bantu,T,0.033959757532481295
17.171717171717173,Bantu,R,0.5000088001444759
17.373737373737374,Bantu,T,0.02757895483921887
17.373737373737374,Bantu,R,0.500007146658419
17.575757575757574,Bantu,T,0.02239706067677864
17.575757575757574,Bantu,R,0.5000058038509139
17.77777777777778,Bantu,T,0.018188808454987486
17.77777777777778,Bantu,R,0.5000047133476172
17.97979797979798,Bantu,T,0.014771257612175608
17.97979797979798,Bantu,R,0.5000038277423198
18.18181818181818,Bantu,T,0.01199584084824571
18.18181818181818,Bantu,R,0.50000310853611
18.383838383838384,Bantu,T,0.009741905627441379
18.383838383838384,Bantu,R,0.50000252446375415
18.585858585858585,Bantu,T,0.00791146918791052
18.585858585858585,Bantu,R,0.5000020501345395
18.78787878787879,Bantu,T,0.006424959048561053
18.78787878787879,Bantu,R,0.5000016649284915
18.98989898989899,Bantu,T,0.005217753845109658
18.98989898989899,Bantu,R,0.5000013520999858
19.19191919191919,Bantu,T,0.0042373741190232135
19.19191919191919,Bantu,R,0.5000010980497847
19.393939393939394,Bantu,T,0.0034412009377169724
19.393939393939394,Bantu,R,0.5000008917338528
19.595959595959595,Bantu,T,0.0027946231701802063
19.595959595959595,Bantu,R,0.5000007241832521
19.7979797979798,Bantu,T,0.002269532876650163
19.7979797979798,Bantu,R,0.5000005881142463
20,Bantu,T,0.0018431034041215088
20,Bantu,R,0.5000004776116621
0,Bantu subset,T,1
0,Bantu subset,R,1
0.20202020202020202,Bantu subset,T,1
0.20202020202020202,Bantu subset,R,1
0.40404040404040403,Bantu subset,T,1
0.40404040404040403,Bantu subset,R,1
0.6060606060606061,Bantu subset,T,1
0.6060606060606061,Bantu subset,R,1
0.8080808080808081,Bantu subset,T,1
0.8080808080808081,Bantu subset,R,1
1.0101010101010102,Bantu subset,T,1
1.0101010101010102,Bantu subset,R,1
1.2121212121212122,Bantu subset,T,1
1.2121212121212122,Bantu subset,R,1
1.4141414141414141,Bantu subset,T,1
1.4141414141414141,Bantu subset,R,1
1.6161616161616161,Bantu subset,T,1
1.6161616161616161,Bantu subset,R,1
1.8181818181818181,Bantu subset,T,1
1.8181818181818181,Bantu subset,R,1
2.0202020202020203,Bantu subset,T,1
2.0202020202020203,Bantu subset,R,1
2.2222222222222223,Bantu subset,T,1
2.2222222222222223,Bantu subset,R,1
2.4242424242424243,Bantu subset,T,1
2.4242424242424243,Bantu subset,R,1
2.6262626262626263,Bantu subset,T,1
2.6262626262626263,Bantu subset,R,1
2.8282828282828283,Bantu subset,T,1
2.8282828282828283,Bantu subset,R,1
3.0303030303030303,Bantu subset,T,1
3.0303030303030303,Bantu subset,R,1
3.2323232323232323,Bantu subset,T,1
3.2323232323232323,Bantu subset,R,1
3.4343434343434343,Bantu subset,T,1
3.4343434343434343,Bantu subset,R,1
3.6363636363636362,Bantu subset,T,1
3.6363636363636362,Bantu subset,R,1
3.8383838383838382,Bantu subset,T,1
3.8383838383838382,Bantu subset,R,1
4.040404040404041,Bantu subset,T,1
4.040404040404041,Bantu subset,R,1
4.242424242424242,Bantu subset,T,1
4.242424242424242,Bantu subset,R,1
4.444444444444445,Bantu subset,T,1
4.444444444444445,Bantu subset,R,1
4.646464646464646,Bantu subset,T,1
4.646464646464646,Bantu subset,R,0.9502776340204915
4.848484848484849,Bantu subset,T,1
4.848484848484849,Bantu subset,R,0.8549606635006632
5.05050505050505,Bantu subset,T,1
5.05050505050505,Bantu subset,R,0.7798208552084052
5.252525252525253,Bantu subset,T,1
5.252525252525253,Bantu subset,R,0.720587008817716
5.454545454545454,Bantu subset,T,1
5.454545454545454,Bantu subset,R,0.6738920725651674
5.656565656565657,Bantu subset,T,1
5.656565656565657,Bantu subset,R,0.6370817486627113
5.858585858585858,Bantu subset,T,1
5.858585858585858,Bantu subset,R,0.6080636140522423
6.0606060606060606,Bantu subset,T,1
6.0606060606060606,Bantu subset,R,0.5851881800163272
6.262626262626262,Bantu subset,T,1
6.262626262626262,Bantu subset,R,0.5671551296719156
6.4646464646464645,Bantu subset,T,1
6.4646464646464645,Bantu subset,R,0.5529394035696905
6.666666666666667,Bantu subset,T,1
6.666666666666667,Bantu subset,R,0.5417329318550421
6.8686868686868685,Bantu subset,T,1
6.8686868686868685,Bantu subset,R,0.5328987008500173
7.070707070707071,Bantu subset,T,1
7.070707070707071,Bantu subset,R,0.5259345430457257
7.2727272727272725,Bantu subset,T,1
7.2727272727272725,Bantu subset,R,0.5204445922061463
7.474747474747475,Bantu subset,T,1
7.474747474747475,Bantu subset,R,0.516116780995087
7.6767676767676765,Bantu subset,T,1
7.6767676767676765,Bantu subset,R,0.5127051020154614
7.878787878787879,Bantu subset,T,1
7.878787878787879,Bantu subset,R,0.5100156239184791
8.080808080808081,Bantu subset,T,1
8.080808080808081,Bantu subset,R,0.5078954676911949
8.282828282828282,Bantu subset,T,1
8.282828282828282,Bantu subset,R,0.5062241164973942
8.484848484848484,Bantu subset,T,1
8.484848484848484,Bantu subset,R,0.504906565093837
8.686868686868687,Bantu subset,T,1
8.686868686868687,Bantu subset,R,0.5038679194115565
8.88888888888889,Bantu subset,T,1
8.88888888888889,Bantu subset,R,0.5030491393241857
9.09090909090909,Bantu subset,T,1
9.09090909090909,Bantu subset,R,0.5024036826078945
9.292929292929292,Bantu subset,T,1
9.292929292929292,Bantu subset,R,0.5018948593242906
9.494949494949495,Bantu subset,T,1
9.494949494949495,Bantu subset,R,0.5014937462404806
9.696969696969697,Bantu subset,T,1
9.696969696969697,Bantu subset,R,0.5011775427348862
9.8989898989899,Bantu subset,T,1
9.8989898989899,Bantu subset,R,0.5009282747329542
10.1010101010101,Bantu subset,T,1
10.1010101010101,Bantu subset,R,0.5007317730000894
10.303030303030303,Bantu subset,T,1
10.303030303030303,Bantu subset,R,0.5005768677145349
10.505050505050505,Bantu subset,T,1
10.505050505050505,Bantu subset,R,0.5004547535370014
10.707070707070708,Bantu subset,T,1
10.707070707070708,Bantu subset,R,0.5003584890854604
10.909090909090908,Bantu subset,T,1
10.909090909090908,Bantu subset,R,0.5002826023635608
11.11111111111111,Bantu subset,T,0.8597069158865879
11.11111111111111,Bantu subset,R,0.5002227797138862
11.313131313131313,Bantu subset,T,0.6777199536971102
11.313131313131313,Bantu subset,R,0.5001756206151068
11.515151515151516,Bantu subset,T,0.5342568812134628
11.515151515151516,Bantu subset,R,0.50013844438487
11.717171717171716,Bantu subset,T,0.42116277315851774
11.717171717171716,Bantu subset,R,0.5001091378007666
11.919191919191919,Bantu subset,T,0.33200897869895823
11.919191919191919,Bantu subset,R,0.5000860349776364
12.121212121212121,Bantu subset,T,0.2617276952330186
12.121212121212121,Bantu subset,R,0.5000678226730326
12.323232323232324,Bantu subset,T,0.2063238973850158
12.323232323232324,Bantu subset,R,0.5000534656380888
12.525252525252524,Bantu subset,T,0.16264824627841776
12.525252525252524,Bantu subset,R,0.500042147770479
12.727272727272727,Bantu subset,T,0.12821807048399617
12.727272727272727,Bantu subset,R,0.5000332257244063
12.929292929292929,Bantu subset,T,0.10107624259592438
12.929292929292929,Bantu subset,R,0.5000261923406571
13.131313131313131,Bantu subset,T,0.07967992950405037
13.131313131313131,Bantu subset,R,0.5000206478179591
13.333333333333334,Bantu subset,T,0.06281289255232392
13.333333333333334,Bantu subset,R,0.5000162769869273
13.535353535353535,Bantu subset,T,0.0495163524283646
13.535353535353535,Bantu subset,R,0.5000128313947728
13.737373737373737,Bantu subset,T,0.03903448891113503
13.737373737373737,Bantu subset,R,0.5000101151824077
13.93939393939394,Bantu subset,T,0.0307714774984253
13.93939393939394,Bantu subset,R,0.5000079739511527
14.141414141414142,Bantu subset,T,0.024257620731034824
14.141414141414142,Bantu subset,R,0.5000062859861961
14.343434343434343,Bantu subset,T,0.019122649003800445
14.343434343434343,Bantu subset,R,0.5000049553379123
14.545454545454545,Bantu subset,T,0.01507467319145238
14.545454545454545,Bantu subset,R,0.5000039063677615
14.747474747474747,Bantu subset,T,0.011883592685507649
14.747474747474747,Bantu subset,R,0.5000030794487395
14.94949494949495,Bantu subset,T,0.009368015699015261
14.94949494949495,Bantu subset,R,0.500002427575978
15.15151515151515,Bantu subset,T,0.007384948345126494
15.15151515151515,Bantu subset,R,0.500001913694829
15.353535353535353,Bantu subset,T,0.005821666381912551
15.353535353535353,Bantu subset,R,0.5000015085945535
15.555555555555555,Bantu subset,T,0.004589307585970715
15.555555555555555,Bantu subset,R,0.5000011892478844
15.757575757575758,Bantu subset,T,0.0036178205237052904
15.757575757575758,Bantu subset,R,0.5000009375020792
15.959595959595958,Bantu subset,T,0.0028519825913945053
15.959595959595958,Bantu subset,R,0.5000007390470566
16.161616161616163,Bantu subset,T,0.002248260975999669
16.161616161616163,Bantu subset,R,0.5000005826019632
16.363636363636363,Bantu subset,T,0.0017723381031338858
16.363636363636363,Bantu subset,R,0.5000004592739319
16.565656565656564,Bantu subset,T,0.0013971609103002526
16.565656565656564,Bantu subset,R,0.500000362052581
16.767676767676768,Bantu subset,T,0.001101403059506166
16.767676767676768,Bantu subset,R,0.500000285411521
16.96969696969697,Bantu subset,T,8.682526762281463e-4
16.96969696969697,Bantu subset,R,0.5000002249942151
17.171717171717173,Bantu subset,T,6.844567057180172e-4
17.171717171717173,Bantu subset,R,0.50000017736634
17.373737373737374,Bantu subset,T,5.395675646374415e-4
17.373737373737374,Bantu subset,R,0.5000001398205661
17.575757575757574,Bantu subset,T,4.2534926515676796e-4
17.575757575757574,Bantu subset,R,0.5000001102226652
17.77777777777778,Bantu subset,T,3.3530925360750766e-4
17.77777777777778,Bantu subset,R,0.5000000868901927
17.97979797979798,Bantu subset,T,2.6432935181723165e-4
17.97979797979798,Bantu subset,R,0.500000068496852
18.18181818181818,Bantu subset,T,2.0837482258662438e-4
18.18181818181818,Bantu subset,R,0.5000000539971036
18.383838383838384,Bantu subset,T,1.642650216084577e-4
18.383838383838384,Bantu subset,R,0.5000000425667327
18.585858585858585,Bantu subset,T,1.2949259890939973e-4
18.585858585858585,Bantu subset,R,0.5000000335559986
18.78787878787879,Bantu subset,T,1.0208097261436237e-4
18.78787878787879,Bantu subset,R,0.5000000264527008
18.98989898989899,Bantu subset,T,8.047197336108003e-5
18.98989898989899,Bantu subset,R,0.5000000208530638
19.19191919191919,Bantu subset,T,6.343727269419909e-5
19.19191919191919,Bantu subset,R,0.5000000164387853
19.393939393939394,Bantu subset,T,5.000856072984671e-5
19.393939393939394,Bantu subset,R,0.5000000129589429
19.595959595959595,Bantu subset,T,3.9422504153452556e-5
19.595959595959595,Bantu subset,R,0.5000000102157306
19.7979797979798,Bantu subset,T,3.107735577763632e-5
19.7979797979798,Bantu subset,R,0.5000000080532148
20,Bantu subset,T,2.449874920097398e-5
20,Bantu subset,R,0.5000000063484709
0,Bantu subset 2,T,1
0,Bantu subset 2,R,1
0.20202020202020202,Bantu subset 2,T,1
0.20202020202020202,Bantu subset 2,R,1
0.40404040404040403,Bantu subset 2,T,1
0.40404040404040403,Bantu subset 2,R,1
0.6060606060606061,Bantu subset 2,T,1
0.6060606060606061,Bantu subset 2,R,1
0.8080808080808081,Bantu subset 2,T,1
0.8080808080808081,Bantu subset 2,R,1
1.0101010101010102,Bantu subset 2,T,1
1.0101010101010102,Bantu subset 2,R,1
1.2121212121212122,Bantu subset 2,T,1
1.2121212121212122,Bantu subset 2,R,1
1.4141414141414141,Bantu subset 2,T,1
1.4141414141414141,Bantu subset 2,R,1
1.6161616161616161,Bantu subset 2,T,1
1.6161616161616161,Bantu subset 2,R,1
1.8181818181818181,Bantu subset 2,T,1
1.8181818181818181,Bantu subset 2,R,1
2.0202020202020203,Bantu subset 2,T,1
2.0202020202020203,Bantu subset 2,R,1
2.2222222222222223,Bantu subset 2,T,1
2.2222222222222223,Bantu subset 2,R,1
2.4242424242424243,Bantu subset 2,T,1
2.4242424242424243,Bantu subset 2,R,1
2.6262626262626263,Bantu subset 2,T,1
2.6262626262626263,Bantu subset 2,R,1
2.8282828282828283,Bantu subset 2,T,1
2.8282828282828283,Bantu subset 2,R,1
3.0303030303030303,Bantu subset 2,T,1
3.0303030303030303,Bantu subset 2,R,1
3.2323232323232323,Bantu subset 2,T,1
3.2323232323232323,Bantu subset 2,R,1
3.4343434343434343,Bantu subset 2,T,1
3.4343434343434343,Bantu subset 2,R,1
3.6363636363636362,Bantu subset 2,T,1
3.6363636363636362,Bantu subset 2,R,1
3.8383838383838382,Bantu subset 2,T,1
3.8383838383838382,Bantu subset 2,R,1
4.040404040404041,Bantu subset 2,T,1
4.040404040404041,Bantu subset 2,R,1
4.242424242424242,Bantu subset 2,T,1
4.242424242424242,Bantu subset 2,R,1
4.444444444444445,Bantu subset 2,T,1
4.444444444444445,Bantu subset 2,R,1
4.646464646464646,Bantu subset 2,T,1
4.646464646464646,Bantu subset 2,R,1
4.848484848484849,Bantu subset 2,T,1
4.848484848484849,Bantu subset 2,R,1
5.05050505050505,Bantu subset 2,T,1
5.05050505050505,Bantu subset 2,R,1
5.252525252525253,Bantu subset 2,T,1
5.252525252525253,Bantu subset 2,R,0.9416223340704135
5.454545454545454,Bantu subset 2,T,1
5.454545454545454,Bantu subset 2,R,0.8575575254803312
5.656565656565657,Bantu subset 2,T,1
5.656565656565657,Bantu subset 2,R,0.7894948334004166
5.858585858585858,Bantu subset 2,T,1
5.858585858585858,Bantu subset 2,R,0.7343881825811137
6.0606060606060606,Bantu subset 2,T,1
6.0606060606060606,Bantu subset 2,R,0.6897713319729262
6.262626262626262,Bantu subset 2,T,1
6.262626262626262,Bantu subset 2,R,0.6536475006640563
6.4646464646464645,Bantu subset 2,T,1
6.4646464646464645,Bantu subset 2,R,0.6244000040199914
6.666666666666667,Bantu subset 2,T,1
6.666666666666667,Bantu subset 2,R,0.6007199006380852
6.8686868686868685,Bantu subset 2,T,1
6.8686868686868685,Bantu subset 2,R,0.5815474120315585
7.070707070707071,Bantu subset 2,T,1
7.070707070707071,Bantu subset 2,R,0.566024493341589
7.2727272727272725,Bantu subset 2,T,1
7.2727272727272725,Bantu subset 2,R,0.5534564324288614
7.474747474747475,Bantu subset 2,T,1
7.474747474747475,Bantu subset 2,R,0.5432807587517136
7.6767676767676765,Bantu subset 2,T,1
7.6767676767676765,Bantu subset 2,R,0.5350420705799414
7.878787878787879,Bantu subset 2,T,1
7.878787878787879,Bantu subset 2,R,0.5283716539623043
8.080808080808081,Bantu subset 2,T,1
8.080808080808081,Bantu subset 2,R,0.5229709813157418
8.282828282828282,Bantu subset 2,T,1
8.282828282828282,Bantu subset 2,R,0.5185983511327622
8.484848484848484,Bantu subset 2,T,1
8.484848484848484,Bantu subset 2,R,0.5150580708809542
8.686868686868687,Bantu subset 2,T,1
8.686868686868687,Bantu subset 2,R,0.5121916989864986
8.88888888888889,Bantu subset 2,T,1
8.88888888888889,Bantu subset 2,R,0.509870953945727
9.09090909090909,Bantu subset 2,T,1
9.09090909090909,Bantu subset 2,R,0.5079919732193656
9.292929292929292,Bantu subset 2,T,1
9.292929292929292,Bantu subset 2,R,0.5064706649722245
9.494949494949495,Bantu subset 2,T,1
9.494949494949495,Bantu subset 2,R,0.5052389446302594
9.696969696969697,Bantu subset 2,T,1
9.696969696969697,Bantu subset 2,R,0.5042416878260177
9.8989898989899,Bantu subset 2,T,1
9.8989898989899,Bantu subset 2,R,0.5034342633646992
10.1010101010101,Bantu subset 2,T,1
10.1010101010101,Bantu subset 2,R,0.5027805358012845
10.303030303030303,Bantu subset 2,T,1
10.303030303030303,Bantu subset 2,R,0.5022512482361415
10.505050505050505,Bantu subset 2,T,1
10.505050505050505,Bantu subset 2,R,0.5018227129528019
10.707070707070708,Bantu subset 2,T,1
10.707070707070708,Bantu subset 2,R,0.5014757512987577
10.909090909090908,Bantu subset 2,T,1
10.909090909090908,Bantu subset 2,R,0.5011948353647441
11.11111111111111,Bantu subset 2,T,1
11.11111111111111,Bantu subset 2,R,0.5009673930492523
11.313131313131313,Bantu subset 2,T,1
11.313131313131313,Bantu subset 2,R,0.5007832454071546
11.515151515151516,Bantu subset 2,T,1
11.515151515151516,Bantu subset 2,R,0.500634151101564
11.717171717171716,Bantu subset 2,T,1
11.717171717171716,Bantu subset 2,R,0.5005134375713428
11.919191919191919,Bantu subset 2,T,1
11.919191919191919,Bantu subset 2,R,0.5004157024075433
12.121212121212121,Bantu subset 2,T,1
12.121212121212121,Bantu subset 2,R,0.5003365715741942
12.323232323232324,Bantu subset 2,T,1
12.323232323232324,Bantu subset 2,R,0.5002725036528536
12.525252525252524,Bantu subset 2,T,0.8514163800218769
12.525252525252524,Bantu subset 2,R,0.5002206313500963
12.727272727272727,Bantu subset 2,T,0.6893454214331103
12.727272727272727,Bantu subset 2,R,0.5001786331747688
12.929292929292929,Bantu subset 2,T,0.5581254028006631
12.929292929292929,Bantu subset 2,R,0.5001446295420577
13.131313131313131,Bantu subset 2,T,0.45188370817608864
13.131313131313131,Bantu subset 2,R,0.5001170986546194
13.333333333333334,Bantu subset 2,T,0.36586560061646806
13.333333333333334,Bantu subset 2,R,0.5000948083961172
13.535353535353535,Bantu subset 2,T,0.2962214288599396
13.535353535353535,Bantu subset 2,R,0.5000767611891319
13.737373737373737,Bantu subset 2,T,0.23983434017293198
13.737373737373737,Bantu subset 2,R,0.5000621493496172
13.93939393939394,Bantu subset 2,T,0.19418078883611997
13.93939393939394,Bantu subset 2,R,0.5000503189398383
14.141414141414142,Bantu subset 2,T,0.15721759747094569
14.141414141414142,Bantu subset 2,R,0.5000407405020656
14.343434343434343,Bantu subset 2,T,0.12729051675341935
14.343434343434343,Bantu subset 2,R,0.5000329853632427
14.545454545454545,Bantu subset 2,T,0.10306019119995037
14.545454545454545,Bantu subset 2,R,0.5000267064501684
14.747474747474747,Bantu subset 2,T,0.08344221770067575
14.747474747474747,Bantu subset 2,R,0.5000216227565951
14.94949494949495,Bantu subset 2,T,0.06755861418206188
14.94949494949495,Bantu subset 2,R,0.5000175067670852
15.15151515151515,Bantu subset 2,T,0.05469852642907082
15.15151515151515,Bantu subset 2,R,0.5000141742747938
15.353535353535353,Bantu subset 2,T,0.04428641454143636
15.353535353535353,Bantu subset 2,R,0.5000114761374815
15.555555555555555,Bantu subset 2,T,0.03585629524186921
15.555555555555555,Bantu subset 2,R,0.5000092916028095
15.757575757575758,Bantu subset 2,T,0.029030887277387365
15.757575757575758,Bantu subset 2,R,0.5000075229041921
15.959595959595958,Bantu subset 2,T,0.023504726587822447
15.959595959595958,Bantu subset 2,R,0.5000060908853557
16.161616161616163,Bantu subset 2,T,0.019030495578363366
16.161616161616163,Bantu subset 2,R,0.5000049314577814
16.363636363636363,Bantu subset 2,T,0.015407954676900659
16.363636363636363,Bantu subset 2,R,0.5000039927324895
16.565656565656564,Bantu subset 2,T,0.012474980819487466
16.565656565656564,Bantu subset 2,R,0.5000032326978024
16.767676767676768,Bantu subset 2,T,0.010100311800624012
16.767676767676768,Bantu subset 2,R,0.5000026173391554
16.96969696969697,Bantu subset 2,T,0.008177671769279431
16.96969696969697,Bantu subset 2,R,0.5000021191168099
17.171717171717173,Bantu subset 2,T,0.006621014963314097
17.171717171717173,Bantu subset 2,R,0.5000017157333411
17.373737373737374,Bantu subset 2,T,0.005360674820565959
17.373737373737374,Bantu subset 2,R,0.50000138913574
17.575757575757574,Bantu subset 2,T,0.004340246124057374
17.575757575757574,Bantu subset 2,R,0.5000011247074693
17.77777777777778,Bantu subset 2,T,0.003514060644963011
17.77777777777778,Bantu subset 2,R,0.5000009106143158
17.97979797979798,Bantu subset 2,T,0.0028451433083555478
17.97979797979798,Bantu subset 2,R,0.5000007372747625
18.18181818181818,Bantu subset 2,T,0.0023035574120450417
18.18181818181818,Bantu subset 2,R,0.500000596931177
18.383838383838384,Bantu subset 2,T,0.001865064840496432
18.383838383838384,Bantu subset 2,R,0.5000004833026278
18.585858585858585,Bantu subset 2,T,0.0015100413130870903
18.585858585858585,Bantu subset 2,R,0.5000003913037867
18.78787878787879,Bantu subset 2,T,0.001222598119764479
18.78787878787879,Bantu subset 2,R,0.5000003168173413
18.98989898989899,Bantu subset 2,T,9.898710382935307e-4
18.98989898989899,Bantu subset 2,R,0.5000002565097275
19.19191919191919,Bantu subset 2,T,8.014446093218838e-4
19.19191919191919,Bantu subset 2,R,0.5000002076819408
19.393939393939394,Bantu subset 2,T,6.48886003290296e-4
19.393939393939394,Bantu subset 2,R,0.500000168148744
19.595959595959595,Bantu subset 2,T,5.253676178848058e-4
19.595959595959595,Bantu subset 2,R,0.5000001361408701
19.7979797979798,Bantu subset 2,T,4.2536151577070265e-4
19.7979797979798,Bantu subset 2,R,0.5000001102258398
20,Bantu subset 2,T,3.443920274858324e-4
20,Bantu subset 2,R,0.5000000892438526
0,Indo-European,T,1
0,Indo-European,R,1
0.20202020202020202,Indo-European,T,1
0.20202020202020202,Indo-European,R,1
0.40404040404040403,Indo-European,T,1
0.40404040404040403,Indo-European,R,1
0.6060606060606061,Indo-European,T,1
0.6060606060606061,Indo-European,R,1
0.8080808080808081,Indo-European,T,1
0.8080808080808081,Indo-European,R,1
1.0101010101010102,Indo-European,T,1
1.0101010101010102,Indo-European,R,1
1.2121212121212122,Indo-European,T,1
1.2121212121212122,Indo-European,R,1
1.4141414141414141,Indo-European,T,1
1.4141414141414141,Indo-European,R,1
1.6161616161616161,Indo-European,T,1
1.6161616161616161,Indo-European,R,1
1.8181818181818181,Indo-European,T,1
1.8181818181818181,Indo-European,R,1
2.0202020202020203,Indo-European,T,1
2.0202020202020203,Indo-European,R,1
2.2222222222222223,Indo-European,T,1
2.2222222222222223,Indo-European,R,1
2.4242424242424243,Indo-European,T,1
2.4242424242424243,Indo-European,R,1
2.6262626262626263,Indo-European,T,1
2.6262626262626263,Indo-European,R,1
2.8282828282828283,Indo-European,T,1
2.8282828282828283,Indo-European,R,1
3.0303030303030303,Indo-European,T,1
3.0303030303030303,Indo-European,R,1
3.2323232323232323,Indo-European,T,1
3.2323232323232323,Indo-European,R,1
3.4343434343434343,Indo-European,T,1
3.4343434343434343,Indo-European,R,1
3.6363636363636362,Indo-European,T,1
3.6363636363636362,Indo-European,R,1
3.8383838383838382,Indo-European,T,1
3.8383838383838382,Indo-European,R,1
4.040404040404041,Indo-European,T,1
4.040404040404041,Indo-European,R,1
4.242424242424242,Indo-European,T,1
4.242424242424242,Indo-European,R,1
4.444444444444445,Indo-European,T,1
4.444444444444445,Indo-European,R,1
4.646464646464646,Indo-European,T,1
4.646464646464646,Indo-European,R,1
4.848484848484849,Indo-European,T,1
4.848484848484849,Indo-European,R,1
5.05050505050505,Indo-European,T,1
5.05050505050505,Indo-European,R,1
5.252525252525253,Indo-European,T,1
5.252525252525253,Indo-European,R,1
5.454545454545454,Indo-European,T,1
5.454545454545454,Indo-European,R,1
5.656565656565657,Indo-European,T,1
5.656565656565657,Indo-European,R,1
5.858585858585858,Indo-European,T,1
5.858585858585858,Indo-European,R,0.9378070674577094
6.0606060606060606,Indo-European,T,1
6.0606060606060606,Indo-European,R,0.8571213086075324
6.262626262626262,Indo-European,T,1
6.262626262626262,Indo-European,R,0.7913055511007161
6.4646464646464645,Indo-European,T,1
6.4646464646464645,Indo-European,R,0.7376193244613967
6.666666666666667,Indo-European,T,1
6.666666666666667,Indo-European,R,0.6938272138795221
6.8686868686868685,Indo-European,T,1
6.8686868686868685,Indo-European,R,0.6581057808553841
7.070707070707071,Indo-European,T,1
7.070707070707071,Indo-European,R,0.6289676379263671
7.2727272727272725,Indo-European,T,1
7.2727272727272725,Indo-European,R,0.6051995160602007
7.474747474747475,Indo-European,T,1
7.474747474747475,Indo-European,R,0.585811745932875
7.6767676767676765,Indo-European,T,1
7.6767676767676765,Indo-European,R,0.5699970495666007
7.878787878787879,Indo-European,T,1
7.878787878787879,Indo-European,R,0.5570969264727674
8.080808080808081,Indo-European,T,1
8.080808080808081,Indo-European,R,0.5465742346687731
8.282828282828282,Indo-European,T,1
8.282828282828282,Indo-European,R,0.5379908248829566
8.484848484848484,Indo-European,T,1
8.484848484848484,Indo-European,R,0.5309892966691123
8.686868686868687,Indo-European,T,1
8.686868686868687,Indo-European,R,0.525278116782273
8.88888888888889,Indo-European,T,1
8.88888888888889,Indo-European,R,0.5206194801670061
9.09090909090909,Indo-European,T,1
9.09090909090909,Indo-European,R,0.5168194081077954
9.292929292929292,Indo-European,T,1
9.292929292929292,Indo-European,R,0.5137196712431789
9.494949494949495,Indo-European,T,1
9.494949494949495,Indo-European,R,0.5111912011299417
9.696969696969697,Indo-European,T,1
9.696969696969697,Indo-European,R,0.5091287160246697
9.8989898989899,Indo-European,T,1
9.8989898989899,Indo-European,R,0.5074463371081864
10.1010101010101,Indo-European,T,1
10.1010101010101,Indo-European,R,0.5060740126189608
10.303030303030303,Indo-European,T,1
10.303030303030303,Indo-European,R,0.5049546010017106
10.505050505050505,Indo-European,T,1
10.505050505050505,Indo-European,R,0.5040414916178346
10.707070707070708,Indo-European,T,1
10.707070707070708,Indo-European,R,0.503296663947589
10.909090909090908,Indo-European,T,1
10.909090909090908,Indo-European,R,0.502689104472065
11.11111111111111,Indo-European,T,1
11.11111111111111,Indo-European,R,0.5021935153162849
11.313131313131313,Indo-European,T,1
11.313131313131313,Indo-European,R,0.5017892608832268
11.515151515151516,Indo-European,T,1
11.515151515151516,Indo-European,R,0.5014595086181882
11.717171717171716,Indo-European,T,1
11.717171717171716,Indo-European,R,0.5011905281261858
11.919191919191919,Indo-European,T,1
11.919191919191919,Indo-European,R,0.500971119458684
12.121212121212121,Indo-European,T,1
12.121212121212121,Indo-European,R,0.5007921467643575
12.323232323232324,Indo-European,T,1
12.323232323232324,Indo-European,R,0.5006461578857996
12.525252525252524,Indo-European,T,1
12.525252525252524,Indo-European,R,0.5005270740627459
12.727272727272727,Indo-European,T,1
12.727272727272727,Indo-European,R,0.500429936821518
12.929292929292929,Indo-European,T,1
12.929292929292929,Indo-European,R,0.5003507015115372
13.131313131313131,Indo-European,T,1
13.131313131313131,Indo-European,R,0.5002860688920763
13.333333333333334,Indo-European,T,1
13.333333333333334,Indo-European,R,0.5002333477567721
13.535353535353535,Indo-European,T,0.949810950169023
13.535353535353535,Indo-European,R,0.5001903428757853
13.737373737373737,Indo-European,T,0.7747653125469245
13.737373737373737,Indo-European,R,0.5001552635896888
13.93939393939394,Indo-European,T,0.6319797528330406
13.93939393939394,Indo-European,R,0.5001266492490647
14.141414141414142,Indo-European,T,0.515508892206271
14.141414141414142,Indo-European,R,0.5001033083952318
14.343434343434343,Indo-European,T,0.42050305686603967
14.343434343434343,Indo-European,R,0.5000842691496725
14.545454545454545,Indo-European,T,0.343006344811858
14.545454545454545,Indo-European,R,0.5000687387464553
14.747474747474747,Indo-European,T,0.2797919079543635
14.747474747474747,Indo-European,R,0.5000560705226361
14.94949494949495,Indo-European,T,0.22822759094932252
14.94949494949495,Indo-European,R,0.5000457369921743
15.15151515151515,Indo-European,T,0.18616633215506456
15.15151515151515,Indo-European,R,0.5000373078821954
15.353535353535353,Indo-European,T,0.15185676317183552
15.353535353535353,Indo-European,R,0.5000304322170686
15.555555555555555,Indo-European,T,0.12387028446055978
15.555555555555555,Indo-European,R,0.5000248237043007
15.757575757575758,Indo-European,T,0.10104158057799172
15.757575757575758,Indo-European,R,0.5000202488137431
15.959595959595958,Indo-European,T,0.08242009817091733
15.959595959595958,Indo-European,R,0.5000165170537416
16.161616161616163,Indo-European,T,0.06723046634509265
16.161616161616163,Indo-European,R,0.5000134730393477
16.363636363636363,Indo-European,T,0.054840211371812594
16.363636363636363,Indo-European,R,0.500010990022319
16.565656565656564,Indo-European,T,0.044733421420400515
16.565656565656564,Indo-European,R,0.5000089646135111
16.767676767676768,Indo-European,T,0.03648926475516232
16.767676767676768,Indo-European,R,0.5000073124779069
16.96969696969697,Indo-European,T,0.029764466926402597
16.96969696969697,Indo-European,R,0.5000059648230314
17.171717171717173,Indo-European,T,0.024279017331736586
17.171717171717173,Indo-European,R,0.5000048655345354
17.373737373737374,Indo-European,T,0.019804509990127766
17.373737373737374,Indo-European,R,0.5000039688396773
17.575757575757574,Indo-European,T,0.016154633055777655
17.575757575757574,Indo-European,R,0.500003237401414
17.77777777777778,Indo-European,T,0.013177411069342927
17.77777777777778,Indo-European,R,0.5000026407637413
17.97979797979798,Indo-European,T,0.010748876925331306
17.97979797979798,Indo-European,R,0.5000021540835522
18.18181818181818,Indo-European,T,0.008767910065788127
18.18181818181818,Indo-European,R,0.5000017570962055
18.383838383838384,Indo-European,T,0.007152025970320522
18.383838383838384,Indo-European,R,0.5000014332717375
18.585858585858585,Indo-European,T,0.005833941623070391
18.585858585858585,Indo-European,R,0.5000011691265778
18.78787878787879,Indo-European,T,0.00475877394777803
18.78787878787879,Indo-European,R,0.5000009536621138
18.98989898989899,Indo-European,T,0.0038817545579299907
18.98989898989899,Indo-European,R,0.500000777906725
19.19191919191919,Indo-European,T,0.003166365667578269
19.19191919191919,Indo-European,R,0.500000634542218
19.393939393939394,Indo-European,T,0.0025828195449237273
19.393939393939394,Indo-European,R,0.5000005175991072
19.595959595959595,Indo-European,T,0.002106818195367232
19.595959595959595,Indo-European,R,0.5000004222080552
19.7979797979798,Indo-European,T,0.0017185416290713092
19.7979797979798,Indo-European,R,0.50000034439712
20,Indo-European,T,0.001401822585995032
20,Indo-European,R,0.5000002809263699
0,Sino-tibetan,T,1
0,Sino-tibetan,R,1
0.20202020202020202,Sino-tibetan,T,1
0.20202020202020202,Sino-tibetan,R,1
0.40404040404040403,Sino-tibetan,T,1
0.40404040404040403,Sino-tibetan,R,1
0.6060606060606061,Sino-tibetan,T,1
0.6060606060606061,Sino-tibetan,R,1
0.8080808080808081,Sino-tibetan,T,1
0.8080808080808081,Sino-tibetan,R,1
1.0101010101010102,Sino-tibetan,T,1
1.0101010101010102,Sino-tibetan,R,1
1.2121212121212122,Sino-tibetan,T,1
1.2121212121212122,Sino-tibetan,R,1
1.4141414141414141,Sino-tibetan,T,1
1.4141414141414141,Sino-tibetan,R,1
1.6161616161616161,Sino-tibetan,T,1
1.6161616161616161,Sino-tibetan,R,1
1.8181818181818181,Sino-tibetan,T,1
1.8181818181818181,Sino-tibetan,R,1
2.0202020202020203,Sino-tibetan,T,1
2.0202020202020203,Sino-tibetan,R,1
2.2222222222222223,Sino-tibetan,T,1
2.2222222222222223,Sino-tibetan,R,1
2.4242424242424243,Sino-tibetan,T,1
2.4242424242424243,Sino-tibetan,R,1
2.6262626262626263,Sino-tibetan,T,1
2.6262626262626263,Sino-tibetan,R,1
2.8282828282828283,Sino-tibetan,T,1
2.8282828282828283,Sino-tibetan,R,1
3.0303030303030303,Sino-tibetan,T,1
3.0303030303030303,Sino-tibetan,R,1
3.2323232323232323,Sino-tibetan,T,1
3.2323232323232323,Sino-tibetan,R,1
3.4343434343434343,Sino-tibetan,T,1
3.4343434343434343,Sino-tibetan,R,1
3.6363636363636362,Sino-tibetan,T,1
3.6363636363636362,Sino-tibetan,R,1
3.8383838383838382,Sino-tibetan,T,1
3.8383838383838382,Sino-tibetan,R,1
4.040404040404041,Sino-tibetan,T,1
4.040404040404041,Sino-tibetan,R,0.9921334999551947
4.242424242424242,Sino-tibetan,T,1
4.242424242424242,Sino-tibetan,R,0.8922375645872893
4.444444444444445,Sino-tibetan,T,1
4.444444444444445,Sino-tibetan,R,0.8126190496834185
4.646464646464646,Sino-tibetan,T,1
4.646464646464646,Sino-tibetan,R,0.7491619341145859
4.848484848484849,Sino-tibetan,T,1
4.848484848484849,Sino-tibetan,R,0.698585689114562
5.05050505050505,Sino-tibetan,T,1
5.05050505050505,Sino-tibetan,R,0.6582756854944357
5.252525252525253,Sino-tibetan,T,1
5.252525252525253,Sino-tibetan,R,0.6261480257234535
5.454545454545454,Sino-tibetan,T,1
5.454545454545454,Sino-tibetan,R,0.6005418131295002
5.656565656565657,Sino-tibetan,T,1
5.656565656565657,Sino-tibetan,R,0.5801332888833941
5.858585858585858,Sino-tibetan,T,1
5.858585858585858,Sino-tibetan,R,0.5638673979252657
6.0606060606060606,Sino-tibetan,T,1
6.0606060606060606,Sino-tibetan,R,0.5509032460115278
6.262626262626262,Sino-tibetan,T,1
6.262626262626262,Sino-tibetan,R,0.5405706281872035
6.4646464646464645,Sino-tibetan,T,1
6.4646464646464645,Sino-tibetan,R,0.5323353813454558
6.666666666666667,Sino-tibetan,T,1
6.666666666666667,Sino-tibetan,R,0.5257717697130911
6.8686868686868685,Sino-tibetan,T,1
6.8686868686868685,Sino-tibetan,R,0.5205404756804559
7.070707070707071,Sino-tibetan,T,1
7.070707070707071,Sino-tibetan,R,0.5163710581724267
7.2727272727272725,Sino-tibetan,T,1
7.2727272727272725,Sino-tibetan,R,0.5130479717146955
7.474747474747475,Sino-tibetan,T,1
7.474747474747475,Sino-tibetan,R,0.5103994234260458
7.6767676767676765,Sino-tibetan,T,1
7.6767676767676765,Sino-tibetan,R,0.508288491878963
7.878787878787879,Sino-tibetan,T,1
7.878787878787879,Sino-tibetan,R,0.5066060487022361
8.080808080808081,Sino-tibetan,T,1
8.080808080808081,Sino-tibetan,R,0.5052651169951772
8.282828282828282,Sino-tibetan,T,1
8.282828282828282,Sino-tibetan,R,0.5041963749016141
8.484848484848484,Sino-tibetan,T,1
8.484848484848484,Sino-tibetan,R,0.5033445718928993
8.686868686868687,Sino-tibetan,T,1
8.686868686868687,Sino-tibetan,R,0.5026656724932916
8.88888888888889,Sino-tibetan,T,1
8.88888888888889,Sino-tibetan,R,0.5021245797874992
9.09090909090909,Sino-tibetan,T,1
9.09090909090909,Sino-tibetan,R,0.5016933210230475
9.292929292929292,Sino-tibetan,T,1
9.292929292929292,Sino-tibetan,R,0.5013496015089505
9.494949494949495,Sino-tibetan,T,1
9.494949494949495,Sino-tibetan,R,0.501075652051897
9.696969696969697,Sino-tibetan,T,1
9.696969696969697,Sino-tibetan,R,0.500857310346111
9.8989898989899,Sino-tibetan,T,1
9.8989898989899,Sino-tibetan,R,0.5006832888276955
10.1010101010101,Sino-tibetan,T,1
10.1010101010101,Sino-tibetan,R,0.5005445911438855
10.303030303030303,Sino-tibetan,T,1
10.303030303030303,Sino-tibetan,R,0.5004340470705467
10.505050505050505,Sino-tibetan,T,1
10.505050505050505,Sino-tibetan,R,0.5003459418346505
10.707070707070708,Sino-tibetan,T,1
10.707070707070708,Sino-tibetan,R,0.50027572067889
10.909090909090908,Sino-tibetan,T,0.8317666015040293
10.909090909090908,Sino-tibetan,R,0.5002197533953775
11.11111111111111,Sino-tibetan,T,0.6629300913445016
11.11111111111111,Sino-tibetan,R,0.5001751466555732
11.313131313131313,Sino-tibetan,T,0.528364934604674
11.313131313131313,Sino-tibetan,R,0.5001395944345058
11.515151515151516,Sino-tibetan,T,0.4211145455075253
11.515151515151516,Sino-tibetan,R,0.5001112587966995
11.717171717171716,Sino-tibetan,T,0.3356344239056948
11.717171717171716,Sino-tibetan,R,0.5000886748808205
11.919191919191919,Sino-tibetan,T,0.2675055224576521
11.919191919191919,Sino-tibetan,R,0.5000706751710589
12.121212121212121,Sino-tibetan,T,0.2132057960939308
12.121212121212121,Sino-tibetan,R,0.5000563291403154
12.323232323232324,Sino-tibetan,T,0.1699281236156268
12.323232323232324,Sino-tibetan,R,0.5000448951449447
12.525252525252524,Sino-tibetan,T,0.13543518855747388
12.525252525252524,Sino-tibetan,R,0.5000357820841631
12.727272727272727,Sino-tibetan,T,0.10794381712287453
12.727272727272727,Sino-tibetan,R,0.5000285188420404
12.929292929292929,Sino-tibetan,T,0.08603279383416639
12.929292929292929,Sino-tibetan,R,0.5000227299323208
13.131313131313131,Sino-tibetan,T,0.06856938926373832
13.131313131313131,Sino-tibetan,R,0.5000181160869918
13.333333333333334,Sino-tibetan,T,0.05465080156602865
13.333333333333334,Sino-tibetan,R,0.5000144387850901
13.535353535353535,Sino-tibetan,T,0.043557484525954676
13.535353535353535,Sino-tibetan,R,0.5000115079219355
13.737373737373737,Sino-tibetan,T,0.034715949334000656
13.737373737373737,Sino-tibetan,R,0.50000917198133
13.93939393939394,Sino-tibetan,T,0.027669117059382985
13.93939393939394,Sino-tibetan,R,0.5000073102026577
14.141414141414142,Sino-tibetan,T,0.02205268913951407
14.141414141414142,Sino-tibetan,R,0.5000058263379497
14.343434343434343,Sino-tibetan,T,0.017576314316077004
14.343434343434343,Sino-tibetan,R,0.5000046436761734
14.545454545454545,Sino-tibetan,T,0.014008578408879712
14.545454545454545,Sino-tibetan,R,0.5000037010775189
14.747474747474747,Sino-tibetan,T,0.011165040947078974
14.747474747474747,Sino-tibetan,R,0.5000029498126677
14.94949494949495,Sino-tibetan,T,0.00889870019008729
14.94949494949495,Sino-tibetan,R,0.5000023510436433
15.15151515151515,Sino-tibetan,T,0.00709239361041277
15.15151515151515,Sino-tibetan,R,0.5000018738160134
15.353535353535353,Sino-tibetan,T,0.005652740967839045
15.353535353535353,Sino-tibetan,R,0.5000014934586441
15.555555555555555,Sino-tibetan,T,0.004505316851362168
15.555555555555555,Sino-tibetan,R,0.500001190308283
15.757575757575758,Sino-tibetan,T,0.0035908031248294545
15.757575757575758,Sino-tibetan,R,0.5000009486930317
15.959595959595958,Sino-tibetan,T,0.0028619223700962473
15.959595959595958,Sino-tibetan,R,0.5000007561221586
16.161616161616163,Sino-tibetan,T,0.0022809937965747712
16.161616161616163,Sino-tibetan,R,0.5000006026403689
16.363636363636363,Sino-tibetan,T,0.0018179852655603832
16.363636363636363,Sino-tibetan,R,0.5000004803131481
16.565656565656564,Sino-tibetan,T,0.0014489607252582916
16.565656565656564,Sino-tibetan,R,0.5000003828165721
16.767676767676768,Sino-tibetan,T,0.001154842793895732
16.767676767676768,Sino-tibetan,R,0.5000003051103815
16.96969696969697,Sino-tibetan,T,9.204265204463504e-4
16.96969696969697,Sino-tibetan,R,0.5000002431774162
17.171717171717173,Sino-tibetan,T,7.335933375685591e-4
17.171717171717173,Sino-tibetan,R,0.5000001938159412
17.373737373737374,Sino-tibetan,T,5.846845706531855e-4
17.373737373737374,Sino-tibetan,R,0.5000001544741269
17.575757575757574,Sino-tibetan,T,4.660021154130933e-4
17.575757575757574,Sino-tibetan,R,0.5000001231181282
17.77777777777778,Sino-tibetan,T,3.7141047065236894e-4
17.77777777777778,Sino-tibetan,R,0.5000000981269407
17.97979797979798,Sino-tibetan,T,2.9601955258922054e-4
17.97979797979798,Sino-tibetan,R,0.5000000782086004
18.18181818181818,Sino-tibetan,T,2.359318932533261e-4
18.18181818181818,Sino-tibetan,R,0.5000000623333932
18.383838383838384,Sino-tibetan,T,1.880411539279032e-4
18.383838383838384,Sino-tibetan,R,0.500000049680622
18.585858585858585,Sino-tibetan,T,1.4987153742953806e-4
18.585858585858585,Sino-tibetan,R,0.500000039596179
18.78787878787879,Sino-tibetan,T,1.194497973571531e-4
18.78787878787879,Sino-tibetan,R,0.5000000315587312
18.98989898989899,Sino-tibetan,T,9.52032275999917e-5
18.98989898989899,Sino-tibetan,R,0.5000000251527682
19.19191919191919,Sino-tibetan,T,7.587835849026737e-5
19.19191919191919,Sino-tibetan,R,0.5000000200471224
19.393939393939394,Sino-tibetan,T,6.047615645310319e-5
19.393939393939394,Sino-tibetan,R,0.5000000159778485
19.595959595959595,Sino-tibetan,T,4.8200377184086596e-5
19.595959595959595,Sino-tibetan,R,0.5000000127345778
19.7979797979798,Sino-tibetan,T,3.8416402379834015e-5
19.7979797979798,Sino-tibetan,R,0.5000000101496439
20,Sino-tibetan,T,3.0618432012946376e-5
20,Sino-tibetan,R,0.500000008089414
