family,n_trees,N,k,pi0,pi1,mu,q,clock_rate,t_R,concept,n_cogsets,ub_DS,ub_DT,inf_t_DT
Bantu,57120,424,3859,0.9853209788324372,0.01467902116756328,1,34.56966555561924,1,6.170512598152728,NA,3859,9.702854230713988e-91,41573875180866776,7.277
Bantu_subset,1001,107,1936,0.958184694847792,0.04181530515220778,1,12.479164348176202,0.02985061419907401,5.1736722018949495,NA,1936,9.771995122482586e-27,67234281487042.74,7.725
Bantu_subset2,1001,52,1107,0.9096580720753016,0.09034192792469543,1,6.084185858786216,0.03748306169922522,5.5864244180162,NA,1107,9.012302381607634e-14,25833955.384027973,8.392
IE,10001,161,4990,0.9961437305805048,0.0038562694194942,1,130.16092609173333,0.00165344176091879,9.36333491900055,NA,4990,1.5e-322,2.102211025697117e-111,7.405
ST,100001,50,3784,0.9430549662360987,0.05694503376389233,1,9.310588725681098,0.01827502124064219,8.450482658082908,NA,3784,2.655991677544162e-24,3.946796431203244e-10,6.125
TEA,NA,98,3421,0.8225506436907878,0.1774493563092136,2.123501976204312,3.425570654016159,0.00293042570345236,14.67253575279156,1PL,6,4.3001361820653254e-43,2.35234265299812e-38,3.634
TEA,NA,98,3421,0.8253709865340538,0.174629013465955,1.4804318291218388,3.469000842469464,0.00293042570345236,14.67253575279156,1SG,6,1.8018948201326035e-30,7.098222264780897e-27,4.184
TEA,NA,98,3421,0.9700343831721748,0.02996561682782463,0.6669222247098253,17.20123599349177,0.00293042570345236,14.67253575279156,2PL,12,9.996817737465545e-68,1.9732788971459838e-60,3.182
TEA,NA,98,3421,0.9524057331031744,0.04759426689682639,1.3984560938985435,11.030453334229469,0.00293042570345236,14.67253575279156,2SG,10,6.739447346254688e-91,1.4519398742521398e-81,2.984
TEA,NA,98,3421,0.9763980719781165,0.02360192802188505,0.9096130120150484,21.696796197391045,0.00293042570345236,14.67253575279156,3SG,13,3.820408169601383e-116,2.1233059350303285e-104,2.859
TEA,NA,98,3421,0.9334621504415932,0.06653784955840533,0.8445629566734371,8.050160338535393,0.00293042570345236,14.67253575279156,above,10,2.689936666616812e-40,1.3638337170512258e-35,3.723
TEA,NA,98,3421,0.979704415429976,0.02029558457002451,0.6366233032382143,25.14625841291353,0.00293042570345236,14.67253575279156,ant,17,2.5851562632918205e-94,1.9393868010133993e-84,2.963
TEA,NA,98,3421,0.970119390576288,0.02988060942371426,0.30531769350192134,17.24866026474607,0.00293042570345236,14.67253575279156,arm,11,3.017955977363372e-31,2.5585979118536502e-27,4.136
TEA,NA,98,3421,0.9647472811033692,0.03525271889663221,0.1867113970480612,14.70157362135364,0.00293042570345236,14.67253575279156,ash,7,5.258039148329792e-16,1.2016168995500416e-13,6.09
TEA,NA,98,3421,0.9824039657453678,0.01759603425463029,1.0014638696344993,28.924449271336947,0.00293042570345236,14.67253575279156,ask,21,3.445531624093468e-170,2.4442774181279424e-153,2.717
TEA,NA,98,3421,0.97677570002797,0.02322429997203254,0.7267254950510161,22.04106245604426,0.00293042570345236,14.67253575279156,at,12,2.2862733852741554e-94,1.2243363630265419e-84,2.963
TEA,NA,98,3421,0.9655066979013892,0.03449330209861288,1.4459841417188146,15.013430620654416,0.00293042570345236,14.67253575279156,back,21,1.0603998491190894e-127,1.0663359907724675e-114,2.819
TEA,NA,98,3421,0.9747370426444296,0.02526295735557117,1.068855697269993,20.30478263208327,0.00293042570345236,14.67253575279156,bad,23,1.1544079386284685e-127,1.2616679483824819e-114,2.819
TEA,NA,98,3421,0.9689840227587572,0.0310159772412429,1.2889404464165275,16.63672809972669,0.00293042570345236,14.67253575279156,bark,16,3.799406943791397e-126,2.1038038334564297e-113,2.824
TEA,NA,98,3421,0.9682460271426572,0.0317539728573448,0.9791888940910908,16.26245887926652,0.00293042570345236,14.67253575279156,belly,13,8.101328276147521e-94,4.188118660978819e-84,2.966
TEA,NA,98,3421,0.9835389514005298,0.0164610485994721,0.983540795062264,30.883103941234925,0.00293042570345236,14.67253575279156,big,23,1.976859697226272e-178,8.544629560499069e-161,2.703
TEA,NA,98,3421,0.9765505952332504,0.02344940476675149,0.850089368333879,21.834509092887664,0.00293042570345236,14.67253575279156,bird,18,2.8853521868486923e-109,5.2635246772527855e-98,2.888
TEA,NA,98,3421,0.9691354813351916,0.03086451866480794,1.5300303684535563,16.715755182805438,0.00293042570345236,14.67253575279156,bite,18,2.4450114517798924e-150,2.3748586485707948e-135,2.757
TEA,NA,98,3421,0.9382083449960814,0.06179165500391868,0.2038548724090805,8.62463819657884,0.00293042570345236,14.67253575279156,bitter,6,7.505045810771866e-10,4.049438702336394e-8,8.6
TEA,NA,98,3421,0.9699837338760848,0.03001626612391674,0.2719486686923165,17.17310738984566,0.00293042570345236,14.67253575279156,black,10,1.0661449057539774e-27,3.951700160926257e-24,4.383
TEA,NA,98,3421,0.8861072826691125,0.1138927173308902,0.2571304457143314,4.954362087561847,0.00293042570345236,14.67253575279156,blood,6,8.392504116027876e-7,2.418420583452756e-5,11.31
TEA,NA,98,3421,0.9409065505051866,0.05909344949481389,1.6416255724397226,8.992577104304823,0.00293042570345236,14.67253575279156,blow,14,5.178091433978989e-87,6.905749095213651e-78,3.01
TEA,NA,98,3421,0.9471167468786033,0.05288325312139712,0.3914804210274043,9.982707024365268,0.00293042570345236,14.67253575279156,bone,7,4.042845120099146e-23,4.077469154943386e-20,4.833
TEA,NA,98,3421,0.9493896062883508,0.05061039371164849,0.8900243458615873,10.406047780522115,0.00293042570345236,14.67253575279156,bottom,10,9.174891297711729e-55,9.791649816990736e-49,3.367
TEA,NA,98,3421,0.9742033324811924,0.02579666751880551,1.111542713402604,19.895588378963712,0.00293042570345236,14.67253575279156,brain,14,4.471252657216736e-130,4.92306731529907e-117,2.811
TEA,NA,98,3421,0.9713857766353252,0.02861422336467333,1.2573282899377607,17.98855594886511,0.00293042570345236,14.67253575279156,branch,16,5.091616338510282e-133,1.1847802113077316e-119,2.802
TEA,NA,98,3421,0.986369645714024,0.01363035428598048,1.0104042758988752,37.189741620176875,0.00293042570345236,14.67253575279156,break,28,1.4031323804750645e-220,4.752021800819624e-199,2.648
TEA,NA,98,3421,0.9620585763611555,0.03794142363884637,1.1147905833421752,13.697927598011926,0.00293042570345236,14.67253575279156,breast,13,5.475514560928812e-90,1.266858947609623e-80,2.99
TEA,NA,98,3421,0.9735459428143346,0.02645405718566567,1.1401396394910472,19.414278935979333,0.00293042570345236,14.67253575279156,breathe,12,3.4056036450910663e-130,3.294422702633481e-117,2.811
TEA,NA,98,3421,0.9717262303520048,0.0282737696479944,0.9501346929984628,18.19878368496449,0.00293042570345236,14.67253575279156,burn,16,7.923478542486661e-102,2.704482562120359e-91,2.922
TEA,NA,98,3421,0.9814112217122885,0.01858877828771211,1.3818625309478076,27.40741887585511,0.00293042570345236,14.67253575279156,carry,21,2.5782342488254884e-222,9.395830971125164e-201,2.646
TEA,NA,98,3421,0.9771980771181414,0.0228019228818583,1.4540464597983425,22.43964221470845,0.00293042570345236,14.67253575279156,cheek,19,1.278411796496219e-191,7.107233440058676e-173,2.683
TEA,NA,98,3421,0.9730225529006932,0.02697744709930693,0.6678029308636892,19.047862535675925,0.00293042570345236,14.67253575279156,chew,12,4.810178701861222e-75,4.436909221998854e-67,3.106
TEA,NA,98,3421,0.975928419730932,0.02407158026906836,1.4962582097804855,21.283715108967098,0.00293042570345236,14.67253575279156,child,22,4.847664289562767e-187,1.2033022899666605e-168,2.69
TEA,NA,98,3421,0.9748796112665138,0.02512038873349031,0.9627294035236482,20.417034422287923,0.00293042570345236,14.67253575279156,chin,15,1.1177120570979868e-115,6.501635257655326e-104,2.861
TEA,NA,98,3421,0.9654188912054404,0.03458110879455872,0.6410015873618986,14.976671269399562,0.00293042570345236,14.67253575279156,claw,11,9.484497155491826e-57,1.6931460017117612e-50,3.333
TEA,NA,98,3421,0.8659789697090231,0.13402103029097262,0.42521409215534506,4.3081389961427945,0.00293042570345236,14.67253575279156,cloud,6,2.58634262025234e-10,1.5363673372453112e-8,8.316
TEA,NA,98,3421,0.9747408467607722,0.0252591532392325,0.7094310523878438,20.30776134766507,0.00293042570345236,14.67253575279156,cold,14,6.268476358868161e-85,5.3964641152021554e-76,3.025
TEA,NA,98,3421,0.9355219172880144,0.06447808271198252,0.43797349913200895,8.289034032991509,0.00293042570345236,14.67253575279156,come,8,1.9501450719646728e-21,1.5854864271466216e-18,5.052
TEA,NA,98,3421,0.9725826222747602,0.02741737772524041,0.5059307621832361,18.750704236199045,0.00293042570345236,14.67253575279156,cough,10,4.3948992121938935e-56,6.197052483743584e-50,3.344
TEA,NA,98,3421,0.9297815844878328,0.07021841551216468,1.2246570463682085,7.658399875296033,0.00293042570345236,14.67253575279156,count,10,1.8814689507833107e-55,2.321852598420765e-49,3.355
TEA,NA,98,3421,0.9884298131477391,0.01157018685225934,0.6928307008780616,43.72036666379228,0.00293042570345236,14.67253575279156,cover,19,6.130788734421443e-178,1.9761218868342244e-160,2.704
TEA,NA,98,3421,0.9862400638815032,0.01375993611849599,1.0062092022872076,36.84435395724099,0.00293042570345236,14.67253575279156,crush,29,1.2413130994140249e-217,2.3590891099122836e-196,2.651
TEA,NA,98,3421,0.959045268655692,0.04095473134431023,0.5828359422630174,12.7299534576345,0.00293042570345236,14.67253575279156,cry,11,6.018159897812394e-44,7.222589973740633e-39,3.609
TEA,NA,98,3421,0.9727534348079644,0.02724656519203992,0.7210712376346,18.864941819206095,0.00293042570345236,14.67253575279156,cut,13,3.2251626230562146e-80,9.573961966852078e-72,3.061
TEA,NA,98,3421,0.9443952427475406,0.05560475725246267,0.18194220092326469,9.52147572426073,0.00293042570345236,14.67253575279156,day,8,1.0901788177178097e-9,7.583373318646869e-8,8.706
TEA,NA,98,3421,0.9269754530110308,0.07302454698897126,0.6681810224305036,7.386401299973473,0.00293042570345236,14.67253575279156,deep,8,2.7934612279683605e-29,1.1476532562966084e-25,4.264
TEA,NA,98,3421,0.9262029523820492,0.07379704761795068,0.4377247415244057,7.315177285797973,0.00293042570345236,14.67253575279156,die,9,8.040830581487041e-19,4.2637096927043756e-16,5.475
TEA,NA,98,3421,0.9351237140591356,0.06487628594086452,0.8789755325419841,8.241664939311704,0.00293042570345236,14.67253575279156,dig,9,6.453345400989065e-43,5.102766368296994e-38,3.639
TEA,NA,98,3421,0.9900254681164582,0.00997453188354075,1.2395104038009097,50.63270323561952,0.00293042570345236,14.67253575279156,dirty,30,0,0,2.555
TEA,NA,98,3421,0.9714996871509014,0.02850031284909921,1.1767748995925222,18.058335274310014,0.00293042570345236,14.67253575279156,do,17,5.137725922727678e-125,2.386385330375652e-112,2.827
TEA,NA,98,3421,0.9581339060133702,0.04186609398662613,0.2809663029507866,12.464686247244655,0.00293042570345236,14.67253575279156,dog,8,1.1763706891461375e-20,8.131016396451765e-18,5.166
TEA,NA,98,3421,0.9686947396589838,0.03130526034101534,0.4237740198579438,16.48791512444203,0.00293042570345236,14.67253575279156,drink,9,2.0978386967853652e-41,1.2076017098893513e-36,3.686
TEA,NA,98,3421,0.9626401027397586,0.03735989726023941,1.2182570917504898,13.902739362855762,0.00293042570345236,14.67253575279156,dry,12,9.411379097873867e-100,1.5595488904836179e-89,2.933
TEA,NA,98,3421,0.9834502859224707,0.01654971407753404,1.648499532819483,30.720416421729848,0.00293042570345236,14.67253575279156,dust,23,4.903446818365314e-297,1.0931433300301705e-268,2.588
TEA,NA,98,3421,0.8788544122007986,0.12114558779919536,0.40631650188623714,4.696187902595862,0.00293042570345236,14.67253575279156,ear,6,8.598789499296247e-11,5.643016454859932e-9,8.045
TEA,NA,98,3421,0.9820853518009898,0.01791464819901081,1.132186606860624,28.41924177958526,0.00293042570345236,14.67253575279156,eat,11,5.6808074166037394e-189,1.0538354193174418e-170,2.687
TEA,NA,98,3421,0.9783407405712652,0.0216592594287359,1.4167018310029746,23.59588452522869,0.00293042570345236,14.67253575279156,edge,25,2.6564648784024107e-196,5.148387688623918e-177,2.677
TEA,NA,98,3421,0.9930649171402316,0.00693508285976736,0.2967306312000145,72.60068368833763,0.00293042570345236,14.67253575279156,egg,18,9.987482591228497e-127,7.023517404443208e-114,2.822
TEA,NA,98,3421,0.8821070497363742,0.11789295026362726,0.3753474666282519,4.807960326434492,0.00293042570345236,14.67253575279156,eye,6,3.832999713423715e-10,2.1974217667344918e-8,8.418
TEA,NA,98,3421,0.965959841913728,0.03404015808627567,0.6504645787554074,15.206153291554234,0.00293042570345236,14.67253575279156,fall,15,1.8621467849111648e-58,6.4995147301291e-52,3.305
TEA,NA,98,3421,0.9713757921826618,0.02862420781734061,0.6197321532640726,17.98246616776864,0.00293042570345236,14.67253575279156,far,11,8.326076883639754e-66,1.0048415304929707e-58,3.204
TEA,NA,98,3421,0.9804807079107164,0.01951929208928553,0.3698683665253437,26.125637014521224,0.00293042570345236,14.67253575279156,fat,13,4.051055353539604e-57,9.239926970892502e-51,3.327
TEA,NA,98,3421,0.9501343477644734,0.04986565223553042,2.119886556575036,10.55318331379839,0.00293042570345236,14.67253575279156,father,14,1.4029822214322e-131,2.114585258221567e-118,2.807
TEA,NA,98,3421,0.9853087374482632,0.01469126255173312,0.273276717366814,34.541289773902335,0.00293042570345236,14.67253575279156,fear,13,8.31818716728093e-56,1.4381570245104933e-49,3.349
TEA,NA,98,3421,0.9779927130024808,0.02200728699751693,1.3884747291633968,23.230998582945695,0.00293042570345236,14.67253575279156,feather,18,1.9388389003492637e-189,6.486074451494418e-171,2.686
TEA,NA,98,3421,0.9316407524310272,0.06835924756897208,1.7648287015666964,7.850986906737469,0.00293042570345236,14.67253575279156,female,9,1.066061134727055e-81,2.991424406094793e-73,3.049
TEA,NA,98,3421,0.9847176113371164,0.0152823886628829,1.982227145512911,33.22515828787546,0.00293042570345236,14.67253575279156,fight,33,0,0,2.548
TEA,NA,98,3421,0.9481410179646804,0.05185898203531922,0.6491701076172433,10.168879045032323,0.00293042570345236,14.67253575279156,find,8,3.9153245267431265e-39,1.244853886634664e-34,3.764
TEA,NA,98,3421,0.9021250438215268,0.09787495617846992,0.28191297127816034,5.662806010026146,0.00293042570345236,14.67253575279156,fingernail,7,7.79914619611994e-9,3.97741631977739e-7,9.32
TEA,NA,98,3421,0.956737382564154,0.04326261743584765,0.4417186676220935,12.079931446610308,0.00293042570345236,14.67253575279156,fire,8,1.166254218048842e-31,7.831729109533037e-28,4.111
TEA,NA,98,3421,0.9875705621224024,0.01242943787759983,0.5656222893224693,40.73337359172241,0.00293042570345236,14.67253575279156,firewood,16,1.7176654831938952e-135,6.696808006467047e-122,2.795
TEA,NA,98,3421,0.9746986352005544,0.02530136479944845,0.5039478292935846,20.274758878260513,0.00293042570345236,14.67253575279156,fish,15,2.268914781614561e-60,1.186174934264156e-53,3.277
TEA,NA,98,3421,0.8932506839804446,0.10674931601955548,0.15579875283343178,5.243624040184334,0.00293042570345236,14.67253575279156,five,6,6.481130478149531e-4,0.010457003651552926,16.858
TEA,NA,98,3421,0.982424490599444,0.01757550940055649,0.4992759231774957,28.957622533358137,0.00293042570345236,14.67253575279156,flow,14,3.1548640836032477e-85,2.891640211486575e-76,3.022
TEA,NA,98,3421,0.968553927439336,0.03144607256066388,0.7987761507469188,16.41647031202556,0.00293042570345236,14.67253575279156,flower,10,2.396372977884575e-77,2.990904799437699e-69,3.085
TEA,NA,98,3421,0.9792168839551706,0.02078311604483297,1.027208576955585,24.568602208165757,0.00293042570345236,14.67253575279156,fly,3421,2.344959215480909e-148,2.8634107407586057e-131,2.762
TEA,NA,98,3421,0.9255818583546648,0.0744181416453416,0.7347757607280911,7.25899253670788,0.00293042570345236,14.67253575279156,fly_verb,9,1.2018115942067826e-31,9.05486142215299e-28,4.112
TEA,NA,98,3421,0.9575605376030932,0.04243946239690301,0.8992109432608937,12.303647798568557,0.00293042570345236,14.67253575279156,foam,13,2.476475294792063e-65,3.1965498230560786e-58,3.21
TEA,NA,98,3421,0.9649482309853324,0.03505176901466706,0.7664524359927367,14.782777796198026,0.00293042570345236,14.67253575279156,fog,10,6.760710501880143e-67,9.335200759784319e-60,3.191
TEA,NA,98,3421,0.9805116996736648,0.01948830032633514,0.7061380982147195,26.16635688451127,0.00293042570345236,14.67253575279156,forehead,17,8.984400284616418e-109,1.3960033967454872e-97,2.89
TEA,NA,98,3421,0.6906617600273539,0.30933823997264376,0.2748433389761834,2.3402970387564777,0.00293042570345236,14.67253575279156,four,3,0.008159139550546101,0.05302347984806688,21.05
TEA,NA,98,3421,0.9877094430298392,0.01229055697016125,0.5367420589396679,41.1878606032894,0.00293042570345236,14.67253575279156,freeze,14,4.94964173690096e-130,5.399776899872533e-117,2.811
TEA,NA,98,3421,0.980839867190726,0.01916013280927101,0.7727673103959112,26.605619724558903,0.00293042570345236,14.67253575279156,fruit,18,5.689373816618143e-121,1.201479084796146e-108,2.841
TEA,NA,98,3421,0.977702204799843,0.02229779520015507,0.8344751585316597,22.935144860850453,0.00293042570345236,14.67253575279156,full,13,1.1960388458459934e-112,3.1988635026387456e-101,2.873
TEA,NA,98,3421,0.950403797423633,0.04959620257636728,0.477573838655559,10.607509178295125,0.00293042570345236,14.67253575279156,give,8,4.680162468757536e-30,2.2565904960755947e-26,4.211
TEA,NA,98,3421,0.950590725467796,0.04940927453220772,1.8549208002159343,10.645546329159972,0.00293042570345236,14.67253575279156,go,9,3.295645469494108e-116,1.2852047187767311e-104,2.859
TEA,NA,98,3421,0.9878243170777524,0.01217568292224726,0.4640922610404423,41.571621234767136,0.00293042570345236,14.67253575279156,good,14,1.4938520718685738e-113,5.19819254783443e-102,2.87
TEA,NA,98,3421,0.9319479125268916,0.06805208747311198,1.13212361250418,7.883823862616891,0.00293042570345236,14.67253575279156,grasp,11,8.615653039932473e-53,6.669638695476779e-47,3.403
TEA,NA,98,3421,0.979815953667255,0.02018404633274257,0.82177087468649,25.28233976276508,0.00293042570345236,14.67253575279156,grass,14,3.07755114113444e-122,6.587728956476201e-110,2.837
TEA,NA,98,3421,0.9241279731597696,0.07587202684022856,2.401737539832,7.131094668762947,0.00293042570345236,14.67253575279156,green,9,7.264584308349433e-101,1.139991593186077e-90,2.927
TEA,NA,98,3421,0.9630345994858678,0.0369654005141334,1.894123202847625,14.045354260604157,0.00293042570345236,14.67253575279156,grow,22,2.3454845261303514e-156,9.76387332552232e-141,2.744
TEA,NA,98,3421,0.9681034460666424,0.03189655393335999,1.0300194916556604,16.192148322201646,0.00293042570345236,14.67253575279156,guts,13,3.0915637389297816e-98,4.038168438874113e-88,2.941
TEA,NA,98,3421,0.9644857598607876,0.03551424013921123,0.6648510517375879,14.59727055144966,0.00293042570345236,14.67253575279156,hair,11,2.2982461294528762e-57,4.672122735680279e-51,3.323
TEA,NA,98,3421,0.9544776347557772,0.04552236524422637,1.4270067468739926,11.507458805035707,0.00293042570345236,14.67253575279156,hard,15,9.90281769274772e-97,1.0883687389848625e-86,2.949
TEA,NA,98,3421,0.98826852402807,0.01173147597192582,0.7028801289329507,43.12631844714616,0.00293042570345236,14.67253575279156,head,17,4.568807471509832e-178,1.3531429374202979e-160,2.704
TEA,NA,98,3421,0.9471123613317008,0.05288763866830096,0.9012575683665688,9.981925459178612,0.00293042570345236,14.67253575279156,hear,12,3.3087302523606245e-53,3.0504316274422125e-47,3.395
TEA,NA,98,3421,0.9856297223999436,0.01437027760005716,0.7682640735432323,35.30132894832736,0.00293042570345236,14.67253575279156,heart,12,2.2037168185382876e-159,9.403728560245262e-144,2.738
TEA,NA,98,3421,0.9435320772406444,0.05646792275936305,0.4785908287300396,9.38450830311668,0.00293042570345236,14.67253575279156,heavy,9,1.2516217494000733e-26,3.349232250637519e-23,4.473
TEA,NA,98,3421,0.8531994732499852,0.14680052675001462,0.4290523788602703,3.992011757856151,0.00293042570345236,14.67253575279156,here,5,1.4470404572413216e-9,6.13264606703477e-8,8.788
TEA,NA,98,3421,0.9847441724899324,0.01525582751006176,0.6573492245753898,33.282107206770675,0.00293042570345236,14.67253575279156,hide,20,1.0893192788421535e-128,1.2825091218498767e-115,2.816
TEA,NA,98,3421,0.9790255808484633,0.02097441915153937,1.4848008158865462,24.349274297172375,0.00293042570345236,14.67253575279156,hit,29,2.9770316312535745e-212,1.847967094991535e-191,2.657
TEA,NA,98,3421,0.9789094437465252,0.02109055625347826,0.6140843885690668,24.21806563521842,0.00293042570345236,14.67253575279156,hole,13,1.1820103411448706e-87,1.6749867835439077e-78,3.005
TEA,NA,98,3421,0.9614169383338864,0.0385830616661139,0.6495964529024594,13.479120256357794,0.00293042570345236,14.67253575279156,horn,11,8.510159966695388e-52,5.340582876341651e-46,3.423
TEA,NA,98,3421,0.961029207170252,0.0389707928297468,0.9176754964774096,13.35039687218294,0.00293042570345236,14.67253575279156,hot,12,2.6948978582360333e-72,1.3934141477786297e-64,3.132
TEA,NA,98,3421,0.9437697481908742,0.05623025180912558,0.8818542153361189,9.421800925172054,0.00293042570345236,14.67253575279156,house,12,3.5972159576389835e-49,1.4151730088037915e-43,3.478
TEA,NA,98,3421,0.9459946116440628,0.05400538835593636,0.7301826700508763,9.786879658869458,0.00293042570345236,14.67253575279156,how.,3421,2.4330586638661135e-42,6.478946212232689e-35,3.657
TEA,NA,98,3421,0.9735394196605504,0.02646058033944824,1.2602002687085374,19.40962291315718,0.00293042570345236,14.67253575279156,hunt,21,8.305956248214057e-144,2.4104393471045273e-129,2.773
TEA,NA,98,3421,0.9560219696427884,0.04397803035720805,0.7778058658136059,11.89231370945145,0.00293042570345236,14.67253575279156,ice,10,1.074965926891125e-54,1.1306885442346315e-48,3.368
TEA,NA,98,3421,0.9641413374062996,0.03585866259370029,0.2912081109182716,14.46222829823627,0.00293042570345236,14.67253575279156,in,7,5.978855954107532e-25,8.801667628307732e-22,4.631
TEA,NA,98,3421,0.9866569639980284,0.0133430360019709,0.7429227466998537,37.979492828191255,0.00293042570345236,14.67253575279156,jump,27,8.569160484168814e-166,3.128430366794327e-149,2.725
TEA,NA,98,3421,0.8866591298408122,0.11334087015918724,0.3184309962495208,4.975385904653289,0.00293042570345236,14.67253575279156,kill,7,9.29347286996346e-9,4.6655899273453153e-7,9.379
TEA,NA,98,3421,0.9766293213271392,0.02337067867286131,0.9225373452594106,21.906294461681934,0.00293042570345236,14.67253575279156,knee,16,6.428018950184885e-119,7.854891695477042e-107,2.849
TEA,NA,98,3421,0.9495372046799496,0.05046279532005102,0.2019373090945793,10.434862107782347,0.00293042570345236,14.67253575279156,know,9,4.878597620679577e-12,6.230969533424317e-10,7.433
TEA,NA,98,3421,0.9753297056785653,0.02467029432143597,0.6983297690016829,20.77993677528741,0.00293042570345236,14.67253575279156,lake,13,1.5347932193425344e-85,1.3950500509439347e-76,3.02
TEA,NA,98,3421,0.9762331952961886,0.02376680470381034,0.19132953951351803,21.54991868390333,0.00293042570345236,14.67253575279156,laugh,7,2.0350309595225645e-24,2.684262675392783e-21,4.686
TEA,NA,98,3421,0.9505305085777742,0.04946949142222458,0.8842519393378182,10.63326158847188,0.00293042570345236,14.67253575279156,leaf,13,1.3684112007470545e-55,2.260344877289588e-49,3.352
TEA,NA,98,3421,0.9439517990747972,0.05604820092520674,1.1077418241851238,9.450581004170331,0.00293042570345236,14.67253575279156,left,11,7.612474555828838e-62,3.98360669520368e-55,3.256
TEA,NA,98,3421,0.9837303786847964,0.0162696213152036,0.6777695101845158,31.240392139501587,0.00293042570345236,14.67253575279156,leg,14,1.4472728629316977e-124,5.039368234176019e-112,2.829
TEA,NA,98,3421,0.9716929698027224,0.02830703019727612,0.2325495813385916,18.178022452953613,0.00293042570345236,14.67253575279156,lick,8,4.805797508288876e-25,8.245273506387594e-22,4.621
TEA,NA,98,3421,0.9724642187506618,0.02753578124934028,1.0153727122201937,18.672349633393104,0.00293042570345236,14.67253575279156,lie,15,1.3443837230890613e-111,3.3297291284651523e-100,2.878
TEA,NA,98,3421,0.9826268206321284,0.01737317936787222,0.6548810603303579,29.28883428851568,0.00293042570345236,14.67253575279156,live,18,6.798065575598633e-113,2.6501203002200968e-101,2.872
TEA,NA,98,3421,0.8721757325995791,0.12782426740042485,1.108792882596575,4.484899269818059,0.00293042570345236,14.67253575279156,liver,6,1.6737783894504997e-29,5.399513298807917e-26,4.249
TEA,NA,98,3421,0.836671138991253,0.16332886100874178,0.2184677209110208,3.6589146805549526,0.00293042570345236,14.67253575279156,long,5,8.375461129092555e-4,0.011015933807621215,17.199
TEA,NA,98,3421,0.9632764514370832,0.03672354856291868,0.9323128155703924,14.134303769566236,0.00293042570345236,14.67253575279156,look,12,1.0034319682395883e-77,1.6273184441801482e-69,3.082
TEA,NA,98,3421,0.9714405871363572,0.0285594128636457,1.5053383221780825,18.022062233383657,0.00293042570345236,14.67253575279156,look_for,19,1.9636248836715974e-159,1.34063117719285e-143,2.738
TEA,NA,98,3421,0.980391417819788,0.019608582180215,0.4636759133206805,26.00903929530542,0.00293042570345236,14.67253575279156,louse,11,3.5767425806564604e-71,1.3381045239996326e-63,3.144
TEA,NA,98,3421,0.9844850914053992,0.01551490859459963,0.6032620685116753,32.734946786059744,0.00293042570345236,14.67253575279156,man,16,3.2468410590076315e-116,2.2540263678318757e-104,2.859
TEA,NA,98,3421,0.9894237169999353,0.01057628300006437,0.7201601117542512,47.78093288735106,0.00293042570345236,14.67253575279156,many,25,4.781792804729883e-202,3.0622404877145924e-182,2.669
TEA,NA,98,3421,0.977459576592716,0.02254042340728455,0.4448349650226187,22.693899573797232,0.00293042570345236,14.67253575279156,meat,13,1.1846645953396817e-59,4.613034002446299e-53,3.287
TEA,NA,98,3421,0.9180509276207784,0.08194907237922552,0.17565797941029107,6.645982427360324,0.00293042570345236,14.67253575279156,month,6,3.945251188853821e-6,9.918954230885357e-5,12.212
TEA,NA,98,3421,0.95852550609344,0.04147449390655857,0.19691215038150084,12.577236728446024,0.00293042570345236,14.67253575279156,moon,8,2.4268279431107576e-14,4.467543972754626e-12,6.566
TEA,NA,98,3421,0.9281276220089928,0.071872377991008915,1.830706067232018,7.495494539978656,0.00293042570345236,14.67253575279156,mother,13,6.46700362797199e-81,2.2232624707305838e-72,3.055
TEA,NA,98,3421,0.9196445915247268,0.08035540847527987,1.3175046948984723,6.766044816978972,0.00293042570345236,14.67253575279156,mountain,10,1.0019038952960256e-52,6.9540901278965e-47,3.404
TEA,NA,98,3421,0.9253455297337684,0.07465447026622937,0.2414350375439496,7.237861275266458,0.00293042570345236,14.67253575279156,mouth,7,8.761102973618782e-10,5.438608337967669e-8,8.644
TEA,NA,98,3421,0.881254046311775,0.11874595368822638,0.5564233690484783,4.7780430724092975,0.00293042570345236,14.67253575279156,name,7,1.8005421126154994e-15,3.67754154408437e-13,6.232
TEA,NA,98,3421,0.9849455547824651,0.01505444521753341,0.9286266398071306,33.7204237984488,0.00293042570345236,14.67253575279156,narrow,22,6.319654663736397e-184,8.202332754659136e-166,2.694
TEA,NA,98,3421,0.9837913433565628,0.01620865664343779,1.3479054174280067,31.355951577628645,0.00293042570345236,14.67253575279156,nasal,26,5.159316263045803e-248,4.8715726765048515e-224,2.622
TEA,NA,98,3421,0.9675250403124414,0.03247495968755261,0.5289640275080844,15.91326041725159,0.00293042570345236,14.67253575279156,navel,12,8.253971053157971e-50,3.7158980667429586e-44,3.464
TEA,NA,98,3421,0.987892295658628,0.01210770434137033,0.4651591072678524,41.802147996301365,0.00293042570345236,14.67253575279156,near,16,1.9344566457716935e-114,9.263399470243781e-103,2.866
TEA,NA,98,3421,0.9623052240148012,0.03769477598519906,0.5364763774604316,13.78402316175056,0.00293042570345236,14.67253575279156,neck,9,8.404080231189365e-44,8.004328440405617e-39,3.613
TEA,NA,98,3421,0.973848983878514,0.02615101612148387,0.4548082846145305,19.633142576243145,0.00293042570345236,14.67253575279156,new,13,8.178575627889777e-53,7.518218277683622e-47,3.403
TEA,NA,98,3421,0.9676338453594224,0.03236615464057785,0.4454478859634956,15.964960526438468,0.00293042570345236,14.67253575279156,night,9,3.890043103513333e-42,2.6110221252796294e-37,3.663
TEA,NA,98,3421,0.9750526346982078,0.02494736530179192,0.6622904166448718,20.554989428831675,0.00293042570345236,14.67253575279156,nose,14,2.80266508035211e-80,9.075420826985916e-72,3.06
TEA,NA,98,3421,0.9174262606342988,0.08257373936570409,0.6113884482477987,6.600196794676189,0.00293042570345236,14.67253575279156,not,6,6.888767467073927e-24,6.981248033451862e-21,4.744
TEA,NA,98,3421,0.984062365153303,0.01593763484669907,0.7200059106053223,31.88038145813109,0.00293042570345236,14.67253575279156,old,19,5.449634424431604e-135,2.2723020543027283e-121,2.797
TEA,NA,98,3421,0.914560763729112,0.0854392362708857,0.21143987214225476,6.398822765978344,0.00293042570345236,14.67253575279156,one,7,2.6627123849974066e-7,9.909903978471139e-6,10.733
TEA,NA,98,3421,0.9841494297611988,0.01585057023879898,0.9923657070461284,32.052659366580464,0.00293042570345236,14.67253575279156,open,14,8.086916011518006e-187,1.2196661348143746e-168,2.69
TEA,NA,98,3421,0.9740827155462978,0.02591728445370163,0.8198948705209417,19.805448057264915,0.00293042570345236,14.67253575279156,other,17,1.166439555151787e-95,1.1605271276179323e-85,2.955
TEA,NA,98,3421,0.9448145143032812,0.05518548569672239,1.0374135293835205,9.589557748263962,0.00293042570345236,14.67253575279156,person,9,8.591534506023957e-59,1.93145619059364e-52,3.3
TEA,NA,98,3421,0.9816634127049028,0.01833658729509503,0.12510972259829314,27.777227076559377,0.00293042570345236,14.67253575279156,play,10,1.7174281551632576e-20,1.4339312801056093e-17,5.192
TEA,NA,98,3421,0.9531458732490836,0.0468541267509109,1.0831665611321242,11.195997282244214,0.00293042570345236,14.67253575279156,pull,12,1.4407784999141848e-71,6.390312847460957e-64,3.14
TEA,NA,98,3421,0.9690288795489236,0.03097112045107991,0.829240426082192,16.66005254301517,0.00293042570345236,14.67253575279156,pus,10,1.8402302872489038e-81,5.458480054796203e-73,3.051
TEA,NA,98,3421,0.9550703046352396,0.04492969536475706,0.4962231376487757,11.65201911252243,0.00293042570345236,14.67253575279156,push,10,2.6671676892350242e-34,3.869887576326843e-30,3.969
TEA,NA,98,3421,0.949300718599529,0.05069928140046614,0.2239296186807,10.38877620791513,0.00293042570345236,14.67253575279156,put,7,2.090494005138614e-13,2.7666932458798605e-11,6.884
TEA,NA,98,3421,0.9808499417063214,0.01915005829367681,0.4887282984113621,26.619343066849066,0.00293042570345236,14.67253575279156,rain,13,9.680878233985627e-77,1.3825473911943047e-68,3.09
TEA,NA,98,3421,0.962792529757668,0.03720747024233505,1.0063554768333192,13.957484341238173,0.00293042570345236,14.67253575279156,raw,10,8.150507602539514e-83,3.213707686731946e-74,3.04
TEA,NA,98,3421,0.925771994497333,0.07422800550266472,0.8025623891693195,7.276091875008177,0.00293042570345236,14.67253575279156,red,7,1.2193541357216166e-34,1.3290555903093053e-30,3.952
TEA,NA,98,3421,0.968671676115882,0.03132832388411577,1.1247275897212867,16.476169194742162,0.00293042570345236,14.67253575279156,remain,14,4.329005037057382e-109,5.919706787656458e-98,2.888
TEA,NA,98,3421,0.9650844489582636,0.0349155510417348,0.7480907433527098,14.83835599313643,0.00293042570345236,14.67253575279156,right,12,1.5055590125264749e-65,1.877502338579927e-58,3.207
TEA,NA,98,3421,0.9784977874984052,0.02150221250159536,1.0814984386329365,23.76440837128153,0.00293042570345236,14.67253575279156,ripe,14,4.500366607539076e-151,3.962990844356974e-136,2.756
TEA,NA,98,3421,0.9759784741485126,0.02402152585148489,1.2047017601415153,21.32697082366191,0.00293042570345236,14.67253575279156,rise,22,5.048833651078037e-151,6.914141447411922e-136,2.756
TEA,NA,98,3421,0.9903907276843368,0.00960927231566538,0.5819610311651174,52.5379275959944,0.00293042570345236,14.67253575279156,river,23,1.3304648651524734e-179,7.339873361055435e-162,2.701
TEA,NA,98,3421,0.9809906723661684,0.01900932763383079,0.8714175152899317,26.81256549471301,0.00293042570345236,14.67253575279156,root,21,2.141442940280359e-137,1.630691765310272e-123,2.79
TEA,NA,98,3421,0.9867565868371868,0.0132434131628143,0.7621205039708361,38.261328201630214,0.00293042570345236,14.67253575279156,rope,29,2.5577099115595675e-171,3.170155633919962e-154,2.715
TEA,NA,98,3421,0.9753004640787282,0.02469953592127038,1.6539746601848249,20.75595784967784,0.00293042570345236,14.67253575279156,round,18,1.4071190732576173e-201,5.885187256046949e-182,2.67
TEA,NA,98,3421,0.9853106528467408,0.01468934715326304,0.7358691405657747,34.545726585387854,0.00293042570345236,14.67253575279156,run,20,1.961691902684747e-149,1.7532536238127167e-134,2.759
TEA,NA,98,3421,0.9437428217474058,0.05625717825259356,0.5492261832786058,9.417560046730353,0.00293042570345236,14.67253575279156,salt,10,1.0900063892467606e-30,7.486485425264387e-27,4.17
TEA,NA,98,3421,0.981714039911252,0.01828596008874979,1.1637556140339935,27.852695722941014,0.00293042570345236,14.67253575279156,sand,21,2.303392156975004e-190,1.0898691422625846e-171,2.685
TEA,NA,98,3421,0.9766065487675744,0.02339345123242271,0.6362306191535765,21.885479902674565,0.00293042570345236,14.67253575279156,say,17,4.2265040277818083e-82,2.4376911200020577e-73,3.046
TEA,NA,98,3421,0.9700873921358102,0.02991260786418797,1.0326997017717945,17.230777180495547,0.00293042570345236,14.67253575279156,scratch,13,8.974961169476205e-105,4.614434097380502e-94,2.908
TEA,NA,98,3421,0.9699331389816764,0.03006686101832132,0.9847595302248162,17.145103707830128,0.00293042570345236,14.67253575279156,sea,13,1.931603195097635e-99,3.2478212975379604e-89,2.935
TEA,NA,98,3421,0.9646484862288858,0.03535151377111618,0.38743251725234235,14.661989425678758,0.00293042570345236,14.67253575279156,see,11,1.0617692879196494e-33,1.496177839200118e-29,3.999
TEA,NA,98,3421,0.9790914374946604,0.02090856250534144,0.8051566950871065,24.424325344742368,0.00293042570345236,14.67253575279156,seed,16,9.855788563240284e-116,6.185531641603851e-104,2.861
TEA,NA,98,3421,0.9778609146105488,0.02213908538944969,0.6034298381440263,23.095812302288316,0.00293042570345236,14.67253575279156,sew,15,3.570999820655668e-82,1.845498021532731e-73,3.045
TEA,NA,98,3421,0.9493318187984436,0.05066818120155208,1.0469221142991296,10.394812306782116,0.00293042570345236,14.67253575279156,shade,13,2.8525410401961005e-64,2.943401752766357e-57,3.223
TEA,NA,98,3421,0.9787002018490352,0.02129979815096482,1.7581846997649555,23.98528253504884,0.00293042570345236,14.67253575279156,sharp,19,1.838258248822917e-247,1.130934220588508e-223,2.622
TEA,NA,98,3421,0.9862295777345154,0.01377042226548387,0.24945759416911703,36.81668851236896,0.00293042570345236,14.67253575279156,short,15,2.611865541764426e-54,3.798787602589115e-48,3.375
TEA,NA,98,3421,0.9535426492412796,0.04645735075872937,1.5278452454848288,11.286919857046753,0.00293042570345236,14.67253575279156,shoulder,14,1.4861186141804454e-101,4.1914736687710034e-91,2.924
TEA,NA,98,3421,0.9822359064753556,0.01776409352464994,1.3060766683112792,28.65570827474583,0.00293042570345236,14.67253575279156,sing,23,1.0607650983538156e-219,2.4582219599295006e-198,2.649
TEA,NA,98,3421,0.8574568224261436,0.14254317757385992,0.5882225690272325,4.090828832904513,0.00293042570345236,14.67253575279156,sit,7,6.6414691100547945e-14,9.758913569785206e-12,6.71
TEA,NA,98,3421,0.9751263984601888,0.02487360153980547,0.5700049381864918,20.61438665607508,0.00293042570345236,14.67253575279156,skin,15,2.33143248331366e-69,8.115037613622942e-62,3.163
TEA,NA,98,3421,0.976873644224472,0.02312635577552349,0.6912621272231746,22.132190983452137,0.00293042570345236,14.67253575279156,sky,14,3.7114284542567554e-90,9.58143410106911e-81,2.989
TEA,NA,98,3421,0.9585228131644712,0.04147718683552676,0.7450410677318865,12.576455477410548,0.00293042570345236,14.67253575279156,sleep,13,2.1229265757737753e-55,3.368282974228487e-49,3.356
TEA,NA,98,3421,0.9849700688299868,0.01502993117001385,1.0296105010098606,33.77458171862345,0.00293042570345236,14.67253575279156,small,22,3.5073937355904805e-204,3.081595427634569e-184,2.667
TEA,NA,98,3421,0.9699455137717036,0.03005448622829282,1.3296147928635906,17.15194429047007,0.00293042570345236,14.67253575279156,smell,12,4.039580115453404e-134,8.871114703910956e-121,2.799
TEA,NA,98,3421,0.9628764202318794,0.03712357976811811,0.5513346466576827,13.987806149391586,0.00293042570345236,14.67253575279156,smoke,10,1.1496759889859824e-45,1.8009191853797545e-40,3.563
TEA,NA,98,3421,0.9829066643092134,0.01709333569078544,1.238984621854073,29.759861312103457,0.00293042570345236,14.67253575279156,smooth,26,1.8656953039221653e-216,2.4886928742639155e-195,2.652
TEA,NA,98,3421,0.9696903255811544,0.03030967441885231,0.6542087972254298,17.012011604922378,0.00293042570345236,14.67253575279156,snake,15,1.0181971102218062e-65,1.6450656768884973e-58,3.205
TEA,NA,98,3421,0.9254602958803028,0.0745397041196966,0.5582915026342352,7.24810620664209,0.00293042570345236,14.67253575279156,snow,7,5.8904406675217924e-24,7.062998279187348e-21,4.736
TEA,NA,98,3421,0.9785927442599838,0.02140725574001981,0.901325515430336,23.867504636522767,0.00293042570345236,14.67253575279156,soft,18,1.5058865878808063e-126,1.0202528137440824e-113,2.822
TEA,NA,98,3421,0.9699082969295708,0.03009170307042897,1.231314969743548,17.13138842616429,0.00293042570345236,14.67253575279156,soil,18,4.236058152181057e-124,1.720272902246153e-111,2.831
TEA,NA,98,3421,0.9836766566312394,0.01632334336876138,0.951180095975947,31.13927684715321,0.00293042570345236,14.67253575279156,sour,16,5.24033547697938e-174,6.272874147987235e-157,2.71
TEA,NA,98,3421,0.9544973000884144,0.04550269991158683,2.440057611606278,11.512194903935042,0.00293042570345236,14.67253575279156,spin,14,4.645451567292078e-165,7.546802801721292e-149,2.727
TEA,NA,98,3421,0.9542514979256452,0.04574850207434983,0.8347574799404015,11.45329047446424,0.00293042570345236,14.67253575279156,spit,10,1.6138519070770774e-56,2.494522733282026e-50,3.337
TEA,NA,98,3421,0.9414765681293998,0.05852343187059841,0.5311905494663259,9.074667120907725,0.00293042570345236,14.67253575279156,stand,7,1.354273159754156e-28,4.226571366881632e-25,4.314
TEA,NA,98,3421,0.9305486328152802,0.06945136718471938,0.1940092340456263,7.736599751966869,0.00293042570345236,14.67253575279156,star,7,3.10999321492662e-8,1.4013452171085236e-6,9.818
TEA,NA,98,3421,0.9735008590277692,0.02649914097223107,1.4572887350294113,19.382146403340577,0.00293042570345236,14.67253575279156,stick,19,5.753625121727713e-166,1.532396923027053e-149,2.725
TEA,NA,98,3421,0.899024742372557,0.10097525762743916,0.5823259371512779,5.507866308666972,0.00293042570345236,14.67253575279156,stone,8,7.45696751631899e-19,3.538911791775917e-16,5.469
TEA,NA,98,3421,0.9858337665000024,0.01416623349999736,0.9361431397083406,35.80238174933084,0.00293042570345236,14.67253575279156,straight,20,8.134448471120522e-197,1.403558079525612e-177,2.676
TEA,NA,98,3421,0.955054427003132,0.04494557299686967,1.2851055073983049,11.648096523615084,0.00293042570345236,14.67253575279156,suck,12,3.189366050359495e-88,4.701472131305724e-79,3.002
TEA,NA,98,3421,0.9777018457344676,0.02229815426553347,0.501927827550795,22.93478396096286,0.00293042570345236,14.67253575279156,sun,12,5.847825908598042e-68,1.2123907946988685e-60,3.179
TEA,NA,98,3421,0.9650990522807948,0.03490094771920764,0.7536733513477932,14.844340067558576,0.00293042570345236,14.67253575279156,swallow,12,4.6297626344351915e-66,6.432042770969962e-59,3.201
TEA,NA,98,3421,0.98229447678626,0.01770552321374697,0.8369243340595564,28.748787791988473,0.00293042570345236,14.67253575279156,sweet,18,1.811391418130996e-141,2.7660771164692505e-127,2.779
TEA,NA,98,3421,0.9484393664326848,0.05156063356731293,1.963244874719561,10.22450254468009,0.00293042570345236,14.67253575279156,swell,12,4.032072425556145e-118,3.1276876208764975e-106,2.852
TEA,NA,98,3421,0.9847065066261608,0.01529349337383883,0.9131459198817156,33.20140768539907,0.00293042570345236,14.67253575279156,swim,19,4.2654595593818425e-178,1.4207224510200376e-160,2.704
TEA,NA,98,3421,0.9321455645223452,0.0678544354776577,0.45093492461975826,7.905111960760295,0.00293042570345236,14.67253575279156,tail,8,4.8938252113907065e-21,3.661592353186777e-18,5.109
TEA,NA,98,3421,0.9547409166270252,0.04525908337297265,0.43723358863530415,11.571208393278182,0.00293042570345236,14.67253575279156,take,10,5.119065622567554e-30,3.0605743790253885e-26,4.214
TEA,NA,98,3421,0.9608647098016488,0.03913529019834944,0.8689067327114094,13.296557091875297,0.00293042570345236,14.67253575279156,tall,12,3.3233157712246823e-68,7.25587807660772e-61,3.176
TEA,NA,98,3421,0.9843185252093584,0.01568147479063845,0.8064745671536941,32.392721815090646,0.00293042570345236,14.67253575279156,tear,24,1.5084129641409536e-153,3.814689649168489e-138,2.75
TEA,NA,98,3421,0.8525834051963647,0.14741659480363128,1.1451845096494289,3.9782012907143143,0.00293042570345236,14.67253575279156,that,8,5.1502121776381156e-27,1.3263643213378518e-23,4.44
TEA,NA,98,3421,0.9432223078268976,0.05677769217310111,0.7678679441509778,9.336373233747608,0.00293042570345236,14.67253575279156,there,10,1.784535256764957e-42,1.4289031680713238e-37,3.653
TEA,NA,98,3421,0.972119181403907,0.02788081859609841,1.1833589541095528,18.447816543850752,0.00293042570345236,14.67253575279156,they,17,2.0689425895724922e-128,1.9534246685134521e-115,2.816
TEA,NA,98,3421,0.9893101866079614,0.01068981339203787,0.8204032710657059,47.27890390500286,0.00293042570345236,14.67253575279156,thick,19,1.1476290337995991e-227,1.151500162751907e-205,2.641
TEA,NA,98,3421,0.983608560709755,0.01639143929024416,1.0932856927322552,31.01205995403456,0.00293042570345236,14.67253575279156,thigh,25,4.308919430386986e-199,1.4922396003826964e-179,2.673
TEA,NA,98,3421,0.9432744508601476,0.05672554913985037,1.0294188471206052,9.344438800090646,0.00293042570345236,14.67253575279156,thin,12,7.310711517441479e-57,1.458118475445708e-50,3.331
TEA,NA,98,3421,0.9689905678236642,0.03100943217633214,1.204294628441997,16.640127165645772,0.00293042570345236,14.67253575279156,think,20,6.341880672204539e-118,7.868578594695639e-106,2.852
TEA,NA,98,3421,0.8300861813939799,0.16991381860602162,0.29653287691191776,3.54501534947001,0.00293042570345236,14.67253575279156,this,5,2.1386413686829687e-5,3.864111852406717e-4,13.407
TEA,NA,98,3421,0.9017447445716892,0.09825525542830849,0.11868485508815466,5.643266959714848,0.00293042570345236,14.67253575279156,three,6,0.005539213994626248,0.07440086591956366,20.268
TEA,NA,98,3421,0.9687304464577806,0.03126955354222104,0.6547291230201264,16.50613429691322,0.00293042570345236,14.67253575279156,throat,14,7.907111393553474e-64,8.00302326780385e-57,3.229
TEA,NA,98,3421,0.979042210796613,0.02095778920338353,1.0215035345647592,24.368181456035664,0.00293042570345236,14.67253575279156,throw,25,2.4505597784190725e-146,1.4351887546916713e-131,2.767
TEA,NA,98,3421,0.9818458200629973,0.01815417993700458,0.940259361505889,28.051111410653995,0.00293042570345236,14.67253575279156,tie,20,5.0903558283926374e-155,1.457987151883264e-139,2.747
TEA,NA,98,3421,0.9728021344691782,0.02719786553081877,0.8487212659894311,18.89777471059765,0.00293042570345236,14.67253575279156,to,11,1.7189875939016875e-94,8.660514201848875e-85,2.962
TEA,NA,98,3421,0.9859080221270998,0.01409197787290109,0.5234684356855542,35.9883264542323,0.00293042570345236,14.67253575279156,tomorrow,15,6.840595106831124e-111,1.4613258054867113e-99,2.881
TEA,NA,98,3421,0.9521475790036924,0.04785242099631173,0.2592591897962415,10.97392081053455,0.00293042570345236,14.67253575279156,tongue,7,1.2643218306750221e-16,3.2905015037320274e-14,5.937
TEA,NA,98,3421,0.7902234804950345,0.20977651950497112,0.7453719028465644,3.0162212735519796,0.00293042570345236,14.67253575279156,tooth,5,6.420022928690932e-13,5.479004221207351e-11,7.067
TEA,NA,98,3421,0.9795190833730922,0.02048091662691017,0.2594904130002497,24.923424422123325,0.00293042570345236,14.67253575279156,tree,9,2.4087346157810377e-38,7.30525312221505e-34,3.794
TEA,NA,98,3421,0.9837310020288136,0.01626899797118736,0.7684743274347103,31.24156931373103,0.00293042570345236,14.67253575279156,true,16,3.662009717715559e-141,4.663534392418044e-127,2.78
TEA,NA,98,3421,0.9818470262949728,0.01815297370502723,1.6419425432360504,28.052940891799476,0.00293042570345236,14.67253575279156,turn,24,3.1429891238462505e-270,2.776693385182469e-244,2.605
TEA,NA,98,3421,0.8850648255118541,0.1149351744881428,0.16892195085466866,4.915208710038889,0.00293042570345236,14.67253575279156,two,6,5.336458593592741e-4,0.008755184191738055,16.609
TEA,NA,98,3421,0.9929316426263728,0.00706835737362545,0.33384768855740576,71.24135223187935,0.00293042570345236,14.67253575279156,vomit,15,7.561125354995925e-140,6.861036172405452e-126,2.783
TEA,NA,98,3421,0.9809256523333584,0.01907434766664203,0.5900117199095529,26.722938865406935,0.00293042570345236,14.67253575279156,walk,16,6.750927921002172e-93,3.540587713105881e-83,2.972
TEA,NA,98,3421,0.9439164899556884,0.05608351004431097,1.5690329140783614,9.444984392456124,0.00293042570345236,14.67253575279156,warm,10,2.398343489608236e-87,2.4508817820057113e-78,3.007
TEA,NA,98,3421,0.9473852366150176,0.05261476338498319,0.5417309364974953,10.03080458907165,0.00293042570345236,14.67253575279156,wash,9,3.058358736995319e-32,2.6057969277692495e-28,4.077
TEA,NA,98,3421,0.7942864902433833,0.2057135097566152,0.4450266730624423,3.0600605115931336,0.00293042570345236,14.67253575279156,water,5,2.3419403435188849e-7,6.297110167259375e-6,10.673
TEA,NA,98,3421,0.983461659190462,0.01653834080953475,1.1071250768524523,30.741187064006542,0.00293042570345236,14.67253575279156,weave,18,7.54500948323765e-200,2.202097980299406e-180,2.672
TEA,NA,98,3421,0.9737942630830272,0.0262057369169726,1.2518209738546835,19.59324711354023,0.00293042570345236,14.67253575279156,wet,17,3.3559597192279034e-144,8.558774523688258e-130,2.772
TEA,NA,98,3421,0.90576640470196,0.09423359529803796,0.27102754203113955,5.857982025746417,0.00293042570345236,14.67253575279156,what.,3421,8.852287166943655e-9,2.18138572339349e-4,9.363
TEA,NA,98,3421,0.9258679404770808,0.07413205952291772,0.477808807710267,7.284754028244971,0.00293042570345236,14.67253575279156,when.,3421,1.5893814459155766e-20,4.571666235140654e-15,5.186
TEA,NA,98,3421,0.7708965147321397,0.22910348526786023,1.199804460744403,2.8310153628772685,0.00293042570345236,14.67253575279156,where.,3421,5.178256282561292e-20,1.3384648302416472e-14,5.268
TEA,NA,98,3421,0.9340395118865504,0.0659604881134519,1.1966601829906425,8.11560489313326,0.00293042570345236,14.67253575279156,which.,3421,2.1019274388228172e-57,1.3398336518642686e-48,3.322
TEA,NA,98,3421,0.9580061668277096,0.04199383317228945,0.6753748651223879,12.428427436868136,0.00293042570345236,14.67253575279156,white,9,1.1370390886277592e-49,3.728158430337344e-44,3.467
TEA,NA,98,3421,0.897666690058869,0.10233330994113554,1.29160405676067,5.442994216375104,0.00293042570345236,14.67253575279156,who.,3421,1.1709826487713265e-41,2.7020157301754155e-34,3.678
TEA,NA,98,3421,0.9872723158321196,0.01272768416788176,0.6868820683748612,39.79089020201686,0.00293042570345236,14.67253575279156,wide,23,1.2840108294795533e-160,1.358294636188685e-144,2.735
TEA,NA,98,3421,0.9774257079237808,0.0225742920762238,0.3899224537878245,22.660636639279502,0.00293042570345236,14.67253575279156,wind,11,2.890510771476875e-52,2.0026543310323505e-46,3.413
TEA,NA,98,3421,0.973201969029727,0.02679803097027465,0.8066574738554827,19.17185522103109,0.00293042570345236,14.67253575279156,wing,11,3.954641813326399e-91,9.838618507765952e-82,2.983
TEA,NA,98,3421,0.9851262666107572,0.01487373338923903,1.0968784648709264,34.1238569677065,0.00293042570345236,14.67253575279156,with,20,1.0163829263990138e-219,2.0560700414218007e-198,2.649
TEA,NA,98,3421,0.9835122210489112,0.01648777895109022,0.6971095316419451,30.833873565154935,0.00293042570345236,14.67253575279156,woman,19,1.914448852082175e-126,1.3396149198746044e-113,2.823
TEA,NA,98,3421,0.9401999388631654,0.0598000611368316,0.19908679436240773,8.8929972441578915,0.00293042570345236,14.67253575279156,wood,7,6.281935779221769e-10,4.018371043395388e-8,8.551
TEA,NA,98,3421,0.9741582826947583,0.02584171730524239,1.8212150422433615,19.86182292502425,0.00293042570345236,14.67253575279156,woods,21,2.309917952219016e-212,1.062385150800837e-191,2.657
TEA,NA,98,3421,0.980245969309994,0.01975403069000344,1.18742632596901,25.82136608526117,0.00293042570345236,14.67253575279156,worm,19,4.1780909645495435e-180,2.114316443063558e-162,2.7
TEA,NA,98,3421,0.9327278461921962,0.06727215380780262,0.5912524154005597,7.968557839166604,0.00293042570345236,14.67253575279156,year,8,6.04848583642452e-28,1.886853095377198e-24,4.364
TEA,NA,98,3421,0.9346434002417794,0.06535659975822226,0.6674869415025924,8.185300184163138,0.00293042570345236,14.67253575279156,yellow,9,2.0427477176336125e-32,1.8047854792100156e-28,4.067
TEA,NA,98,3421,0.9796591227558458,0.02034087724415239,0.5018164648644414,25.09142568158876,0.00293042570345236,14.67253575279156,yesterday,11,2.74061800516364e-74,1.9763909227283095e-66,3.113
ST_by_sens,10001,50,3963,0.9700827186190374,0.02991728138096319,0.6005261230666978,17.228168480013412,0.00675927451216095,10.362633927936784,I_first_person_singular,15,2.7257821443495453e-35,4.0589580040468523e-22,6.141
ST_by_sens,10001,50,3963,0.9957333072415268,0.00426669275847189,0.3504535007312218,117.68892585926451,0.00675927451216095,10.362633927936784,big,35,1.612737531817883e-138,3.7788361404174896e-89,5.541
ST_by_sens,10001,50,3963,0.9785623109476624,0.02143768905233473,0.8662182110974395,23.834363142425097,0.00675927451216095,10.362633927936784,black,19,1.0598232599181983e-69,1.754337724895317e-44,5.741
ST_by_sens,10001,50,3963,0.9926274414480544,0.00737255855194363,0.545653908397345,68.3227749079687,0.00675927451216095,10.362633927936784,cold_of_temperature,32,2.821338986647111e-125,1.5308013682530284e-80,5.562
ST_by_sens,10001,50,3963,0.9955427859550244,0.00445721404497313,0.7824305030372832,112.67993410387302,0.00675927451216095,10.362633927936784,dirty,38,2.8506626756820343e-295,1.849191950320143e-191,5.434
ST_by_sens,10001,50,3963,0.9865148963315044,0.01348510366849427,1.027013065795328,37.58478475096429,0.00675927451216095,10.362633927936784,dry,29,1.102198968171958e-129,1.8365014702991414e-83,5.555
ST_by_sens,10001,50,3963,0.9911737041222728,0.00882629587772735,0.3833216412763152,57.15335782278113,0.00675927451216095,10.362633927936784,early,24,6.424751424296545e-74,3.9082581573354876e-47,5.718
ST_by_sens,10001,50,3963,0.9751982683664376,0.02480173163356471,0.257674166820861,20.672598931119644,0.00675927451216095,10.362633927936784,eight,8,1.6000030508731672e-18,1.9219457521462244e-11,6.895
ST_by_sens,10001,50,3963,0.9898667639670546,0.01013323603294527,0.20997751604088655,49.84769753602446,0.00675927451216095,10.362633927936784,far,29,1.0751728333234242e-35,4.274992584629568e-22,6.132
ST_by_sens,10001,50,3963,0.7524572763694402,0.2475427236305655,0.22872249858536528,2.6843429056710564,0.00675927451216095,10.362633927936784,five,3,0.0976750133951823,0.5076083943187217,20.963
ST_by_sens,10001,50,3963,0.990241283249607,0.00975871675039212,0.3824374408439402,51.74117220732689,0.00675927451216095,10.362633927936784,full,17,7.792766030337334e-67,1.167780637187801e-42,5.759
ST_by_sens,10001,50,3963,0.990278911693738,0.00972108830626199,0.6842103315453741,51.939478570007815,0.00675927451216095,10.362633927936784,good,36,1.8784248722912986e-119,1.091980366909068e-76,5.573
ST_by_sens,10001,50,3963,0.9911560207970732,0.0088439792029261,0.2708774078144179,57.04009868939872,0.00675927451216095,10.362633927936784,green,23,2.4024924380813798e-52,4.557243485987929e-33,5.876
ST_by_sens,10001,50,3963,0.9920618872481096,0.00793811275189057,0.5233731985658637,63.49126436618733,0.00675927451216095,10.362633927936784,hard,27,9.642507327610393e-112,8.86149988177363e-72,5.589
ST_by_sens,10001,50,3963,0.9933356275024126,0.00666437249758636,0.5125841080207836,75.52917282904812,0.00675927451216095,10.362633927936784,he_or_she_third_person_singular,32,4.550907196024247e-130,1.1374130911325474e-83,5.554
ST_by_sens,10001,50,3963,0.9855777933907915,0.0144222066092045,0.2691462997065686,35.17607526582788,0.00675927451216095,10.362633927936784,heavy,15,2.3458117362696606e-32,3.3464919922762287e-20,6.215
ST_by_sens,10001,50,3963,0.9801025484400449,0.01989745155995775,0.5861742615131627,25.638996897705876,0.00675927451216095,10.362633927936784,high_tall,21,6.170990089556763e-51,3.464199416754345e-32,5.891
ST_by_sens,10001,50,3963,0.9948199609598034,0.00518003904019741,0.3812573161822601,97.02697255396257,0.00675927451216095,10.362633927936784,hot,34,2.5928736560600634e-124,6.92177633378167e-80,5.564
ST_by_sens,10001,50,3963,0.9900153141000504,0.00998468589995043,0.6276798333312084,50.58173063358005,0.00675927451216095,10.362633927936784,inside,29,8.517756572472909e-107,1.6141577662040064e-68,5.601
ST_by_sens,10001,50,3963,0.9951998974362803,0.00480010256371941,0.680568887073796,104.6668525664044,0.00675927451216095,10.362633927936784,late,37,1.0469002560862339e-238,1.5399081097883748e-154,5.456
ST_by_sens,10001,50,3963,0.9922495505299552,0.00775044947004422,0.4755630603538845,65.0162930572061,0.00675927451216095,10.362633927936784,left,28,5.0411266979464467e-104,1.006277494808992e-66,5.608
ST_by_sens,10001,50,3963,0.9701553460165376,0.02984465398346088,0.6818648662093867,17.268800610290246,0.00675927451216095,10.362633927936784,light_of_weight,13,4.584716849666008e-40,2.6861806563559807e-25,6.044
ST_by_sens,10001,50,3963,0.9911668604532802,0.00883313954671982,0.32289363644097896,57.109471321422305,0.00675927451216095,10.362633927936784,long,30,2.47419411363281e-62,1.7917908213193784e-39,5.789
ST_by_sens,10001,50,3963,0.9963868560156688,0.00361314398433237,0.3206125950482765,138.88544858518617,0.00675927451216095,10.362633927936784,many,38,1.7234239482593787e-149,2.817307153329494e-96,5.526
ST_by_sens,10001,50,3963,0.9913719964357108,0.00862800356428929,0.9806432961189968,58.45518527972911,0.00675927451216095,10.362633927936784,middle,31,3.083944256231603e-192,2.8254022044747098e-124,5.485
ST_by_sens,10001,50,3963,0.9932710034088168,0.00672899659118618,0.6959205767698089,74.80867088371089,0.00675927451216095,10.362633927936784,morning,30,1.1786991083420826e-174,8.252394798489703e-113,5.499
ST_by_sens,10001,50,3963,0.9947165165297694,0.00528348347022947,0.5129539993983592,95.137190511266,0.00675927451216095,10.362633927936784,narrow,31,9.167904527573075e-164,1.100595917962419e-105,5.51
ST_by_sens,10001,50,3963,0.994335683212834,0.0056643167871647,0.28427671874301885,88.77474740843365,0.00675927451216095,10.362633927936784,near,27,4.873705057188475e-85,2.413937272407648e-54,5.668
ST_by_sens,10001,50,3963,0.9909312442035944,0.00906875579640704,0.3828760614014592,55.638930711379544,0.00675927451216095,10.362633927936784,new,19,6.762360043294211e-72,6.469595766392474e-46,5.729
ST_by_sens,10001,50,3963,0.9241484980856284,0.07585150191437426,0.6311874068780065,7.132865875573114,0.00675927451216095,10.362633927936784,nine,6,9.115291793767691e-16,9.068776586260705e-10,7.18
ST_by_sens,10001,50,3963,0.9945073881808992,0.00549261181910119,0.37673695388012174,91.53413533862704,0.00675927451216095,10.362633927936784,old_of_person,33,6.201811154613045e-116,1.9854247292220087e-74,5.58
ST_by_sens,10001,50,3963,0.974720070154694,0.02527992984530506,0.5891298200763319,20.291503689941273,0.00675927451216095,10.362633927936784,one,15,1.1538680631302e-40,1.2591721665865021e-25,6.033
ST_by_sens,10001,50,3963,0.996412433188114,0.00358756681188487,0.2984837050639686,139.8720269770735,0.00675927451216095,10.362633927936784,outside,35,3.3139223141503744e-140,2.990517801258958e-90,5.538
ST_by_sens,10001,50,3963,0.9795348255230713,0.0204651744769329,0.3571539975409386,24.942195077914736,0.00675927451216095,10.362633927936784,red,20,1.733248672387013e-30,7.405314958738351e-19,6.27
ST_by_sens,10001,50,3963,0.9928530707131996,0.00714692928680447,0.26674088313250244,70.46371491513001,0.00675927451216095,10.362633927936784,right,23,1.6088955696453267e-63,2.3064579780437938e-40,5.781
ST_by_sens,10001,50,3963,0.9889093631858898,0.01109063681411424,0.868937572368648,45.588681491417475,0.00675927451216095,10.362633927936784,round,31,4.526660888556621e-133,1.2074551369872481e-85,5.549
ST_by_sens,10001,50,3963,0.9817428342880548,0.01825716571194582,0.27061780484001985,27.895805532119617,0.00675927451216095,10.362633927936784,seven,10,6.017996718232963e-26,3.4129344768171287e-16,6.437
ST_by_sens,10001,50,3963,0.97323092054876,0.0267690794512416,1.174197229206868,19.192019188351896,0.00675927451216095,10.362633927936784,sharp,25,5.16188481035527e-76,1.7451160712723475e-48,5.708
ST_by_sens,10001,50,3963,0.980283144573298,0.01971685542670666,0.5659431373423953,25.86907006521563,0.00675927451216095,10.362633927936784,short,26,1.2253878238052508e-49,3.0184721262419344e-31,5.906
ST_by_sens,10001,50,3963,0.9368380351762572,0.06316196482374005,0.27340115463298376,8.44986670931383,0.00675927451216095,10.362633927936784,six,5,2.2199603377500687e-8,4.590530643326829e-5,8.928
ST_by_sens,10001,50,3963,0.989685222668868,0.01031477733113442,0.7741108436511231,48.97935497780285,0.00675927451216095,10.362633927936784,small,30,2.1353514783066093e-127,5.916531795460106e-82,5.559
ST_by_sens,10001,50,3963,0.9920007363472484,0.00799926365275038,0.8566370740701723,63.00978512636463,0.00675927451216095,10.362633927936784,soft,35,4.694109364846576e-181,6.382203932181488e-117,5.493
ST_by_sens,10001,50,3963,0.9951818435226942,0.00481815647730413,0.547682566259121,104.2765514399224,0.00675927451216095,10.362633927936784,straight,34,1.5903798526799856e-191,9.043369125056218e-124,5.485
ST_by_sens,10001,50,3963,0.9586687293881224,0.04133127061187951,0.7941345643355204,12.618934504608356,0.00675927451216095,10.362633927936784,ten,15,3.31677572921954e-34,2.0747886585970862e-21,6.167
ST_by_sens,10001,50,3963,0.9926247410995578,0.00737525890044261,0.29791439989647184,68.29794527197397,0.00675927451216095,10.362633927936784,the_ant,24,1.0557112761110585e-68,9.939928404233944e-44,5.747
ST_by_sens,10001,50,3963,0.9871509708554485,0.01284902914455345,0.5148981289404986,39.41995400014855,0.00675927451216095,10.362633927936784,the_bamboo,22,1.5471137743698927e-68,1.169401326782128e-43,5.748
ST_by_sens,10001,50,3963,0.988917530114828,0.01108246988516941,0.6018864493662474,45.62190007810358,0.00675927451216095,10.362633927936784,the_belly,19,1.829839853850601e-92,2.4095320943684136e-59,5.642
ST_by_sens,10001,50,3963,0.9823979870476064,0.01760201295239448,0.6696734334252716,28.914800765325374,0.00675927451216095,10.362633927936784,the_bird,22,2.0378895087608863e-65,1.2730177545841052e-41,5.768
ST_by_sens,10001,50,3963,0.9564891524279888,0.04351084757200768,0.2327671713732453,12.01413235395588,0.00675927451216095,10.362633927936784,the_blood,6,4.792764877492989e-10,4.770780945768963e-6,8.303
ST_by_sens,10001,50,3963,0.9863752984740864,0.01362470152591156,0.25547107413160186,37.20495807604311,0.00675927451216095,10.362633927936784,the_bone,15,1.7609425958506288e-32,2.775048714692334e-20,6.212
ST_by_sens,10001,50,3963,0.9932723376083206,0.00672766239168005,0.4875055348987314,74.823406094527,0.00675927451216095,10.362633927936784,the_branch,27,1.3668690491929917e-122,7.317892214269115e-79,5.567
ST_by_sens,10001,50,3963,0.9778764988912948,0.02212350110870914,0.7122542502674842,23.111713166413193,0.00675927451216095,10.362633927936784,the_breast_female,16,1.0105890724964622e-55,1.9806019355239197e-35,5.843
ST_by_sens,10001,50,3963,0.9859361210022204,0.01406387899777809,0.5404561411878128,36.05920149280936,0.00675927451216095,10.362633927936784,the_cloud,19,7.794038478436262e-66,5.869849506444705e-42,5.765
ST_by_sens,10001,50,3963,0.9911750184188776,0.00882498158112237,0.5537739009214292,57.16179382463213,0.00675927451216095,10.362633927936784,the_dew,25,1.761079889675126e-106,2.235900340777343e-68,5.602
ST_by_sens,10001,50,3963,0.983849118458966,0.01615088154103345,0.19968344517150544,31.46627049633997,0.00675927451216095,10.362633927936784,the_dog,11,1.0195223360148952e-21,2.165864078266933e-13,6.659
ST_by_sens,10001,50,3963,0.9540822613469429,0.04591773865305776,0.23181998705861476,11.41310180254827,0.00675927451216095,10.362633927936784,the_dream,6,1.5583019158526148e-9,1.0176803836869076e-5,8.472
ST_by_sens,10001,50,3963,0.9944731834073096,0.00552681659268926,0.34079236779846567,90.97077089397013,0.00675927451216095,10.362633927936784,the_dust,21,2.6663265949984416e-104,4.979359651568477e-67,5.607
ST_by_sens,10001,50,3963,0.9511869805343312,0.04881301946566646,0.2246694772142812,10.76882784362383,0.00675927451216095,10.362633927936784,the_ear,6,9.29467755969614e-9,3.177962714264712e-5,8.766
ST_by_sens,10001,50,3963,0.9915790143148726,0.00842098568512765,0.3418389708783553,59.87971827899301,0.00675927451216095,10.362633927936784,the_earth_soil,27,4.12120408227185e-69,6.050710563409423e-44,5.745
ST_by_sens,10001,50,3963,0.9845088822838064,0.01549111771619319,0.381567144873233,32.784428051737365,0.00675927451216095,10.362633927936784,the_egg,20,1.6126403796873056e-42,1.0330374276267424e-26,6.002
ST_by_sens,10001,50,3963,0.9445729436218544,0.05542705637814722,0.25488116039548897,9.55020487129518,0.00675927451216095,10.362633927936784,the_eye,6,8.268492961971715e-9,2.950699856447902e-5,8.745
ST_by_sens,10001,50,3963,0.9893265344482164,0.01067346555178169,0.4452968189386561,47.35053542755722,0.00675927451216095,10.362633927936784,the_feather,19,3.6111489128482153e-71,1.9315384696960848e-45,5.733
ST_by_sens,10001,50,3963,0.9719674667980578,0.02803253320194024,0.2700366659226746,18.350839231022064,0.00675927451216095,10.362633927936784,the_fire,9,2.7867904069669315e-17,1.3964303257713217e-10,7.012
ST_by_sens,10001,50,3963,0.9745493722988572,0.02545062770114172,0.226252491400926,20.158938513541653,0.00675927451216095,10.362633927936784,the_fish,8,5.795895590527386e-16,8.99808959500998e-10,7.156
ST_by_sens,10001,50,3963,0.9724335765869212,0.02756642341307703,0.8995091884831413,18.65218163180193,0.00675927451216095,10.362633927936784,the_flea,13,8.862327020344288e-57,3.284522144518312e-36,5.834
ST_by_sens,10001,50,3963,0.9600893586182376,0.03991064138176056,1.0037580941018396,13.048771948085392,0.00675927451216095,10.362633927936784,the_flower,21,1.7455731638385376e-44,5.648544145288103e-28,5.973
ST_by_sens,10001,50,3963,0.9899146445707534,0.01008535542924638,0.5759708127024098,50.08192885155984,0.00675927451216095,10.362633927936784,the_foot,21,4.2678851387779497e-97,2.51748335598148e-62,5.627
ST_by_sens,10001,50,3963,0.9869889883693984,0.01301101163060236,0.9349186274745818,38.93557851007206,0.00675927451216095,10.362633927936784,the_forest,24,2.4380936871922915e-122,9.491312786511732e-79,5.568
ST_by_sens,10001,50,3963,0.989516228451074,0.01048377154893007,0.5257565828708656,48.19805738669335,0.00675927451216095,10.362633927936784,the_frog,19,2.1923162211473305e-85,1.0082845384842975e-54,5.667
ST_by_sens,10001,50,3963,0.984086592740666,0.01591340725933247,1.2256045689271198,31.928132116891284,0.00675927451216095,10.362633927936784,the_front_front_side,20,1.8517913704852918e-131,8.788534341106971e-85,5.552
ST_by_sens,10001,50,3963,0.9802840488499658,0.01971595115003257,0.5325803484693761,25.87023269173797,0.00675927451216095,10.362633927936784,the_fruit,17,9.323721716554312e-47,1.5014684266321593e-29,5.941
ST_by_sens,10001,50,3963,0.9852082704831762,0.01479172951682416,0.4430649719492872,34.31018017787838,0.00675927451216095,10.362633927936784,the_goat,23,1.6342691022131485e-51,1.5935262043248013e-32,5.885
ST_by_sens,10001,50,3963,0.9800100240358416,0.01998997596416202,0.911132293810412,25.522735191036027,0.00675927451216095,10.362633927936784,the_grass,26,2.0392918856767673e-78,4.8942802053255e-50,5.696
ST_by_sens,10001,50,3963,0.9940674514880312,0.00593254851196885,0.3426666573109792,84.78379499613047,0.00675927451216095,10.362633927936784,the_hail,26,8.692663486533388e-98,1.1028526958524908e-62,5.625
ST_by_sens,10001,50,3963,0.9864516644932904,0.01354833550671127,0.8316960308270467,37.41176963962843,0.00675927451216095,10.362633927936784,the_hair_of_the_head,18,1.1172275304808707e-104,2.4186553776160224e-67,5.606
ST_by_sens,10001,50,3963,0.9459449154447652,0.05405508455523331,1.1042306559345214,9.778395663238395,0.00675927451216095,10.362633927936784,the_hand,11,8.445482862397292e-37,3.0800287427045916e-23,6.107
ST_by_sens,10001,50,3963,0.988477785220328,0.0115222147796706,0.6306614719464498,43.90026323475732,0.00675927451216095,10.362633927936784,the_head,21,3.191773033615646e-93,8.51608990850655e-60,5.639
ST_by_sens,10001,50,3963,0.9640698143727968,0.03593018562720113,0.7835469587317374,14.43451042050321,0.00675927451216095,10.362633927936784,the_heart,18,1.6382782252417327e-38,3.8414039764779916e-24,6.073
ST_by_sens,10001,50,3963,0.9880245443337864,0.01197545566621806,0.3920580105923092,42.25812502042937,0.00675927451216095,10.362633927936784,the_horn_keratinized_skin,12,4.463812067538051e-56,8.712834550437734e-36,5.84
ST_by_sens,10001,50,3963,0.9752147115832722,0.02478528841672755,0.4362820721751792,20.68596488630295,0.00675927451216095,10.362633927936784,the_house,13,7.062277843894082e-31,2.678397604009217e-19,6.258
ST_by_sens,10001,50,3963,0.9836877436272188,0.01631225637278019,0.8362488633319971,31.16009016013516,0.00675927451216095,10.362633927936784,the_knee,20,8.810881048754128e-88,2.8943541042146163e-56,5.658
ST_by_sens,10001,50,3963,0.9923849078959656,0.00761509210403447,0.3300613216775625,66.16292442365072,0.00675927451216095,10.362633927936784,the_leaf,23,1.1033369680354788e-73,5.331360635063967e-47,5.719
ST_by_sens,10001,50,3963,0.9928868388332356,0.00711316116676376,0.3625970092461964,70.79581757671816,0.00675927451216095,10.362633927936784,the_lip_the_lips,23,1.7327320987258835e-86,2.3277330111552496e-55,5.663
ST_by_sens,10001,50,3963,0.9793423179753672,0.02065768202463302,0.36644369387393594,24.71461759449717,0.00675927451216095,10.362633927936784,the_liver,11,5.538253815089054e-31,1.9337259666848766e-19,6.255
ST_by_sens,10001,50,3963,0.909374986110002,0.09062501388999976,1.0981957298284677,6.067068720780968,0.00675927451216095,10.362633927936784,the_louse,6,5.500401423595613e-23,1.755932363729538e-14,6.583
ST_by_sens,10001,50,3963,0.9925459737359372,0.00745402626406125,0.34155338233774524,67.58159753903536,0.00675927451216095,10.362633927936784,the_lung,23,7.64993718903348e-78,1.0264384168895667e-49,5.699
ST_by_sens,10001,50,3963,0.9936844035323136,0.00631559646768397,0.5112969294332377,79.67226388556854,0.00675927451216095,10.362633927936784,the_man_male_human,31,8.04947994699457e-137,4.299660684669106e-88,5.543
ST_by_sens,10001,50,3963,0.9856734701748538,0.01432652982514875,0.2721121991005532,35.407554198965315,0.00675927451216095,10.362633927936784,the_meat,14,6.476034682869224e-33,1.3479002487692948e-20,6.2
ST_by_sens,10001,50,3963,0.9664586740211542,0.03354132597884598,0.19935984407511145,15.42433640604482,0.00675927451216095,10.362633927936784,the_moon,7,5.496282156755593e-11,1.3733714592516357e-6,8.034
ST_by_sens,10001,50,3963,0.9961617347423616,0.00383826525763831,0.33917162817469576,130.76910881867687,0.00675927451216095,10.362633927936784,the_mountain,38,6.635715877080244e-149,6.793802730889317e-96,5.527
ST_by_sens,10001,50,3963,0.98869400809607,0.01130599190393122,0.39684724665137455,44.730054986369794,0.00675927451216095,10.362633927936784,the_mouse_or_rat,19,4.968744321668164e-60,3.617929343169242e-38,5.807
ST_by_sens,10001,50,3963,0.9908491558171472,0.00915084418285246,0.6046767593966296,55.14438533294126,0.00675927451216095,10.362633927936784,the_mouth,30,3.9839799353724377e-112,5.52876972639139e-72,5.588
ST_by_sens,10001,50,3963,0.996231115358966,0.0037688846410311,0.37275408041815206,133.16713543605195,0.00675927451216095,10.362633927936784,the_mud,33,1.4587792171633174e-166,1.7447837378983377e-107,5.507
ST_by_sens,10001,50,3963,0.9769251386646002,0.02307486133539995,0.89520084069184,22.18041252930942,0.00675927451216095,10.362633927936784,the_nail_fingernail_or_claw,18,4.612855295109217e-67,8.780149978588933e-43,5.757
ST_by_sens,10001,50,3963,0.990246723069483,0.00975327693051655,0.7078674739712365,51.769746079603344,0.00675927451216095,10.362633927936784,the_neck,25,3.716510261108733e-123,2.8952041265039056e-79,5.566
ST_by_sens,10001,50,3963,0.9740555248749204,0.02594447512507942,0.4939047614904838,19.785243577948982,0.00675927451216095,10.362633927936784,the_needle_for_sewing,12,2.253962675888639e-33,5.800152545516075e-21,6.188
ST_by_sens,10001,50,3963,0.9536550442483518,0.04634495575164146,0.6349911707313216,11.312959235620555,0.00675927451216095,10.362633927936784,the_nose,11,1.0010434599042698e-24,2.353566353899746e-15,6.493
ST_by_sens,10001,50,3963,0.9549325669286944,0.04506743307129995,0.4222141003005794,11.61808306407138,0.00675927451216095,10.362633927936784,the_pig,10,4.0969090087879124e-17,1.9953474857191793e-10,7.029
ST_by_sens,10001,50,3963,0.9845216464836036,0.01547835351639592,0.41065379330479934,32.811038282069745,0.00675927451216095,10.362633927936784,the_rain,15,9.665270556770854e-46,6.099227976574476e-29,5.955
ST_by_sens,10001,50,3963,0.988502106509237,0.0114978934907629,0.28835820915914767,43.99204226313894,0.00675927451216095,10.362633927936784,the_road,17,4.1641360818211016e-43,3.627545680319275e-27,5.993
ST_by_sens,10001,50,3963,0.9921514720222756,0.00784852797772217,0.6091530327033969,64.21016893353215,0.00675927451216095,10.362633927936784,the_root,29,2.1177517770574966e-131,1.3910357263321802e-84,5.552
ST_by_sens,10001,50,3963,0.9867310185507534,0.01326898144924889,0.817736791128364,38.18859114488067,0.00675927451216095,10.362633927936784,the_rope,26,4.684227450696406e-105,1.9806016771352216e-67,5.605
ST_by_sens,10001,50,3963,0.989501539648558,0.01049846035144222,0.3669610896272135,48.131336099917704,0.00675927451216095,10.362633927936784,the_salt,17,9.828491815965662e-60,5.05329914936938e-38,5.809
ST_by_sens,10001,50,3963,0.9843940227096396,0.01560597729036357,0.7212936106630641,32.54693268974731,0.00675927451216095,10.362633927936784,the_sand,18,3.716413499698673e-79,1.1149412601983728e-50,5.693
ST_by_sens,10001,50,3963,0.9780716322863504,0.0219283677136531,0.852620221448484,23.312724756975964,0.00675927451216095,10.362633927936784,the_seed,19,3.925452836683785e-67,8.341165201896627e-43,5.757
ST_by_sens,10001,50,3963,0.9666011566520276,0.03339884334797168,0.9502690217292916,15.487854750468545,0.00675927451216095,10.362633927936784,the_shit,15,6.766105603932276e-50,1.1816685051067706e-31,5.903
ST_by_sens,10001,50,3963,0.988983208253976,0.01101679174602131,0.6263992189585048,45.890833590957904,0.00675927451216095,10.362633927936784,the_shoulder,23,9.192933981643043e-97,4.550439836402227e-62,5.628
ST_by_sens,10001,50,3963,0.9785664283462914,0.02143357165370909,1.1761844249252562,23.83884142985559,0.00675927451216095,10.362633927936784,the_skin,19,2.117434729666677e-94,1.3106782024142783e-60,5.635
ST_by_sens,10001,50,3963,0.9902112560761211,0.00978874392387709,0.5277446736930075,51.58401928325527,0.00675927451216095,10.362633927936784,the_sky,20,1.1243414475317346e-91,8.298940742032493e-59,5.644
ST_by_sens,10001,50,3963,0.978146856374388,0.02185314362561052,0.2436718778247689,23.391174065622597,0.00675927451216095,10.362633927936784,the_smoke,9,9.077090720364758e-20,3.3213822611485826e-12,6.794
ST_by_sens,10001,50,3963,0.9782759362461586,0.02172406375384035,0.4833920916935844,23.527054843328955,0.00675927451216095,10.362633927936784,the_snake,8,1.0115725064099641e-38,1.2462157416024051e-24,6.068
ST_by_sens,10001,50,3963,0.9934534587408284,0.00654654125916956,0.48679877874703953,76.87950331535845,0.00675927451216095,10.362633927936784,the_snow,25,9.300458942323451e-126,5.794767843001224e-81,5.561
ST_by_sens,10001,50,3963,0.9920355345677928,0.00796446543221177,0.3066215240626733,63.282866627091,0.00675927451216095,10.362633927936784,the_son,21,1.4933413036827758e-65,9.919128420588252e-42,5.767
ST_by_sens,10001,50,3963,0.996668183966397,0.003331816033602,0.3885995638477695,150.5699810588139,0.00675927451216095,10.362633927936784,the_spider,37,3.31903665067759e-196,8.651532008212527e-127,5.482
ST_by_sens,10001,50,3963,0.9922422525461738,0.00775774745382493,0.438877625374855,64.95560770894359,0.00675927451216095,10.362633927936784,the_star,24,5.754163162089798e-96,1.5725398467413765e-61,5.631
ST_by_sens,10001,50,3963,0.9943712267132964,0.00562877328670366,0.6524364685519548,89.33213193160766,0.00675927451216095,10.362633927936784,the_stick,34,1.915829359786342e-195,2.4972580593342383e-126,5.482
ST_by_sens,10001,50,3963,0.9744074422324434,0.02559255776755486,0.4593137837700704,20.050061993704652,0.00675927451216095,10.362633927936784,the_stone_a_piece_of,16,1.7101784203057167e-31,1.3059285802347144e-19,6.24
ST_by_sens,10001,50,3963,0.9935703213896606,0.00642967861033884,0.23725159463050535,78.26762019542795,0.00675927451216095,10.362633927936784,the_sun,14,9.183753812975459e-63,4.377949574139056e-40,5.786
ST_by_sens,10001,50,3963,0.9757347202249942,0.02426527977500708,0.6907734501986744,21.11800761996208,0.00675927451216095,10.362633927936784,the_tail,15,1.83745205070572e-49,2.26871790750195e-31,5.908
ST_by_sens,10001,50,3963,0.9962234736809832,0.00377652631901503,0.5585216545970131,132.89869548657407,0.00675927451216095,10.362633927936784,the_thigh,35,1.0423819477211508e-248,4.29524038541971e-161,5.452
ST_by_sens,10001,50,3963,0.9932969789406298,0.00670302105936754,0.5680236289060441,75.09660538408652,0.00675927451216095,10.362633927936784,the_thunder,31,3.0885559485813533e-143,2.781795986417323e-92,5.534
ST_by_sens,10001,50,3963,0.9884892691391504,0.01151073086084901,0.2793027271272154,43.94355071418506,0.00675927451216095,10.362633927936784,the_tongue,14,9.900838336563192e-42,2.3648231713496848e-26,6.015
ST_by_sens,10001,50,3963,0.9861651360074972,0.01383486399249898,0.3492837842219557,36.647593832294945,0.00675927451216095,10.362633927936784,the_tooth_front,16,1.7199389155388819e-43,1.916712325599027e-27,5.987
ST_by_sens,10001,50,3963,0.9803113295099624,0.01968867049003851,0.30618983130721067,25.905357607245644,0.00675927451216095,10.362633927936784,the_tree,11,3.1650384934284525e-27,5.4877872890029784e-17,6.384
ST_by_sens,10001,50,3963,0.9875364011190112,0.01246359888098721,0.227500325070956,40.62313423251531,0.00675927451216095,10.362633927936784,the_water,15,1.3318084676507825e-31,1.0398828410811367e-19,6.236
ST_by_sens,10001,50,3963,0.9888320183553156,0.01116798164468922,0.7165725845698194,45.27649427972507,0.00675927451216095,10.362633927936784,the_wind,26,4.066453928594455e-109,4.416058894452522e-70,5.595
ST_by_sens,10001,50,3963,0.9910456440482786,0.00895435595172179,0.5036298678874249,56.343262783732634,0.00675927451216095,10.362633927936784,the_wing,23,1.581303743414721e-95,2.9158786379812757e-61,5.632
ST_by_sens,10001,50,3963,0.99639589291427,0.00360410708572814,0.35797696770254894,139.2324256447636,0.00675927451216095,10.362633927936784,the_woman,35,3.0509055893840576e-167,6.661936065886395e-108,5.506
ST_by_sens,10001,50,3963,0.9879045432753988,0.01209545672460219,0.2976873339828989,41.84395724268303,0.00675927451216095,10.362633927936784,the_year,16,2.425226687059129e-42,1.0787286178083323e-26,6.005
ST_by_sens,10001,50,3963,0.9796480607531172,0.02035193924687915,0.7175106229331368,25.078070773129863,0.00675927451216095,10.362633927936784,thick,22,7.676098148567068e-61,1.237502339491556e-38,5.8
ST_by_sens,10001,50,3963,0.9928421722634562,0.00715782773654631,0.3279354511497884,70.35719974535492,0.00675927451216095,10.362633927936784,thin_object,23,8.268205748660185e-78,1.0798688004507614e-49,5.699
ST_by_sens,10001,50,3963,0.9769682102895568,0.02303178971044529,0.6810701696581402,22.22091230124036,0.00675927451216095,10.362633927936784,thou_second_person_singular,12,2.749760857146423e-51,1.1677574425788774e-32,5.887
ST_by_sens,10001,50,3963,0.7490057450310502,0.25099425496895056,0.20316932387560227,2.6596290903373454,0.00675927451216095,10.362633927936784,three,3,0.2046379653552999,0.9436573771483254,23.554
ST_by_sens,10001,50,3963,0.9836959812500524,0.01630401874994616,0.7087075124595659,31.175572757596495,0.00675927451216095,10.362633927936784,to_be_alive,24,1.533347702613268e-74,1.5336613211630282e-47,5.715
ST_by_sens,10001,50,3963,0.9907171782562578,0.00928282174374021,1.1983941856460267,54.367617293033206,0.00675927451216095,10.362633927936784,to_bite,34,2.1360054047806977e-218,2.5779361597572352e-141,5.467
ST_by_sens,10001,50,3963,0.9946658074100496,0.00533419258995192,0.6150797107345342,94.2375797121893,0.00675927451216095,10.362633927936784,to_burn_intransitive,35,2.2447027121828268e-194,1.282003213626002e-125,5.483
ST_by_sens,10001,50,3963,0.98840058746466,0.01159941253533907,0.4767964356576744,43.61149906506728,0.00675927451216095,10.362633927936784,to_buy,23,3.3933204363318184e-70,1.0096020385493344e-44,5.738
ST_by_sens,10001,50,3963,0.9926651889606556,0.00733481103934499,0.6364126512837195,68.671776451577,0.00675927451216095,10.362633927936784,to_chew,27,9.818909628718401e-147,1.260760565049866e-94,5.53
ST_by_sens,10001,50,3963,0.9908865147406394,0.00911348525935945,0.5049429800622481,55.368351187285185,0.00675927451216095,10.362633927936784,to_come,22,3.948810650910079e-94,2.2797153544645686e-60,5.636
ST_by_sens,10001,50,3963,0.995741920202114,0.00425807979788481,0.5424162783906736,117.92595914650896,0.00675927451216095,10.362633927936784,to_count,38,2.0020852919075507e-214,1.129473133967006e-138,5.47
ST_by_sens,10001,50,3963,0.9915323521468112,0.00846764785318769,0.319187274851821,59.55254509420564,0.00675927451216095,10.362633927936784,to_cry_weep,18,3.1288672687127013e-64,6.196921207799752e-41,5.776
ST_by_sens,10001,50,3963,0.9147670773112306,0.08523292268876907,0.41925120130266097,6.412865001057661,0.00675927451216095,10.362633927936784,to_die,8,1.114007587728997e-9,1.0941126574486016e-5,8.422
ST_by_sens,10001,50,3963,0.9913510894805974,0.00864891051940082,0.5659859511599068,58.31511174293912,0.00675927451216095,10.362633927936784,to_dig,25,5.405704395971527e-111,2.5286931190751203e-71,5.591
ST_by_sens,10001,50,3963,0.98135278059686,0.01864721940314257,0.5986754923885989,27.323149992466977,0.00675927451216095,10.362633927936784,to_drink,19,2.2442693093712382e-55,3.959733986864267e-35,5.846
ST_by_sens,10001,50,3963,0.9692083288310188,0.03079167116898218,0.4259280482245799,16.7540422609665,0.00675927451216095,10.362633927936784,to_eat,12,1.4438488629902469e-24,3.2611645706553157e-15,6.501
ST_by_sens,10001,50,3963,0.996418627998564,0.00358137200143808,0.463681036484082,140.11309686964236,0.00675927451216095,10.362633927936784,to_fight,37,8.93660361709561e-218,7.142122000419412e-141,5.468
ST_by_sens,10001,50,3963,0.9950216564995442,0.00497834350045746,0.3117968287659785,100.93751579337774,0.00675927451216095,10.362633927936784,to_fly_move_through_air,29,7.181192336829497e-106,6.4932332395917295e-68,5.603
ST_by_sens,10001,50,3963,0.9852659559927596,0.01473404400723947,0.8207768042932544,34.44249189288966,0.00675927451216095,10.362633927936784,to_forget,23,3.589137202448197e-95,4.979555829717794e-61,5.633
ST_by_sens,10001,50,3963,0.9915332615284832,0.00846673847151801,0.32223070568370654,59.55888679277306,0.00675927451216095,10.362633927936784,to_give,21,7.639194563335066e-65,2.87950107943302e-41,5.772
ST_by_sens,10001,50,3963,0.9880575465876674,0.01194245341233028,0.7485337342841962,42.37348744466243,0.00675927451216095,10.362633927936784,to_hear,27,1.082392559464259e-106,1.7573318237950877e-68,5.601
ST_by_sens,10001,50,3963,0.9950013004660022,0.00499869953399856,0.8494849214937494,100.52852799266653,0.00675927451216095,10.362633927936784,to_hide_conceal,42,4.992173768661907e-286,2.215965324024811e-185,5.437
ST_by_sens,10001,50,3963,0.993565162913221,0.00643483708677905,1.289400452818791,78.20528311872792,0.00675927451216095,10.362633927936784,to_hold,42,0,4.626539913737844e-219,5.422
ST_by_sens,10001,50,3963,0.9941395856635376,0.00586041433646307,0.5136659020686564,85.82114706406436,0.00675927451216095,10.362633927936784,to_hunt,34,5.286513383264501e-148,2.3565043509339394e-95,5.528
ST_by_sens,10001,50,3963,0.978471875182496,0.0215281248175029,0.251101192705302,23.736432935721336,0.00675927451216095,10.362633927936784,to_kill,12,1.223737118522337e-20,1.196967070863128e-12,6.73
ST_by_sens,10001,50,3963,0.9921515119997576,0.00784848800023808,0.2613148864679185,64.2104934106503,0.00675927451216095,10.362633927936784,to_laugh,16,8.770832779538984e-57,4.015190700865891e-36,5.834
ST_by_sens,10001,50,3963,0.976200858423055,0.02379914157694428,0.5589498427262616,21.5213507984573,0.00675927451216095,10.362633927936784,to_lick,18,6.478956579582984e-41,1.036603282843082e-25,6.029
ST_by_sens,10001,50,3963,0.9965558094611036,0.00344419053889623,0.4187751123896718,145.67371965238047,0.00675927451216095,10.362633927936784,to_play,39,1.555589636608119e-204,3.324702596026732e-132,5.476
ST_by_sens,10001,50,3963,0.995538441397512,0.00446155860248722,0.4430122816843756,112.57070037758297,0.00675927451216095,10.362633927936784,to_push,37,2.4559073477033834e-167,6.1124963255224145e-108,5.506
ST_by_sens,10001,50,3963,0.9945504260780011,0.00544957392199832,0.7163421146591109,92.25303197067964,0.00675927451216095,10.362633927936784,to_reside_live,34,1.6580695548077979e-221,2.4027447575682132e-143,5.465
ST_by_sens,10001,50,3963,0.9924949568146466,0.00750504318535328,0.8380849766554348,67.12564937321682,0.00675927451216095,10.362633927936784,to_scratch,36,1.1291936221225456e-188,6.962871763009787e-122,5.487
ST_by_sens,10001,50,3963,0.9910489164740746,0.0089510835259248,0.8216327234609953,56.36367519949194,0.00675927451216095,10.362633927936784,to_see,32,1.9212313314923475e-155,3.079794198556266e-100,5.519
ST_by_sens,10001,50,3963,0.9875394275965776,0.01246057240341842,0.269045810529606,40.63287642803066,0.00675927451216095,10.362633927936784,to_shoot_an_arrow,17,3.00105950742839e-37,2.4222773190531796e-23,6.098
ST_by_sens,10001,50,3963,0.9955026459046618,0.0044973540953378,0.4808480398679728,111.67873936208812,0.00675927451216095,10.362633927936784,to_sing,36,3.923586075971291e-180,2.625895095382556e-116,5.494
ST_by_sens,10001,50,3963,0.9904995321795392,0.00950046782045663,0.3669611596611189,53.133783068127606,0.00675927451216095,10.362633927936784,to_sleep,24,7.238204993643161e-66,7.064889429588467e-42,5.765
ST_by_sens,10001,50,3963,0.9708454361106628,0.02915456388933817,0.6141220308039586,17.66498860381126,0.00675927451216095,10.362633927936784,to_smell_perceive_odor_transitive,11,5.711189339272761e-37,2.3857553964603687e-23,6.104
ST_by_sens,10001,50,3963,0.9939634837658432,0.00603651623415575,0.7659458064601271,83.33226798708468,0.00675927451216095,10.362633927936784,to_spit,36,5.741739765113632e-214,2.1288402638186173e-138,5.47
ST_by_sens,10001,50,3963,0.9845308711098176,0.0154691288901817,0.4740277642941216,32.830296711591515,0.00675927451216095,10.362633927936784,to_stand,16,1.0181869667115418e-52,1.8099444628713345e-33,5.872
ST_by_sens,10001,50,3963,0.987312894829844,0.01268710517015682,0.2861666816717824,39.91651848926277,0.00675927451216095,10.362633927936784,to_steal,16,6.886561167018682e-39,1.939054393750251e-24,6.065
ST_by_sens,10001,50,3963,0.9927413971535994,0.00725860284639928,0.636242505638027,69.3874356201977,0.00675927451216095,10.362633927936784,to_think_reflect,30,3.2351298409180934e-148,1.5088931460759958e-95,5.528
ST_by_sens,10001,50,3963,0.993849645978526,0.00615035402147291,0.7694397059996892,81.79922744702179,0.00675927451216095,10.362633927936784,to_throw,39,5.3353579040594915e-211,1.9990997070815518e-136,5.472
ST_by_sens,10001,50,3963,0.9702387092532182,0.02976129074678047,1.1466210797890128,17.315683703589993,0.00675927451216095,10.362633927936784,to_vomit,15,4.662659222172962e-67,7.368274232330874e-43,5.757
ST_by_sens,10001,50,3963,0.9916115578498148,0.00838844215018611,0.534202952267987,60.11005293417756,0.00675927451216095,10.362633927936784,to_walk,33,5.265995254332617e-108,2.983935169810455e-69,5.598
ST_by_sens,10001,50,3963,0.993957830698351,0.00604216930165062,0.3825472747552868,83.25477562867749,0.00675927451216095,10.362633927936784,to_wipe,33,3.9541758283999235e-107,1.112924042618643e-68,5.6
ST_by_sens,10001,50,3963,0.9508092868444994,0.04919071315549939,0.4791088071764133,10.69038806311985,0.00675927451216095,10.362633927936784,two,9,7.742459677848606e-18,6.052298293435537e-11,6.958
ST_by_sens,10001,50,3963,0.9933149116059984,0.00668508839400059,0.3895486042708993,75.29669169926773,0.00675927451216095,10.362633927936784,wet,30,1.015261049624765e-98,3.1316511487189673e-63,5.622
ST_by_sens,10001,50,3963,0.973487688046658,0.02651231195333925,0.4464253490212369,19.37277970230456,0.00675927451216095,10.362633927936784,white,21,1.277911323252241e-29,2.865677757203502e-18,6.298
ST_by_sens,10001,50,3963,0.9933247452271844,0.00667525477281714,0.31688227989025575,75.40686816481899,0.00675927451216095,10.362633927936784,who,25,1.4777905988064122e-80,1.8858413710316068e-51,5.687
ST_by_sens,10001,50,3963,0.9885862647434602,0.01141373525653976,0.6117585989656619,44.31264130215836,0.00675927451216095,10.362633927936784,yellow,23,2.7139484999922545e-91,1.6966535694366928e-58,5.646
