"","family","calibration","tip","s"
"1","Bantu","a","Fefe_Grassfields",6.975
"2","Bantu","a","Mungaka_Grassfields",6.975
"3","Bantu","a","Bamun_Grassfields",6.975
"4","Bantu","a","Kom_Grassfields",6.975
"5","Bantu","a","Oku_Grassfields",6.975
"6","Bantu","a","Aghem_Grassfields",6.975
"7","Bantu","a","Njen_Grassfields",6.975
"8","Bantu","a","Moghamo_Grassfields",6.975
"9","Bantu","a","Tiv_Tivoid",6.975
"10","Bantu","b","*D20B_Vamba_1919",4.458
"11","Bantu","b","*D304_Homa_1919",4.458
"12","Bantu","b","*D305_Nyanga-li",4.458
"13","Bantu","b","*D308_Bodo2",4.458
"14","Bantu","b","*D308_Ebodo",4.458
"15","Bantu","b","A11_Londo",4.458
"16","Bantu","b","A121_Mbonge",4.458
"17","Bantu","b","A122_Bakundu",4.458
"18","Bantu","b","A141_Lefo",4.458
"19","Bantu","b","A151_Nkongho",4.458
"20","Bantu","b","A15A_Mbuu",4.458
"21","Bantu","b","A15B_Mienge_NW_Manenguba",4.458
"22","Bantu","b","A15C_Akossi",4.458
"23","Bantu","b","A15C_Elung_Central_Manenguba",4.458
"24","Bantu","b","A15C_Mkaa",4.458
"25","Bantu","b","A15_Manenguba",4.458
"26","Bantu","b","A22_Bakweri",4.458
"27","Bantu","b","A24_Duala",4.458
"28","Bantu","b","A27_Malimba",4.458
"29","Bantu","b","A31_Bubi",4.458
"30","Bantu","b","A32C_Batanga",4.458
"31","Bantu","b","A33a_Yasa",4.458
"32","Bantu","b","A34_Benga",4.458
"33","Bantu","b","A41_Barombi-Kang",4.458
"34","Bantu","b","A42_Abo",4.458
"35","Bantu","b","A43a_Basaa",4.458
"36","Bantu","b","A44_Tunen",4.458
"37","Bantu","b","A45_Nyokon",4.458
"38","Bantu","b","A462_Yambeta",4.458
"39","Bantu","b","A46_Nomaande",4.458
"40","Bantu","b","A51_Bafia_maja",4.458
"41","Bantu","b","A53_Bafia_rikpa",4.458
"42","Bantu","b","A54_Tibea",4.458
"43","Bantu","b","A601_Tuki",4.458
"44","Bantu","b","A61_Ngoro-Asom",4.458
"45","Bantu","b","A61_Ngoro-Bisoo",4.458
"46","Bantu","b","A61_Ngoro-lunda",4.458
"47","Bantu","b","A621_Nubaca",4.458
"48","Bantu","b","A622_Nugunu",4.458
"49","Bantu","b","A62A_Nuasue",4.458
"50","Bantu","b","A62A_Nukalonge",4.458
"51","Bantu","b","A62B_Mmala",4.458
"52","Bantu","b","A62C_Libie",4.458
"53","Bantu","b","A63_Mangisa",4.458
"54","Bantu","b","A71_Eton",4.458
"55","Bantu","b","A72a_Ewondo",4.458
"56","Bantu","b","A74a_Bulu",4.458
"57","Bantu","b","A75a_Fang_Bitam",4.458
"58","Bantu","b","A75a_Fang_Medouneu",4.458
"59","Bantu","b","A75a_Fang_Minvoul",4.458
"60","Bantu","b","A803_Shiwa",4.458
"61","Bantu","b","A81_Kwasio",4.458
"62","Bantu","b","A832_Bekol",4.458
"63","Bantu","b","A83_Mekaa",4.458
"64","Bantu","b","A841_Badwe",4.458
"65","Bantu","b","A84_Njem",4.458
"66","Bantu","b","A85b_Bekwil_Makokou",4.458
"67","Bantu","b","A85b_Bekwil_Mv",4.458
"68","Bantu","b","A86c_Mpiemo",4.458
"69","Bantu","b","A87_Bomwali",4.458
"70","Bantu","b","A91_Kwakum",4.458
"71","Bantu","b","A93_Kako",4.458
"72","Bantu","b","B11F_Enenga",4.458
"73","Bantu","b","B11a_Mpongwe",4.458
"74","Bantu","b","B11b_Orungu",4.458
"75","Bantu","b","B11c_Galwa",4.458
"76","Bantu","b","B11d_Dyumba",4.458
"77","Bantu","b","B201_Ndasa",4.458
"78","Bantu","b","B202_Sigu",4.458
"79","Bantu","b","B203_Samaye",4.458
"80","Bantu","b","B204_Ndambomo_Li",4.458
"81","Bantu","b","B204_Ndambomo_Massoukou",4.458
"82","Bantu","b","B204_Ndambomo_Mbadi",4.458
"83","Bantu","b","B21_Seki",4.458
"84","Bantu","b","B22E_Mwesa",4.458
"85","Bantu","b","B22a_Kele",4.458
"86","Bantu","b","B22b_Koya",4.458
"87","Bantu","b","B22b_Ngom",4.458
"88","Bantu","b","B23_Mbangwe",4.458
"89","Bantu","b","B24_Wumbvu",4.458
"90","Bantu","b","B251_Shake",4.458
"91","Bantu","b","B252_Mahongwe",4.458
"92","Bantu","b","B25_Kota",4.458
"93","Bantu","b","B301_Viya",4.458
"94","Bantu","b","B302_Himba",4.458
"95","Bantu","b","B304_Pinzi",4.458
"96","Bantu","b","B305_Vove",4.458
"97","Bantu","b","B31_Tsogo",4.458
"98","Bantu","b","B32_Kande",4.458
"99","Bantu","b","B404_Ngubi",4.458
"100","Bantu","b","B41_Shira",4.458
"101","Bantu","b","B42_Sangu_Mb",4.458
"102","Bantu","b","B42_Sangu_Mi",4.458
"103","Bantu","b","B43_Punu",4.458
"104","Bantu","b","B44_Lumbu",4.458
"105","Bantu","b","B501_Wanzi_E",4.458
"106","Bantu","b","B501_Wanzi_Mo",4.458
"107","Bantu","b","B503_Vili",4.458
"108","Bantu","b","B51_Duma",4.458
"109","Bantu","b","B51_Duma_La",4.458
"110","Bantu","b","B52_Nzebi",4.458
"111","Bantu","b","B53_Tsaangi_Poungi",4.458
"112","Bantu","b","B601_Lempini",4.458
"113","Bantu","b","B602_Kaningi_Nord",4.458
"114","Bantu","b","B602_Kaningi_Sud",4.458
"115","Bantu","b","B62_Mbaama",4.458
"116","Bantu","b","B63_Ndumu",4.458
"117","Bantu","b","B701_Atsitsege",4.458
"118","Bantu","b","B71aIb_Teke_Ibali_Congo",4.458
"119","Bantu","b","B71aLe_Teke_Leconi",4.458
"120","Bantu","b","B71a_Teke_Dj",4.458
"121","Bantu","b","B71a_Teke_Os",4.458
"122","Bantu","b","B77b_Fumu",4.458
"123","Bantu","b","B78_Wuumu",4.458
"124","Bantu","b","B81_Tiene",4.458
"125","Bantu","b","B82_Buma",4.458
"126","Bantu","b","B84_Mbunda",4.458
"127","Bantu","b","B85_Yanzi",4.458
"128","Bantu","b","B85d_Nsongo",4.458
"129","Bantu","b","B85e_Mput",4.458
"130","Bantu","b","B861_Ngul",4.458
"131","Bantu","b","B862_Lwel",4.458
"132","Bantu","b","B863_Pindi",4.458
"133","Bantu","b","B864_Ngong",4.458
"134","Bantu","b","B865_Nzadi",4.458
"135","Bantu","b","B86_Dinga",4.458
"136","Bantu","b","B86_Dzing",4.458
"137","Bantu","b","Bile_Jarawan",4.458
"138","Bantu","b","Bwazza_Jarawan",4.458
"139","Bantu","b","C101_Babole_Dz",4.458
"140","Bantu","b","C101_Babole_Ep",4.458
"141","Bantu","b","C101_Babole_Ma",4.458
"142","Bantu","b","C104_Aka",4.458
"143","Bantu","b","C105_Mbenga",4.458
"144","Bantu","b","C141_Bonyala",4.458
"145","Bantu","b","C142_Mondongo",4.458
"146","Bantu","b","C15_Bongili",4.458
"147","Bantu","b","C21_Ngare",4.458
"148","Bantu","b","C22_Akwa",4.458
"149","Bantu","b","C24_Koyo",4.458
"150","Bantu","b","C25A_Bunji",4.458
"151","Bantu","b","C25B_Olee",4.458
"152","Bantu","b","C25C_Ondinga",4.458
"153","Bantu","b","C25E_Eboyi",4.458
"154","Bantu","b","C25_Mboshi",4.458
"155","Bantu","b","C302_Bolondo",4.458
"156","Bantu","b","C322_Zamba",4.458
"157","Bantu","b","C323_Mpama",4.458
"158","Bantu","b","C32_Bobangi",4.458
"159","Bantu","b","C34_Sakata",4.458
"160","Bantu","b","C36d_Lingala",4.458
"161","Bantu","b","C36g_Monyongo",4.458
"162","Bantu","b","C36g_Mosange",4.458
"163","Bantu","b","C37_Ebudza",4.458
"164","Bantu","b","C401_Babati_1919",4.458
"165","Bantu","b","C401_Pakabete",4.458
"166","Bantu","b","C412_Libobi",4.458
"167","Bantu","b","C41_Ngombe",4.458
"168","Bantu","b","C42_Ebwela",4.458
"169","Bantu","b","C43A_Baati",4.458
"170","Bantu","b","C44_Bwa",4.458
"171","Bantu","b","C52_Soko",4.458
"172","Bantu","b","C52_Soko_1919",4.458
"173","Bantu","b","C54_Turumba_1919",4.458
"174","Bantu","b","C55_Lokele",4.458
"175","Bantu","b","C61E_Konda",4.458
"176","Bantu","b","C61_Mongo",4.458
"177","Bantu","b","C71_Tetela",4.458
"178","Bantu","b","C76_Ombo",4.458
"179","Bantu","b","C81_Dengese",4.458
"180","Bantu","b","C83_Bushong",4.458
"181","Bantu","b","C85_Wongo",4.458
"182","Bantu","b","D11_Mbole",4.458
"183","Bantu","b","D12_Lengola",4.458
"184","Bantu","b","D13_Metoko",4.458
"185","Bantu","b","D14_Enya",4.458
"186","Bantu","b","D201_Liko",4.458
"187","Bantu","b","D211_Kango",4.458
"188","Bantu","b","D21_Baali",4.458
"189","Bantu","b","D23_Kibira-Kumu_1919",4.458
"190","Bantu","b","D24_Songola",4.458
"191","Bantu","b","D25_Lega",4.458
"192","Bantu","b","D28_Holoholo",4.458
"193","Bantu","b","D311_Bila",4.458
"194","Bantu","b","D313_Mbuttu_1919",4.458
"195","Bantu","b","D32_Bira",4.458
"196","Bantu","b","D32_Bira_Bunia",4.458
"197","Bantu","b","D331_Bvanuma",4.458
"198","Bantu","b","D333_Ndaaka",4.458
"199","Bantu","b","D334_Mbo",4.458
"200","Bantu","b","D33_Nyali",4.458
"201","Bantu","b","D43_Nyanga",4.458
"202","Bantu","b","D55_Buyu",4.458
"203","Bantu","b","Duguri_Jarawan",4.458
"204","Bantu","b","E46_Sonjo",4.458
"205","Bantu","b","E51_Kikuyu",4.458
"206","Bantu","b","E52_Embu",4.458
"207","Bantu","b","E52_Mbeere",4.458
"208","Bantu","b","E531_Muthambi",4.458
"209","Bantu","b","E531_Mwimbi",4.458
"210","Bantu","b","E53_Igoji",4.458
"211","Bantu","b","E53_Imenti",4.458
"212","Bantu","b","E53_Meru",4.458
"213","Bantu","b","E53_Meruimenti",4.458
"214","Bantu","b","E53_Merutig",4.458
"215","Bantu","b","E53_Miutini",4.458
"216","Bantu","b","E53_Tigania",4.458
"217","Bantu","b","E541_Chuka",4.458
"218","Bantu","b","E54_Tharaka",4.458
"219","Bantu","b","E55_Kamba",4.458
"220","Bantu","b","E55_Kamba_Kitu",4.458
"221","Bantu","b","E55_Kamba_Mach",4.458
"222","Bantu","b","E56_Daiso",4.458
"223","Bantu","b","E621B_Machame",4.458
"224","Bantu","b","E621C_Siha",4.458
"225","Bantu","b","E621D_Kibosho",4.458
"226","Bantu","b","E622A_Kimochi",4.458
"227","Bantu","b","E622C_Lema",4.458
"228","Bantu","b","E622C_Mamba",4.458
"229","Bantu","b","E622C_Vunjo",4.458
"230","Bantu","b","E623A_Kiseri",4.458
"231","Bantu","b","E623D_Keni",4.458
"232","Bantu","b","E623_Mkuu",4.458
"233","Bantu","b","E64_Kahe",4.458
"234","Bantu","b","E65_Gweno",4.458
"235","Bantu","b","E701_Elwana",4.458
"236","Bantu","b","E71A_Upper_Pokomo",4.458
"237","Bantu","b","E72a_Giryama",4.458
"238","Bantu","b","E73_Digo",4.458
"239","Bantu","b","E74a_Dawida",4.458
"240","Bantu","b","E74a_Tuveta",4.458
"241","Bantu","b","F12_Bende",4.458
"242","Bantu","b","F21_Ntuzu",4.458
"243","Bantu","b","F21_Sukuma",4.458
"244","Bantu","b","F22_Nyamwezi",4.458
"245","Bantu","b","F23_Sumbwa",4.458
"246","Bantu","b","F24_Kimbu",4.458
"247","Bantu","b","F25_Bungu",4.458
"248","Bantu","b","F31_Nyiramba",4.458
"249","Bantu","b","F32_Nyaturucha",4.458
"250","Bantu","b","F32_Nyaturuwil",4.458
"251","Bantu","b","F33_Langi",4.458
"252","Bantu","b","G11_Gogo",4.458
"253","Bantu","b","G12_Kagulu",4.458
"254","Bantu","b","G22A_North_Pare",4.458
"255","Bantu","b","G22B_South_Pare",4.458
"256","Bantu","b","G22_Asu",4.458
"257","Bantu","b","G23_Sambaa",4.458
"258","Bantu","b","G24_Bondei",4.458
"259","Bantu","b","G31_Zigua",4.458
"260","Bantu","b","G32_Doe",4.458
"261","Bantu","b","G32_Kwere",4.458
"262","Bantu","b","G33_Zaramo",4.458
"263","Bantu","b","G34_Nguungulu",4.458
"264","Bantu","b","G35_Luguru",4.458
"265","Bantu","b","G36_Kami",4.458
"266","Bantu","b","G37_Kutu",4.458
"267","Bantu","b","G39_Saghala",4.458
"268","Bantu","b","G401_Mwani",4.458
"269","Bantu","b","G412_Mwiini",4.458
"270","Bantu","b","G41_Bajuni",4.458
"271","Bantu","b","G42_Swahili",4.458
"272","Bantu","b","G42a_Amu",4.458
"273","Bantu","b","G42d_Unguja",4.458
"274","Bantu","b","G43_Kae",4.458
"275","Bantu","b","G44D_Maore",4.458
"276","Bantu","b","G44a_Ngazija",4.458
"277","Bantu","b","G44b_Ndzwani",4.458
"278","Bantu","b","G51_Pogoro",4.458
"279","Bantu","b","G52_Ndamba",4.458
"280","Bantu","b","G61_Sangu",4.458
"281","Bantu","b","G62_Hehe",4.458
"282","Bantu","b","G63_Bena",4.458
"283","Bantu","b","G64_Pangwa",4.458
"284","Bantu","b","G65_Kinga",4.458
"285","Bantu","b","G66_Wanji",4.458
"286","Bantu","b","H111_Hangala",4.458
"287","Bantu","b","H11_Beembe",4.458
"288","Bantu","b","H12_Civili_Congo",4.458
"289","Bantu","b","H131_Kisundi_Congo_Kimongo_1988",4.458
"290","Bantu","b","H13_Kikunyi_1989",4.458
"291","Bantu","b","H16_Cilinji",4.458
"292","Bantu","b","H16_Cimbala",4.458
"293","Bantu","b","H16_Cizobe",4.458
"294","Bantu","b","H16_Kikongo",4.458
"295","Bantu","b","H16_Kimbata_Ngidinga",4.458
"296","Bantu","b","H16_Kimbeko",4.458
"297","Bantu","b","H16a_Kisikongo_2013",4.458
"298","Bantu","b","H16a_Kisolongo_DRC_2012",4.458
"299","Bantu","b","H16b_Kindibu_2013",4.458
"300","Bantu","b","H16c_Kiyombe_DRC_1982",4.458
"301","Bantu","b","H16c_Yombe",4.458
"302","Bantu","b","H16d_Ciwoyo_DRC_2012",4.458
"303","Bantu","b","H16f_Laadi",4.458
"304","Bantu","b","H16g_Kimpangu_2012",4.458
"305","Bantu","b","H16g_Ntandu",4.458
"306","Bantu","b","H16h_Kinkanu_2012",4.458
"307","Bantu","b","H21a_Kimbundu",4.458
"308","Bantu","b","H31_Yaka",4.458
"309","Bantu","b","H321_Soonde",4.458
"310","Bantu","b","H32_Suku",4.458
"311","Bantu","b","H41_Mbala",4.458
"312","Bantu","b","H42_Hunganna",4.458
"313","Bantu","b","JD53_Shi",4.458
"314","Bantu","b","JD62_Rundi",4.458
"315","Bantu","b","JD64_Shubi",4.458
"316","Bantu","b","JD65_Hangaza",4.458
"317","Bantu","b","JD66_Kiha",4.458
"318","Bantu","b","JD67_Kivinza",4.458
"319","Bantu","b","JE11_Runyoro",4.458
"320","Bantu","b","JE12_Rutooro",4.458
"321","Bantu","b","JE13_Runyankore",4.458
"322","Bantu","b","JE14_Rukiga",4.458
"323","Bantu","b","JE15_Luganda",4.458
"324","Bantu","b","JE16_Lusoga",4.458
"325","Bantu","b","JE17_Gwere",4.458
"326","Bantu","b","JE21_Runyambo",4.458
"327","Bantu","b","JE22_Haya",4.458
"328","Bantu","b","JE23_Zinza",4.458
"329","Bantu","b","JE24_Kerebe",4.458
"330","Bantu","b","JE25_Jita",4.458
"331","Bantu","b","JE25_Kilegi",4.458
"332","Bantu","b","JE25_Mkwaya",4.458
"333","Bantu","b","JE31_Lumasaaba",4.458
"334","Bantu","b","JE31c_Bukusu",4.458
"335","Bantu","b","JE32_Luyia",4.458
"336","Bantu","b","JE34_Samialugwe",4.458
"337","Bantu","b","JE401_Ngoreme",4.458
"338","Bantu","b","JE402_Ikizu",4.458
"339","Bantu","b","JE403_Suba",4.458
"340","Bantu","b","JE404_Shasi",4.458
"341","Bantu","b","JE41_Maragoli",4.458
"342","Bantu","b","JE42_Gusii",4.458
"343","Bantu","b","JE43_Kuria",4.458
"344","Bantu","b","JE43_Kuria_Mago",4.458
"345","Bantu","b","JE43_Kuria_Tari",4.458
"346","Bantu","b","JE44_Zanaki",4.458
"347","Bantu","b","JE45_Nata",4.458
"348","Bantu","b","K11_Ciokwe",4.458
"349","Bantu","b","K14_Lwena",4.458
"350","Bantu","b","K15_Mbunda",4.458
"351","Bantu","b","K21_Lozi",4.458
"352","Bantu","b","K31_Luyana",4.458
"353","Bantu","b","K332_Rumanyo",4.458
"354","Bantu","b","K33_Kwangali",4.458
"355","Bantu","b","Kulung_Jarawan",4.458
"356","Bantu","b","L11_Pende",4.458
"357","Bantu","b","L12b_Holu",4.458
"358","Bantu","b","L13_Kwese",4.458
"359","Bantu","b","L221_Lwalwa",4.458
"360","Bantu","b","L23_Songe",4.458
"361","Bantu","b","L31a_Luba-Kasai",4.458
"362","Bantu","b","L32_Kanyok",4.458
"363","Bantu","b","L33_Luba-Shaba",4.458
"364","Bantu","b","L34_Hemba",4.458
"365","Bantu","b","L35_Sanga",4.458
"366","Bantu","b","L41_Kaonde",4.458
"367","Bantu","b","L51_Salampasu",4.458
"368","Bantu","b","L52_Lunda",4.458
"369","Bantu","b","L53_Runda",4.458
"370","Bantu","b","L62_Nkoya",4.458
"371","Bantu","b","M11_Pimbwe",4.458
"372","Bantu","b","M12_Lungwa",4.458
"373","Bantu","b","M13_Fipa",4.458
"374","Bantu","b","M14_Rungu",4.458
"375","Bantu","b","M15_Mambwe",4.458
"376","Bantu","b","M21_Ndali",4.458
"377","Bantu","b","M21_Wanda",4.458
"378","Bantu","b","M22_Namwanga",4.458
"379","Bantu","b","M23_Nyiha",4.458
"380","Bantu","b","M24_Malila",4.458
"381","Bantu","b","M25_Safwa",4.458
"382","Bantu","b","M28_Lambya",4.458
"383","Bantu","b","M31_Nyakyusa",4.458
"384","Bantu","b","M41_Taabwa",4.458
"385","Bantu","b","M42_Bemba",4.458
"386","Bantu","b","M52_Lala",4.458
"387","Bantu","b","M54_Lamba",4.458
"388","Bantu","b","M61_Lenje",4.458
"389","Bantu","b","M62_Soli",4.458
"390","Bantu","b","M64_Tonga",4.458
"391","Bantu","b","Mbula_Jarawan",4.458
"392","Bantu","b","N11_Manda",4.458
"393","Bantu","b","N12_Ngoni",4.458
"394","Bantu","b","N13_Matengo",4.458
"395","Bantu","b","N14_Mpoto",4.458
"396","Bantu","b","N21_Tumbuka_Malawi",4.458
"397","Bantu","b","N31_Chewa",4.458
"398","Bantu","b","N42_Kunda",4.458
"399","Bantu","b","P11_Ndengeleko",4.458
"400","Bantu","b","P12_Rufiji",4.458
"401","Bantu","b","P13_Matumbi",4.458
"402","Bantu","b","P14_Ngindo",4.458
"403","Bantu","b","P15_Mbunga",4.458
"404","Bantu","b","P21_Yao",4.458
"405","Bantu","b","P22_Mwera",4.458
"406","Bantu","b","P23_Simakonde",4.458
"407","Bantu","b","P25_Mabia",4.458
"408","Bantu","b","P31G_Ikorovere",4.458
"409","Bantu","b","P31_Emakhua",4.458
"410","Bantu","b","R11_Umbundu",4.458
"411","Bantu","b","R21_Kwanyama",4.458
"412","Bantu","b","R22_Ndonga",4.458
"413","Bantu","b","R31_Herero",4.458
"414","Bantu","b","S11_Shona",4.458
"415","Bantu","b","S16_Kalanga",4.458
"416","Bantu","b","S21_Venda",4.458
"417","Bantu","b","S311_Shekgalagari",4.458
"418","Bantu","b","S31_Tswana",4.458
"419","Bantu","b","S41_Xhosa",4.458
"420","Bantu","b","S42_Zulu",4.458
"421","Bantu","b","S44_Ndebele",4.458
"422","Bantu","b","S51_Tshwa",4.458
"423","Bantu","b","S53_Tsonga",4.458
"424","Bantu","b","Zaambo_Jarawan",4.458
"425","Bantu","c","Duguri_Jarawan",3.234
"426","Bantu","c","Kulung_Jarawan",3.234
"427","Bantu","c","Bile_Jarawan",3.234
"428","Bantu","c","Zaambo_Jarawan",3.234
"429","Bantu","c","Bwazza_Jarawan",3.234
"430","Bantu","c","Mbula_Jarawan",3.234
"431","Bantu","c","A54_Tibea",3.234
"432","Bantu","c","A51_Bafia_maja",3.234
"433","Bantu","c","A53_Bafia_rikpa",3.234
"434","Bantu","c","A31_Bubi",3.234
"435","Bantu","c","A45_Nyokon",3.234
"436","Bantu","c","A44_Tunen",3.234
"437","Bantu","c","A46_Nomaande",3.234
"438","Bantu","c","A462_Yambeta",3.234
"439","Bantu","c","A601_Tuki",3.234
"440","Bantu","c","A622_Nugunu",3.234
"441","Bantu","c","A62B_Mmala",3.234
"442","Bantu","c","A62C_Libie",3.234
"443","Bantu","c","A62A_Nuasue",3.234
"444","Bantu","c","A62A_Nukalonge",3.234
"445","Bantu","c","A621_Nubaca",3.234
"446","Bantu","c","A24_Duala",3.234
"447","Bantu","c","A27_Malimba",3.234
"448","Bantu","c","A33a_Yasa",3.234
"449","Bantu","c","A32C_Batanga",3.234
"450","Bantu","c","A34_Benga",3.234
"451","Bantu","c","A22_Bakweri",3.234
"452","Bantu","c","A122_Bakundu",3.234
"453","Bantu","c","A11_Londo",3.234
"454","Bantu","c","A121_Mbonge",3.234
"455","Bantu","c","A141_Lefo",3.234
"456","Bantu","c","A15C_Akossi",3.234
"457","Bantu","c","A15C_Mkaa",3.234
"458","Bantu","c","A15C_Elung_Central_Manenguba",3.234
"459","Bantu","c","A151_Nkongho",3.234
"460","Bantu","c","A15A_Mbuu",3.234
"461","Bantu","c","A15_Manenguba",3.234
"462","Bantu","c","A15B_Mienge_NW_Manenguba",3.234
"463","Bantu","c","A43a_Basaa",3.234
"464","Bantu","c","A41_Barombi-Kang",3.234
"465","Bantu","c","A42_Abo",3.234
"466","Bantu","c","A61_Ngoro-lunda",3.234
"467","Bantu","c","A61_Ngoro-Asom",3.234
"468","Bantu","c","A61_Ngoro-Bisoo",3.234
"469","Bantu","c","A63_Mangisa",3.234
"470","Bantu","c","A71_Eton",3.234
"471","Bantu","c","A72a_Ewondo",3.234
"472","Bantu","c","A74a_Bulu",3.234
"473","Bantu","c","A75a_Fang_Bitam",3.234
"474","Bantu","c","A75a_Fang_Minvoul",3.234
"475","Bantu","c","A75a_Fang_Medouneu",3.234
"476","Bantu","d","E55_Kamba_Mach",2.498
"477","Bantu","d","E623_Mkuu",2.498
"478","Bantu","d","G61_Sangu",2.498
"479","Bantu","d","E51_Kikuyu",2.498
"480","Bantu","d","P15_Mbunga",2.498
"481","Bantu","d","G12_Kagulu",2.498
"482","Bantu","d","JE15_Luganda",2.498
"483","Bantu","d","F25_Bungu",2.498
"484","Bantu","d","M52_Lala",2.498
"485","Bantu","d","E53_Imenti",2.498
"486","Bantu","d","M11_Pimbwe",2.498
"487","Bantu","d","E56_Daiso",2.498
"488","Bantu","d","D21_Baali",2.498
"489","Bantu","d","JD62_Rundi",2.498
"490","Bantu","d","G66_Wanji",2.498
"491","Bantu","d","E54_Tharaka",2.498
"492","Bantu","d","E621B_Machame",2.498
"493","Bantu","d","G33_Zaramo",2.498
"494","Bantu","d","K21_Lozi",2.498
"495","Bantu","d","*D308_Bodo2",2.498
"496","Bantu","d","E71A_Upper_Pokomo",2.498
"497","Bantu","d","JE25_Mkwaya",2.498
"498","Bantu","d","G42_Swahili",2.498
"499","Bantu","d","S44_Ndebele",2.498
"500","Bantu","d","JE14_Rukiga",2.498
"501","Bantu","d","E55_Kamba_Kitu",2.498
"502","Bantu","d","E53_Meruimenti",2.498
"503","Bantu","d","E73_Digo",2.498
"504","Bantu","d","H321_Soonde",2.498
"505","Bantu","d","E622C_Vunjo",2.498
"506","Bantu","d","E621D_Kibosho",2.498
"507","Bantu","d","M25_Safwa",2.498
"508","Bantu","d","P22_Mwera",2.498
"509","Bantu","d","E65_Gweno",2.498
"510","Bantu","d","L11_Pende",2.498
"511","Bantu","d","E55_Kamba",2.498
"512","Bantu","d","C44_Bwa",2.498
"513","Bantu","d","M21_Wanda",2.498
"514","Bantu","d","H16g_Ntandu",2.498
"515","Bantu","d","JE25_Jita",2.498
"516","Bantu","d","JE401_Ngoreme",2.498
"517","Bantu","d","G22_Asu",2.498
"518","Bantu","d","L13_Kwese",2.498
"519","Bantu","d","M41_Taabwa",2.498
"520","Bantu","d","JE31_Lumasaaba",2.498
"521","Bantu","d","H21a_Kimbundu",2.498
"522","Bantu","d","F21_Ntuzu",2.498
"523","Bantu","d","M14_Rungu",2.498
"524","Bantu","d","*D304_Homa_1919",2.498
"525","Bantu","d","P25_Mabia",2.498
"526","Bantu","d","L221_Lwalwa",2.498
"527","Bantu","d","G44a_Ngazija",2.498
"528","Bantu","d","P21_Yao",2.498
"529","Bantu","d","JE31c_Bukusu",2.498
"530","Bantu","d","M28_Lambya",2.498
"531","Bantu","d","F12_Bende",2.498
"532","Bantu","d","M15_Mambwe",2.498
"533","Bantu","d","JD67_Kivinza",2.498
"534","Bantu","d","JE44_Zanaki",2.498
"535","Bantu","d","E53_Tigania",2.498
"536","Bantu","d","M24_Malila",2.498
"537","Bantu","d","JE41_Maragoli",2.498
"538","Bantu","d","F24_Kimbu",2.498
"539","Bantu","d","E622A_Kimochi",2.498
"540","Bantu","d","JE22_Haya",2.498
"541","Bantu","d","G44b_Ndzwani",2.498
"542","Bantu","d","S16_Kalanga",2.498
"543","Bantu","d","JE17_Gwere",2.498
"544","Bantu","d","E53_Meru",2.498
"545","Bantu","d","JE404_Shasi",2.498
"546","Bantu","d","S51_Tshwa",2.498
"547","Bantu","d","L12b_Holu",2.498
"548","Bantu","d","M23_Nyiha",2.498
"549","Bantu","d","G32_Kwere",2.498
"550","Bantu","d","G63_Bena",2.498
"551","Bantu","d","JE43_Kuria_Tari",2.498
"552","Bantu","d","M61_Lenje",2.498
"553","Bantu","d","JE43_Kuria_Mago",2.498
"554","Bantu","d","S41_Xhosa",2.498
"555","Bantu","d","G65_Kinga",2.498
"556","Bantu","d","G24_Bondei",2.498
"557","Bantu","d","G43_Kae",2.498
"558","Bantu","d","G51_Pogoro",2.498
"559","Bantu","d","S53_Tsonga",2.498
"560","Bantu","d","P12_Rufiji",2.498
"561","Bantu","d","E53_Merutig",2.498
"562","Bantu","d","JE13_Runyankore",2.498
"563","Bantu","d","JE16_Lusoga",2.498
"564","Bantu","d","F31_Nyiramba",2.498
"565","Bantu","d","G401_Mwani",2.498
"566","Bantu","d","G42d_Unguja",2.498
"567","Bantu","d","JE24_Kerebe",2.498
"568","Bantu","d","JE402_Ikizu",2.498
"569","Bantu","d","E623A_Kiseri",2.498
"570","Bantu","d","JE43_Kuria",2.498
"571","Bantu","d","N42_Kunda",2.498
"572","Bantu","d","F32_Nyaturuwil",2.498
"573","Bantu","d","*D308_Ebodo",2.498
"574","Bantu","d","E46_Sonjo",2.498
"575","Bantu","d","E52_Embu",2.498
"576","Bantu","d","M22_Namwanga",2.498
"577","Bantu","d","P14_Ngindo",2.498
"578","Bantu","d","G37_Kutu",2.498
"579","Bantu","d","G31_Zigua",2.498
"580","Bantu","d","JE11_Runyoro",2.498
"581","Bantu","d","JE25_Kilegi",2.498
"582","Bantu","d","E64_Kahe",2.498
"583","Bantu","d","E531_Mwimbi",2.498
"584","Bantu","d","N21_Tumbuka_Malawi",2.498
"585","Bantu","d","G44D_Maore",2.498
"586","Bantu","d","G412_Mwiini",2.498
"587","Bantu","d","N13_Matengo",2.498
"588","Bantu","d","G42a_Amu",2.498
"589","Bantu","d","E53_Miutini",2.498
"590","Bantu","d","F23_Sumbwa",2.498
"591","Bantu","d","L51_Salampasu",2.498
"592","Bantu","d","M12_Lungwa",2.498
"593","Bantu","d","JE45_Nata",2.498
"594","Bantu","d","JE32_Luyia",2.498
"595","Bantu","d","S311_Shekgalagari",2.498
"596","Bantu","d","E74a_Dawida",2.498
"597","Bantu","d","G22A_North_Pare",2.498
"598","Bantu","d","G34_Nguungulu",2.498
"599","Bantu","d","G41_Bajuni",2.498
"600","Bantu","d","G39_Saghala",2.498
"601","Bantu","d","N31_Chewa",2.498
"602","Bantu","d","E72a_Giryama",2.498
"603","Bantu","d","P11_Ndengeleko",2.498
"604","Bantu","d","M13_Fipa",2.498
"605","Bantu","d","JD53_Shi",2.498
"606","Bantu","d","JE34_Samialugwe",2.498
"607","Bantu","d","JE403_Suba",2.498
"608","Bantu","d","E623D_Keni",2.498
"609","Bantu","d","E531_Muthambi",2.498
"610","Bantu","d","JE23_Zinza",2.498
"611","Bantu","d","E74a_Tuveta",2.498
"612","Bantu","d","S31_Tswana",2.498
"613","Bantu","d","F22_Nyamwezi",2.498
"614","Bantu","d","D201_Liko",2.498
"615","Bantu","d","G22B_South_Pare",2.498
"616","Bantu","d","JD65_Hangaza",2.498
"617","Bantu","d","P13_Matumbi",2.498
"618","Bantu","d","H41_Mbala",2.498
"619","Bantu","d","F21_Sukuma",2.498
"620","Bantu","d","M64_Tonga",2.498
"621","Bantu","d","E622C_Mamba",2.498
"622","Bantu","d","M42_Bemba",2.498
"623","Bantu","d","G52_Ndamba",2.498
"624","Bantu","d","M31_Nyakyusa",2.498
"625","Bantu","d","S21_Venda",2.498
"626","Bantu","d","F33_Langi",2.498
"627","Bantu","d","G32_Doe",2.498
"628","Bantu","d","E53_Igoji",2.498
"629","Bantu","d","JE12_Rutooro",2.498
"630","Bantu","d","E541_Chuka",2.498
"631","Bantu","d","G23_Sambaa",2.498
"632","Bantu","d","G36_Kami",2.498
"633","Bantu","d","S42_Zulu",2.498
"634","Bantu","d","E621C_Siha",2.498
"635","Bantu","d","JE21_Runyambo",2.498
"636","Bantu","d","E701_Elwana",2.498
"637","Bantu","d","E52_Mbeere",2.498
"638","Bantu","d","N11_Manda",2.498
"639","Bantu","d","G35_Luguru",2.498
"640","Bantu","d","M21_Ndali",2.498
"641","Bantu","d","E622C_Lema",2.498
"642","Bantu","d","JE42_Gusii",2.498
"643","Bantu","d","F32_Nyaturucha",2.498
"644","Bantu","d","P23_Simakonde",2.498
"645","Bantu","d","M62_Soli",2.498
"646","Bantu","d","N14_Mpoto",2.498
"647","Bantu","d","P31G_Ikorovere",2.498
"648","Bantu","d","G11_Gogo",2.498
"649","Bantu","d","N12_Ngoni",2.498
"650","Bantu","d","G64_Pangwa",2.498
"651","Bantu","d","G62_Hehe",2.498
"652","Bantu","d","M54_Lamba",2.498
"653","Bantu","d","JD64_Shubi",2.498
"654","Bantu","d","S11_Shona",2.498
"655","Bantu","d","JD66_Kiha",2.498
"656","Bantu","d","P31_Emakhua",2.498
"657","Bantu_subset","a","Kom_Grassfields",6.975
"658","Bantu_subset","a","Mungaka_Grassfields",6.975
"659","Bantu_subset","a","Fefe_Grassfields",6.975
"660","Bantu_subset","a","Tiv_Tivoid",6.975
"661","Bantu_subset","a","Bamun_Grassfields",6.975
"662","Bantu_subset","a","Oku_Grassfields",6.975
"663","Bantu_subset","b","B11a_Mpongwe",4.458
"664","Bantu_subset","b","A62C_Libie",4.458
"665","Bantu_subset","b","Bwazza_Jarawan",4.458
"666","Bantu_subset","b","A31_Bubi",4.458
"667","Bantu_subset","b","B201_Ndasa",4.458
"668","Bantu_subset","b","B11F_Enenga",4.458
"669","Bantu_subset","b","A53_Bafia_rikpa",4.458
"670","Bantu_subset","b","B203_Samaye",4.458
"671","Bantu_subset","b","B51_Duma_La",4.458
"672","Bantu_subset","b","B32_Kande",4.458
"673","Bantu_subset","b","A61_Ngoro-lunda",4.458
"674","Bantu_subset","b","A87_Bomwali",4.458
"675","Bantu_subset","b","B22b_Koya",4.458
"676","Bantu_subset","b","A622_Nugunu",4.458
"677","Bantu_subset","b","B305_Vove",4.458
"678","Bantu_subset","b","A62B_Mmala",4.458
"679","Bantu_subset","b","A151_Nkongho",4.458
"680","Bantu_subset","b","B23_Mbangwe",4.458
"681","Bantu_subset","b","Kulung_Jarawan",4.458
"682","Bantu_subset","b","A27_Malimba",4.458
"683","Bantu_subset","b","A74a_Bulu",4.458
"684","Bantu_subset","b","D211_Kango",4.458
"685","Bantu_subset","b","C41_Ngombe",4.458
"686","Bantu_subset","b","C37_Ebudza",4.458
"687","Bantu_subset","b","D32_Bira",4.458
"688","Bantu_subset","b","C401_Babati_1919",4.458
"689","Bantu_subset","b","C21_Ngare",4.458
"690","Bantu_subset","b","C104_Aka",4.458
"691","Bantu_subset","b","C83_Bushong",4.458
"692","Bantu_subset","b","C61E_Konda",4.458
"693","Bantu_subset","b","C101_Babole_Dz",4.458
"694","Bantu_subset","b","C85_Wongo",4.458
"695","Bantu_subset","b","*D308_Ebodo",4.458
"696","Bantu_subset","b","C15_Bongili",4.458
"697","Bantu_subset","b","C52_Soko",4.458
"698","Bantu_subset","b","D313_Mbuttu_1919",4.458
"699","Bantu_subset","b","D11_Mbole",4.458
"700","Bantu_subset","b","D32_Bira_Bunia",4.458
"701","Bantu_subset","b","*D308_Bodo2",4.458
"702","Bantu_subset","b","C25B_Olee",4.458
"703","Bantu_subset","b","C52_Soko_1919",4.458
"704","Bantu_subset","b","C25_Mboshi",4.458
"705","Bantu_subset","b","B44_Lumbu",4.458
"706","Bantu_subset","b","B85e_Mput",4.458
"707","Bantu_subset","b","B85_Yanzi",4.458
"708","Bantu_subset","b","B701_Atsitsege",4.458
"709","Bantu_subset","b","B71aIb_Teke_Ibali_Congo",4.458
"710","Bantu_subset","b","B601_Lempini",4.458
"711","Bantu_subset","b","H16d_Ciwoyo_DRC_2012",4.458
"712","Bantu_subset","b","H131_Kisundi_Congo_Kimongo_1988",4.458
"713","Bantu_subset","b","H16f_Laadi",4.458
"714","Bantu_subset","b","H16c_Kiyombe_DRC_1982",4.458
"715","Bantu_subset","b","B51_Duma",4.458
"716","Bantu_subset","b","H16b_Kindibu_2013",4.458
"717","Bantu_subset","b","B865_Nzadi",4.458
"718","Bantu_subset","b","B861_Ngul",4.458
"719","Bantu_subset","b","B41_Shira",4.458
"720","Bantu_subset","b","H42_Hunganna",4.458
"721","Bantu_subset","b","H31_Yaka",4.458
"722","Bantu_subset","b","H16g_Kimpangu_2012",4.458
"723","Bantu_subset","b","B42_Sangu_Mb",4.458
"724","Bantu_subset","b","B71a_Teke_Dj",4.458
"725","Bantu_subset","b","L32_Kanyok",4.458
"726","Bantu_subset","b","D201_Liko",4.458
"727","Bantu_subset","b","S42_Zulu",4.458
"728","Bantu_subset","b","F22_Nyamwezi",4.458
"729","Bantu_subset","b","G12_Kagulu",4.458
"730","Bantu_subset","b","F23_Sumbwa",4.458
"731","Bantu_subset","b","E46_Sonjo",4.458
"732","Bantu_subset","b","F24_Kimbu",4.458
"733","Bantu_subset","b","G22A_North_Pare",4.458
"734","Bantu_subset","b","JE43_Kuria_Mago",4.458
"735","Bantu_subset","b","K15_Mbunda",4.458
"736","Bantu_subset","b","JE15_Luganda",4.458
"737","Bantu_subset","b","JE11_Runyoro",4.458
"738","Bantu_subset","b","P21_Yao",4.458
"739","Bantu_subset","b","M21_Ndali",4.458
"740","Bantu_subset","b","M42_Bemba",4.458
"741","Bantu_subset","b","G52_Ndamba",4.458
"742","Bantu_subset","b","G22_Asu",4.458
"743","Bantu_subset","b","M54_Lamba",4.458
"744","Bantu_subset","b","G36_Kami",4.458
"745","Bantu_subset","b","L35_Sanga",4.458
"746","Bantu_subset","b","L13_Kwese",4.458
"747","Bantu_subset","b","R21_Kwanyama",4.458
"748","Bantu_subset","b","H41_Mbala",4.458
"749","Bantu_subset","b","R11_Umbundu",4.458
"750","Bantu_subset","b","R22_Ndonga",4.458
"751","Bantu_subset","b","L34_Hemba",4.458
"752","Bantu_subset","b","K14_Lwena",4.458
"753","Bantu_subset","b","L23_Songe",4.458
"754","Bantu_subset","b","R31_Herero",4.458
"755","Bantu_subset","b","K31_Luyana",4.458
"756","Bantu_subset","b","L53_Runda",4.458
"757","Bantu_subset","b","L33_Luba-Shaba",4.458
"758","Bantu_subset","b","H21a_Kimbundu",4.458
"759","Bantu_subset","b","L51_Salampasu",4.458
"760","Bantu_subset","b","K11_Ciokwe",4.458
"761","Bantu_subset","b","L41_Kaonde",4.458
"762","Bantu_subset","b","L12b_Holu",4.458
"763","Bantu_subset","b","L11_Pende",4.458
"764","Bantu_subset","c","A151_Nkongho",3.234
"765","Bantu_subset","c","A27_Malimba",3.234
"766","Bantu_subset","c","A31_Bubi",3.234
"767","Bantu_subset","c","A53_Bafia_rikpa",3.234
"768","Bantu_subset","c","A61_Ngoro-lunda",3.234
"769","Bantu_subset","c","A622_Nugunu",3.234
"770","Bantu_subset","c","A62B_Mmala",3.234
"771","Bantu_subset","c","A62C_Libie",3.234
"772","Bantu_subset","c","A74a_Bulu",3.234
"773","Bantu_subset","c","Bwazza_Jarawan",3.234
"774","Bantu_subset","c","Kulung_Jarawan",3.234
"775","Bantu_subset","d","D201_Liko",2.498
"776","Bantu_subset","d","S42_Zulu",2.498
"777","Bantu_subset","d","F22_Nyamwezi",2.498
"778","Bantu_subset","d","G12_Kagulu",2.498
"779","Bantu_subset","d","F23_Sumbwa",2.498
"780","Bantu_subset","d","E46_Sonjo",2.498
"781","Bantu_subset","d","F24_Kimbu",2.498
"782","Bantu_subset","d","G22A_North_Pare",2.498
"783","Bantu_subset","d","JE43_Kuria_Mago",2.498
"784","Bantu_subset","d","JE15_Luganda",2.498
"785","Bantu_subset","d","JE11_Runyoro",2.498
"786","Bantu_subset","d","P21_Yao",2.498
"787","Bantu_subset","d","M21_Ndali",2.498
"788","Bantu_subset","d","M42_Bemba",2.498
"789","Bantu_subset","d","G52_Ndamba",2.498
"790","Bantu_subset","d","G22_Asu",2.498
"791","Bantu_subset","d","M54_Lamba",2.498
"792","Bantu_subset","d","G36_Kami",2.498
"793","Bantu_subset","d","L13_Kwese",2.498
"794","Bantu_subset","d","H41_Mbala",2.498
"795","Bantu_subset","d","H21a_Kimbundu",2.498
"796","Bantu_subset","d","L51_Salampasu",2.498
"797","Bantu_subset","d","L12b_Holu",2.498
"798","Bantu_subset","d","L11_Pende",2.498
"799","Bantu_subset2","a","Fefe_Grassfields",6.975
"800","Bantu_subset2","a","Kom_Grassfields",6.975
"801","Bantu_subset2","a","Mungaka_Grassfields",6.975
"802","Bantu_subset2","a","Oku_Grassfields",6.975
"803","Bantu_subset2","a","Moghamo_Grassfields",6.975
"804","Bantu_subset2","b","A75a_Fang_Bitam",4.458
"805","Bantu_subset2","b","A86c_Mpiemo",4.458
"806","Bantu_subset2","b","A62A_Nuasue",4.458
"807","Bantu_subset2","b","B22b_Koya",4.458
"808","Bantu_subset2","b","B252_Mahongwe",4.458
"809","Bantu_subset2","b","A84_Njem",4.458
"810","Bantu_subset2","b","A62B_Mmala",4.458
"811","Bantu_subset2","b","B204_Ndambomo_Massoukou",4.458
"812","Bantu_subset2","b","A75a_Fang_Medouneu",4.458
"813","Bantu_subset2","b","B11b_Orungu",4.458
"814","Bantu_subset2","b","D11_Mbole",4.458
"815","Bantu_subset2","b","D33_Nyali",4.458
"816","Bantu_subset2","b","C83_Bushong",4.458
"817","Bantu_subset2","b","C25_Mboshi",4.458
"818","Bantu_subset2","b","D333_Ndaaka",4.458
"819","Bantu_subset2","b","D211_Kango",4.458
"820","Bantu_subset2","b","D334_Mbo",4.458
"821","Bantu_subset2","b","*D308_Ebodo",4.458
"822","Bantu_subset2","b","C24_Koyo",4.458
"823","Bantu_subset2","b","C323_Mpama",4.458
"824","Bantu_subset2","b","H16_Kimbeko",4.458
"825","Bantu_subset2","b","H16h_Kinkanu_2012",4.458
"826","Bantu_subset2","b","B501_Wanzi_E",4.458
"827","Bantu_subset2","b","B53_Tsaangi_Poungi",4.458
"828","Bantu_subset2","b","H16_Cimbala",4.458
"829","Bantu_subset2","b","H16g_Kimpangu_2012",4.458
"830","Bantu_subset2","b","B861_Ngul",4.458
"831","Bantu_subset2","b","B71a_Teke_Dj",4.458
"832","Bantu_subset2","b","B78_Wuumu",4.458
"833","Bantu_subset2","b","H16a_Kisikongo_2013",4.458
"834","Bantu_subset2","b","M42_Bemba",4.458
"835","Bantu_subset2","b","M61_Lenje",4.458
"836","Bantu_subset2","b","M64_Tonga",4.458
"837","Bantu_subset2","b","G24_Bondei",4.458
"838","Bantu_subset2","b","L13_Kwese",4.458
"839","Bantu_subset2","b","M62_Soli",4.458
"840","Bantu_subset2","b","L31a_Luba-Kasai",4.458
"841","Bantu_subset2","b","H41_Mbala",4.458
"842","Bantu_subset2","b","F24_Kimbu",4.458
"843","Bantu_subset2","b","F12_Bende",4.458
"844","Bantu_subset2","b","R21_Kwanyama",4.458
"845","Bantu_subset2","b","L33_Luba-Shaba",4.458
"846","Bantu_subset2","b","R31_Herero",4.458
"847","Bantu_subset2","b","L32_Kanyok",4.458
"848","Bantu_subset2","b","L23_Songe",4.458
"849","Bantu_subset2","b","K31_Luyana",4.458
"850","Bantu_subset2","b","L11_Pende",4.458
"851","Bantu_subset2","c","A75a_Fang_Bitam",3.234
"852","Bantu_subset2","c","A62A_Nuasue",3.234
"853","Bantu_subset2","c","A62B_Mmala",3.234
"854","Bantu_subset2","c","A75a_Fang_Medouneu",3.234
"855","Bantu_subset2","d","M42_Bemba",2.498
"856","Bantu_subset2","d","M61_Lenje",2.498
"857","Bantu_subset2","d","M64_Tonga",2.498
"858","Bantu_subset2","d","G24_Bondei",2.498
"859","Bantu_subset2","d","L13_Kwese",2.498
"860","Bantu_subset2","d","M62_Soli",2.498
"861","Bantu_subset2","d","H41_Mbala",2.498
"862","Bantu_subset2","d","F24_Kimbu",2.498
"863","Bantu_subset2","d","F12_Bende",2.498
"864","ST","sinitic","SiniticBeijing",2.076
"865","ST","sinitic","SiniticChaozhou",2.076
"866","ST","sinitic","SiniticGuangzhou",2.076
"867","ST","sinitic","SiniticJieyang",2.076
"868","ST","sinitic","SiniticLonggang",2.076
"869","ST","sinitic","SiniticXingning",2.076
"870","ST_by_sens","sinitic","SiniticBeijing",2.077
"871","ST_by_sens","sinitic","SiniticChaozhou",2.077
"872","ST_by_sens","sinitic","SiniticGuangzhou",2.077
"873","ST_by_sens","sinitic","SiniticJieyang",2.077
"874","ST_by_sens","sinitic","SiniticLonggang",2.077
"875","ST_by_sens","sinitic","SiniticXingning",2.077
"876","TEA","japonic","Japanese",1.2
"877","TEA","japonic","Old_Japanese",1.2
"878","TEA","japonic","Amami_Yamatohama",1.2
"879","TEA","japonic","Amami_Asama",1.2
"880","TEA","japonic","Amami_Yoron",1.2
"881","TEA","japonic","Okinawa_Yonamine",1.2
"882","TEA","japonic","Okinawa_Shuri",1.2
"883","TEA","japonic","Miyako_Irabu",1.2
"884","TEA","japonic","Yaeyama_Ishigaki",1.2
"885","TEA","japonic","Yaeyama_Hatoma",1.2
"886","TEA","japonic","Yonaguni",1.2
"887","TEA","japonic","Kagoshima",1.2
"888","TEA","japonic","Koshiki_islands",1.2
"889","TEA","japonic","Kumamoto",1.2
"890","TEA","japonic","Fukuoka",1.2
"891","TEA","japonic","Hachijo",1.2
"892","TEA","koreanic","Hwanghae",0.384786193218068
"893","TEA","koreanic","Southern_Hamgyong",0.384786193218068
"894","TEA","koreanic","Northern_Hamgyong",0.384786193218068
"895","TEA","koreanic","Southern_Pyongan",0.384786193218068
"896","TEA","koreanic","Northern_Pyongan",0.384786193218068
"897","TEA","koreanic","Jeju",0.384786193218068
"898","TEA","koreanic","Southern_Jeolla",0.384786193218068
"899","TEA","koreanic","Northern_Jeolla",0.384786193218068
"900","TEA","koreanic","Southern_Gyeongsang",0.384786193218068
"901","TEA","koreanic","Northern_Gyeongsang",0.384786193218068
"902","TEA","koreanic","Southern_Chungcheong",0.384786193218068
"903","TEA","koreanic","Northern_Chungcheong",0.384786193218068
"904","TEA","koreanic","Gyeonggi",0.384786193218068
"905","TEA","koreanic","Gangwon",0.384786193218068
"906","TEA","mongolian","Khalkha",1.03159593077804
"907","TEA","mongolian","Buriat",1.03159593077804
"908","TEA","mongolian","Kalmyck",1.03159593077804
"909","TEA","mongolian","Oirat",1.03159593077804
"910","TEA","mongolian","Kamnigan",1.03159593077804
"911","TEA","mongolian","Dagur",1.03159593077804
"912","TEA","mongolian","Shira-Yughur",1.03159593077804
"913","TEA","mongolian","Baoan",1.03159593077804
"914","TEA","mongolian","Dongxian",1.03159593077804
"915","TEA","mongolian","Minhe",1.03159593077804
"916","TEA","mongolian","Huzhu",1.03159593077804
"917","TEA","mongolian","Kangjia",1.03159593077804
"918","TEA","mongolian","Moghol",1.03159593077804
"919","TEA","mongolian","Middle_Mongolian_Secret_History",1.03159593077804
"920","TEA","mongolian","Middle_Mongolian_Muqaddimat_al-adab",1.03159593077804
"921","TEA","tungusic","Hezhe",1.55852444010687
"922","TEA","tungusic","Oroch",1.55852444010687
"923","TEA","tungusic","Udihe",1.55852444010687
"924","TEA","tungusic","Nanai_Middle_Amur",1.55852444010687
"925","TEA","tungusic","Kur-Urmi",1.55852444010687
"926","TEA","tungusic","Nanai_Bikin",1.55852444010687
"927","TEA","tungusic","Orok",1.55852444010687
"928","TEA","tungusic","Ulcha",1.55852444010687
"929","TEA","tungusic","Jurchen",1.55852444010687
"930","TEA","tungusic","Manchu",1.55852444010687
"931","TEA","tungusic","Xibe",1.55852444010687
"932","TEA","tungusic","Even",1.55852444010687
"933","TEA","tungusic","Solon",1.55852444010687
"934","TEA","tungusic","Evenki_Kamnigan",1.55852444010687
"935","TEA","tungusic","Evenki_PT",1.55852444010687
"936","TEA","tungusic","Southern_Evenki_Chiringda",1.55852444010687
"937","TEA","tungusic","Northern_Evenki_Tutonchany",1.55852444010687
"938","TEA","tungusic","Northern_Evenki_Tura",1.55852444010687
"939","TEA","tungusic","Negidal",1.55852444010687
"940","TEA","tungusic","Oroqen",1.55852444010687
"941","TEA","turkic","BarabaTatar",1.32136328687833
"942","TEA","turkic","CodexCumanicus",1.32136328687833
"943","TEA","turkic","NorthAltai",1.32136328687833
"944","TEA","turkic","OldTurkic",1.32136328687833
"945","TEA","turkic","SouthAltai",1.32136328687833
"946","TEA","turkic","Azeri",1.32136328687833
"947","TEA","turkic","Bashkir",1.32136328687833
"948","TEA","turkic","Chuvash",1.32136328687833
"949","TEA","turkic","CrimeanTatar",1.32136328687833
"950","TEA","turkic","Dolgan",1.32136328687833
"951","TEA","turkic","Gagauz",1.32136328687833
"952","TEA","turkic","KaraKalpak",1.32136328687833
"953","TEA","turkic","KarachayBalkar",1.32136328687833
"954","TEA","turkic","Karaim",1.32136328687833
"955","TEA","turkic","Kazakh",1.32136328687833
"956","TEA","turkic","Khakas",1.32136328687833
"957","TEA","turkic","Khalaj",1.32136328687833
"958","TEA","turkic","Kirghiz",1.32136328687833
"959","TEA","turkic","Kumyk",1.32136328687833
"960","TEA","turkic","MiddleChulym",1.32136328687833
"961","TEA","turkic","Nogai",1.32136328687833
"962","TEA","turkic","Salar",1.32136328687833
"963","TEA","turkic","WestYugur",1.32136328687833
"964","TEA","turkic","Shor",1.32136328687833
"965","TEA","turkic","KazanTatar",1.32136328687833
"966","TEA","turkic","Tofa",1.32136328687833
"967","TEA","turkic","Turkish",1.32136328687833
"968","TEA","turkic","Turkmen",1.32136328687833
"969","TEA","turkic","Tuvan",1.32136328687833
"970","TEA","turkic","Uyghur",1.32136328687833
"971","TEA","turkic","Uzbek",1.32136328687833
"972","TEA","turkic","Yakut",1.32136328687833
