age,simulation,node,y,cs_prob,first_split
1,1,52,TRUE,1,52
10,1,52,FALSE,0.62,52
11,1,76,TRUE,0.64,76
12,1,65,FALSE,0.67,65
13,1,52,FALSE,0.515,52
14,1,67,TRUE,0.83,67
15,1,60,TRUE,1,60
16,1,57,TRUE,0.69,57
17,1,67,FALSE,0.555,67
2,1,52,TRUE,0.99,52
3,1,52,TRUE,1,52
4,1,52,TRUE,0.855,52
5,1,52,TRUE,0.81,52
6,1,52,TRUE,0.92,52
7,1,52,TRUE,0.785,52
8,1,75,FALSE,0.73,75
9,1,52,TRUE,0.8,52
1,10,52,TRUE,1,52
10,10,52,FALSE,0.69,52
11,10,66,TRUE,0.61,66
12,10,52,TRUE,0.665,52
13,10,68,TRUE,0.505,68
14,10,68,TRUE,0.535,68
15,10,52,TRUE,0.93,52
16,10,66,TRUE,0.81,66
17,10,69,FALSE,0.515,69
2,10,52,TRUE,1,52
3,10,52,TRUE,0.995,52
4,10,52,TRUE,0.995,52
5,10,52,TRUE,0.98,52
6,10,52,TRUE,1,52
7,10,52,TRUE,0.86,52
8,10,52,TRUE,0.94,52
9,10,69,TRUE,0.66,69
1,11,52,TRUE,1,52
10,11,52,FALSE,0.555,52
11,11,71,TRUE,0.59,71
12,11,69,FALSE,0.505,69
13,11,68,TRUE,0.605,68
14,11,68,TRUE,0.515,68
15,11,57,TRUE,0.665,57
16,11,67,FALSE,0.525,67
17,11,66,FALSE,0.665,66
2,11,52,TRUE,1,52
3,11,52,TRUE,1,52
4,11,52,TRUE,0.785,52
5,11,52,TRUE,1,52
6,11,52,TRUE,0.81,52
7,11,52,TRUE,0.725,52
8,11,52,TRUE,0.58,52
9,11,69,TRUE,0.63,69
1,12,52,TRUE,1,52
10,12,52,TRUE,0.555,52
11,12,73,TRUE,0.58,73
12,12,76,FALSE,0.515,76
13,12,68,TRUE,0.86,68
14,12,69,FALSE,0.63,69
15,12,52,TRUE,0.84,52
16,12,58,TRUE,0.99,58
17,12,52,TRUE,0.665,52
2,12,52,TRUE,1,52
3,12,52,TRUE,1,52
4,12,52,TRUE,1,52
5,12,52,TRUE,0.99,52
6,12,52,TRUE,0.825,52
7,12,52,TRUE,1,52
8,12,52,TRUE,0.975,52
9,12,52,TRUE,0.985,52
1,13,52,TRUE,1,52
10,13,52,TRUE,0.56,52
11,13,70,FALSE,0.58,70
12,13,69,TRUE,0.79,69
13,13,65,FALSE,0.595,65
14,13,69,TRUE,0.985,69
15,13,52,TRUE,0.805,52
16,13,66,TRUE,0.74,66
17,13,52,FALSE,0.515,52
2,13,52,TRUE,1,52
3,13,52,TRUE,1,52
4,13,52,TRUE,0.965,52
5,13,52,TRUE,1,52
6,13,52,TRUE,0.985,52
7,13,52,TRUE,0.665,52
8,13,52,TRUE,0.795,52
9,13,52,TRUE,0.755,52
1,14,52,TRUE,1,52
10,14,52,TRUE,0.76,52
11,14,68,TRUE,0.63,68
12,14,64,TRUE,0.555,64
13,14,75,FALSE,0.51,75
14,14,71,TRUE,0.635,71
15,14,52,TRUE,0.69,52
16,14,52,FALSE,0.525,52
17,14,68,TRUE,0.98,68
2,14,52,TRUE,1,52
3,14,52,TRUE,0.88,52
4,14,52,TRUE,0.97,52
5,14,52,TRUE,0.98,52
6,14,52,TRUE,0.52,52
7,14,52,TRUE,0.92,52
8,14,52,TRUE,0.995,52
9,14,52,TRUE,0.915,52
1,15,52,TRUE,1,52
10,15,52,FALSE,0.635,52
11,15,52,FALSE,0.505,52
12,15,72,TRUE,0.695,72
13,15,67,FALSE,0.545,67
14,15,73,TRUE,0.525,73
15,15,68,FALSE,0.52,68
16,15,67,TRUE,0.915,67
17,15,67,TRUE,0.59,67
2,15,52,TRUE,1,52
3,15,52,TRUE,1,52
4,15,52,TRUE,1,52
5,15,52,TRUE,1,52
6,15,52,TRUE,0.98,52
7,15,52,TRUE,0.985,52
8,15,52,TRUE,0.765,52
9,15,72,TRUE,0.525,72
1,16,52,TRUE,0.825,52
10,16,52,TRUE,0.535,52
11,16,66,TRUE,0.51,66
12,16,52,TRUE,0.685,52
13,16,69,FALSE,0.705,69
15,16,52,TRUE,0.555,52
16,16,56,TRUE,0.76,56
17,16,58,TRUE,0.915,58
2,16,52,TRUE,0.94,52
3,16,52,TRUE,0.82,52
4,16,85,FALSE,0.755,85
5,16,52,TRUE,0.885,52
6,16,52,TRUE,0.875,52
7,16,52,TRUE,0.875,52
8,16,52,TRUE,0.535,52
9,16,77,FALSE,0.55,77
1,17,52,TRUE,1,52
10,17,52,TRUE,0.53,52
11,17,52,TRUE,0.785,52
12,17,72,TRUE,0.835,72
13,17,52,FALSE,0.71,52
14,17,71,TRUE,0.755,71
15,17,71,FALSE,0.52,71
16,17,67,FALSE,0.505,67
17,17,66,TRUE,0.765,66
2,17,52,TRUE,0.995,52
3,17,52,TRUE,1,52
4,17,52,TRUE,1,52
5,17,52,TRUE,1,52
6,17,52,TRUE,0.645,52
7,17,52,TRUE,0.91,52
8,17,52,TRUE,0.93,52
9,17,52,TRUE,0.775,52
1,18,52,TRUE,1,52
10,18,52,TRUE,0.86,52
11,18,52,TRUE,0.53,52
12,18,52,TRUE,0.62,52
13,18,67,FALSE,0.7,67
14,18,69,TRUE,0.57,69
15,18,52,TRUE,0.545,52
16,18,52,TRUE,0.905,52
17,18,66,FALSE,0.525,66
2,18,52,TRUE,1,52
3,18,52,TRUE,1,52
4,18,52,TRUE,1,52
5,18,52,TRUE,1,52
6,18,52,TRUE,0.995,52
7,18,52,TRUE,0.97,52
8,18,70,TRUE,0.605,70
9,18,52,FALSE,0.51,52
1,19,52,TRUE,1,52
10,19,60,FALSE,0.815,60
11,19,52,TRUE,0.615,52
12,19,52,TRUE,0.53,52
13,19,52,FALSE,0.53,52
14,19,69,TRUE,0.98,69
15,19,52,FALSE,0.535,52
16,19,52,TRUE,0.54,52
2,19,52,TRUE,1,52
3,19,52,TRUE,1,52
4,19,52,TRUE,1,52
5,19,52,TRUE,1,52
6,19,52,TRUE,0.915,52
7,19,52,TRUE,0.995,52
8,19,52,TRUE,0.795,52
9,19,52,TRUE,0.83,52
1,2,52,TRUE,1,52
10,2,52,FALSE,0.61,52
11,2,65,TRUE,0.585,65
12,2,74,TRUE,0.62,74
13,2,62,FALSE,0.505,62
14,2,52,TRUE,0.665,52
15,2,69,TRUE,0.535,69
16,2,52,TRUE,0.585,52
17,2,66,FALSE,0.52,66
2,2,52,TRUE,1,52
3,2,52,TRUE,1,52
4,2,52,TRUE,0.58,52
5,2,52,TRUE,0.985,52
6,2,52,TRUE,0.815,52
7,2,52,TRUE,0.64,52
8,2,52,TRUE,0.955,52
9,2,52,TRUE,0.97,52
1,20,52,TRUE,1,52
10,20,52,TRUE,0.505,52
11,20,74,TRUE,0.635,74
12,20,76,TRUE,0.53,76
13,20,69,TRUE,0.545,69
14,20,52,TRUE,0.67,52
15,20,69,TRUE,0.76,69
16,20,52,TRUE,0.525,52
17,20,66,FALSE,0.53,66
2,20,52,TRUE,1,52
3,20,52,TRUE,1,52
4,20,52,TRUE,0.97,52
5,20,52,TRUE,0.535,52
6,20,52,TRUE,0.925,52
7,20,52,FALSE,0.97,52
8,20,52,TRUE,0.975,52
9,20,52,TRUE,0.705,52
1,21,52,TRUE,1,52
10,21,52,TRUE,0.82,52
11,21,69,FALSE,0.625,69
12,21,72,FALSE,0.57,72
13,21,52,TRUE,0.955,52
14,21,73,TRUE,0.65,73
15,21,52,TRUE,0.87,52
16,21,52,TRUE,0.58,52
17,21,58,TRUE,0.58,58
2,21,52,TRUE,1,52
3,21,52,TRUE,1,52
4,21,52,TRUE,0.935,52
5,21,52,TRUE,1,52
6,21,52,TRUE,1,52
7,21,52,TRUE,0.995,52
8,21,52,TRUE,0.875,52
9,21,52,TRUE,0.825,52
1,22,52,TRUE,1,52
10,22,52,TRUE,0.665,52
11,22,52,TRUE,0.865,52
12,22,69,FALSE,0.53,69
13,22,52,TRUE,0.515,52
14,22,52,TRUE,0.895,52
15,22,68,FALSE,0.525,68
16,22,67,FALSE,0.755,67
17,22,67,FALSE,0.52,67
2,22,52,TRUE,0.995,52
3,22,52,TRUE,0.86,52
4,22,52,TRUE,0.915,52
5,22,52,TRUE,0.98,52
6,22,52,TRUE,0.945,52
7,22,52,TRUE,0.9,52
8,22,52,TRUE,0.505,52
9,22,52,TRUE,0.73,52
1,23,52,TRUE,1,52
10,23,69,TRUE,0.535,69
11,23,52,TRUE,0.755,52
12,23,66,FALSE,0.545,66
13,23,71,TRUE,0.675,71
14,23,72,TRUE,0.885,72
15,23,69,FALSE,0.68,69
17,23,52,TRUE,0.79,52
2,23,52,TRUE,1,52
3,23,52,TRUE,1,52
4,23,52,TRUE,1,52
5,23,52,TRUE,0.74,52
6,23,87,FALSE,0.505,87
7,23,52,TRUE,0.53,52
8,23,52,TRUE,1,52
9,23,52,FALSE,0.51,52
1,24,52,TRUE,1,52
10,24,52,TRUE,0.595,52
11,24,73,TRUE,0.775,73
12,24,68,TRUE,0.645,68
13,24,74,FALSE,0.63,74
14,24,68,TRUE,0.65,68
15,24,68,FALSE,0.505,68
16,24,52,TRUE,0.525,52
2,24,52,TRUE,0.995,52
3,24,52,TRUE,0.95,52
4,24,52,TRUE,0.835,52
5,24,52,TRUE,0.975,52
6,24,52,TRUE,0.59,52
7,24,52,TRUE,0.87,52
8,24,52,TRUE,0.81,52
9,24,52,TRUE,0.58,52
1,25,52,TRUE,1,52
10,25,52,TRUE,0.62,52
11,25,73,TRUE,0.67,73
12,25,71,TRUE,0.71,71
13,25,69,FALSE,0.6,69
14,25,68,TRUE,0.67,68
15,25,69,TRUE,0.805,69
17,25,57,TRUE,0.835,57
2,25,52,TRUE,1,52
3,25,52,TRUE,0.995,52
4,25,52,TRUE,1,52
5,25,52,TRUE,0.705,52
6,25,52,TRUE,0.73,52
7,25,52,TRUE,0.845,52
8,25,52,TRUE,0.865,52
9,25,65,TRUE,0.535,65
1,26,52,TRUE,1,52
10,26,65,TRUE,0.65,65
11,26,52,TRUE,0.575,52
12,26,68,FALSE,0.53,68
13,26,67,TRUE,0.89,67
14,26,68,TRUE,0.565,68
15,26,67,TRUE,0.69,67
16,26,67,TRUE,0.675,67
17,26,65,TRUE,0.775,65
2,26,52,TRUE,1,52
3,26,52,TRUE,1,52
4,26,52,TRUE,1,52
5,26,52,TRUE,0.955,52
6,26,52,TRUE,0.99,52
7,26,52,TRUE,1,52
8,26,71,TRUE,0.715,71
9,26,52,TRUE,0.98,52
1,27,52,TRUE,1,52
10,27,52,FALSE,0.71,52
11,27,63,TRUE,0.52,63
12,27,70,TRUE,0.655,70
13,27,67,TRUE,0.785,67
14,27,52,TRUE,0.655,52
15,27,70,FALSE,0.515,70
16,27,58,FALSE,0.585,58
17,27,69,TRUE,0.575,69
2,27,52,TRUE,0.955,52
3,27,52,TRUE,0.89,52
4,27,52,TRUE,0.975,52
5,27,52,TRUE,0.63,52
6,27,52,TRUE,0.895,52
7,27,52,TRUE,0.96,52
8,27,52,FALSE,0.53,52
9,27,52,FALSE,0.525,52
1,28,52,TRUE,0.615,52
10,28,52,TRUE,0.835,52
11,28,52,FALSE,0.645,52
12,28,52,TRUE,0.525,52
13,28,70,TRUE,0.52,70
14,28,52,TRUE,0.855,52
15,28,52,TRUE,0.79,52
16,28,52,TRUE,0.965,52
17,28,52,TRUE,0.86,52
2,28,52,TRUE,0.72,52
3,28,52,TRUE,1,52
4,28,52,TRUE,0.87,52
5,28,52,TRUE,0.805,52
6,28,52,TRUE,0.985,52
7,28,52,TRUE,0.99,52
8,28,52,TRUE,0.875,52
9,28,52,TRUE,0.63,52
1,29,52,TRUE,1,52
10,29,52,TRUE,0.785,52
11,29,73,TRUE,0.645,73
12,29,74,TRUE,0.77,74
13,29,62,TRUE,0.815,62
14,29,52,FALSE,0.545,52
15,29,73,TRUE,0.75,73
17,29,58,TRUE,0.835,58
2,29,52,TRUE,1,52
3,29,52,TRUE,0.985,52
4,29,52,TRUE,0.995,52
5,29,52,TRUE,0.555,52
6,29,52,TRUE,0.945,52
7,29,52,TRUE,0.955,52
8,29,52,TRUE,0.88,52
9,29,52,TRUE,0.645,52
1,3,52,TRUE,1,52
10,3,78,FALSE,0.525,78
11,3,76,FALSE,0.54,76
12,3,65,TRUE,0.71,65
13,3,72,TRUE,0.9,72
14,3,68,TRUE,0.95,68
15,3,74,TRUE,0.59,74
16,3,68,TRUE,0.91,68
17,3,68,FALSE,0.615,68
2,3,52,TRUE,1,52
3,3,52,TRUE,1,52
4,3,52,TRUE,1,52
5,3,52,TRUE,0.995,52
6,3,52,TRUE,0.985,52
7,3,52,TRUE,0.99,52
8,3,52,TRUE,0.825,52
9,3,52,TRUE,0.995,52
1,30,52,TRUE,1,52
10,30,52,TRUE,0.95,52
11,30,52,TRUE,0.685,52
12,30,70,TRUE,0.64,70
13,30,72,TRUE,0.585,72
14,30,71,TRUE,0.505,71
15,30,66,TRUE,0.6,66
16,30,66,TRUE,0.915,66
17,30,52,TRUE,0.63,52
2,30,52,TRUE,1,52
3,30,52,TRUE,0.985,52
4,30,52,TRUE,1,52
5,30,52,TRUE,1,52
6,30,52,TRUE,1,52
7,30,52,TRUE,0.96,52
8,30,52,TRUE,0.98,52
9,30,52,TRUE,0.755,52
1,31,52,TRUE,0.995,52
10,31,65,TRUE,0.51,65
11,31,52,TRUE,0.51,52
12,31,70,FALSE,0.51,70
13,31,74,TRUE,0.505,74
14,31,71,FALSE,0.565,71
15,31,67,TRUE,0.73,67
16,31,57,TRUE,0.91,57
17,31,56,TRUE,0.92,56
2,31,52,TRUE,1,52
3,31,52,TRUE,0.995,52
4,31,81,FALSE,0.85,81
5,31,52,TRUE,0.995,52
6,31,52,TRUE,1,52
7,31,52,TRUE,0.6,52
8,31,79,FALSE,0.645,79
9,31,52,FALSE,0.57,52
1,32,52,TRUE,1,52
10,32,52,TRUE,0.695,52
11,32,52,FALSE,0.52,52
12,32,71,FALSE,0.545,71
13,32,73,TRUE,0.535,73
14,32,71,TRUE,0.55,71
15,32,75,TRUE,0.59,75
16,32,52,TRUE,0.625,52
17,32,68,FALSE,0.53,68
2,32,52,TRUE,1,52
3,32,52,TRUE,1,52
4,32,52,TRUE,1,52
5,32,52,TRUE,1,52
6,32,52,TRUE,1,52
7,32,52,TRUE,1,52
8,32,52,TRUE,1,52
9,32,52,TRUE,0.58,52
1,33,52,TRUE,0.935,52
10,33,52,FALSE,0.74,52
11,33,52,TRUE,0.625,52
12,33,52,FALSE,0.56,52
13,33,75,TRUE,0.635,75
14,33,70,TRUE,0.535,70
15,33,68,FALSE,0.52,68
16,33,67,FALSE,0.54,67
17,33,61,TRUE,1,61
2,33,52,TRUE,0.995,52
3,33,52,TRUE,0.725,52
4,33,52,TRUE,0.985,52
5,33,52,TRUE,0.96,52
6,33,52,TRUE,0.92,52
7,33,52,TRUE,0.87,52
8,33,78,FALSE,0.575,78
9,33,52,FALSE,0.7,52
1,34,52,TRUE,1,52
10,34,65,TRUE,0.73,65
11,34,72,FALSE,0.515,72
12,34,65,TRUE,0.72,65
13,34,72,FALSE,0.755,72
14,34,52,TRUE,0.57,52
15,34,69,TRUE,0.89,69
16,34,52,TRUE,0.6,52
17,34,52,TRUE,0.925,52
2,34,52,TRUE,1,52
3,34,52,TRUE,1,52
4,34,52,TRUE,0.995,52
5,34,52,TRUE,1,52
6,34,52,TRUE,0.975,52
7,34,52,TRUE,0.995,52
8,34,52,TRUE,0.865,52
9,34,52,TRUE,0.905,52
1,35,52,TRUE,1,52
10,35,52,TRUE,0.795,52
11,35,75,FALSE,0.6,75
12,35,52,TRUE,0.985,52
13,35,71,TRUE,0.615,71
14,35,52,TRUE,0.56,52
15,35,68,TRUE,0.56,68
16,35,57,TRUE,0.95,57
17,35,52,TRUE,0.81,52
2,35,52,TRUE,0.96,52
3,35,52,TRUE,1,52
4,35,52,TRUE,1,52
5,35,52,TRUE,0.95,52
6,35,52,TRUE,0.97,52
7,35,52,TRUE,0.915,52
8,35,52,TRUE,0.945,52
9,35,78,FALSE,0.655,78
1,36,89,FALSE,0.755,89
10,36,52,TRUE,0.575,52
11,36,52,TRUE,0.545,52
12,36,52,TRUE,0.635,52
13,36,70,FALSE,0.69,70
14,36,52,TRUE,0.735,52
15,36,71,FALSE,0.515,71
17,36,58,TRUE,0.925,58
2,36,52,TRUE,1,52
3,36,87,FALSE,0.74,87
4,36,52,TRUE,0.515,52
5,36,52,TRUE,0.675,52
6,36,52,TRUE,0.595,52
7,36,73,FALSE,0.505,73
8,36,70,TRUE,0.645,70
9,36,52,TRUE,0.6,52
1,37,52,TRUE,1,52
10,37,70,TRUE,0.65,70
11,37,52,TRUE,0.765,52
12,37,52,TRUE,0.99,52
13,37,69,FALSE,0.605,69
14,37,68,FALSE,0.62,68
15,37,72,FALSE,0.595,72
16,37,68,FALSE,0.55,68
17,37,52,TRUE,0.92,52
2,37,52,TRUE,0.975,52
3,37,52,TRUE,0.99,52
4,37,52,TRUE,0.99,52
5,37,52,TRUE,0.945,52
6,37,52,TRUE,0.995,52
7,37,52,TRUE,0.99,52
8,37,52,TRUE,0.615,52
9,37,80,TRUE,0.585,80
1,38,52,TRUE,1,52
10,38,52,TRUE,0.61,52
11,38,67,TRUE,0.915,67
12,38,66,FALSE,0.65,66
13,38,68,TRUE,0.625,68
14,38,69,FALSE,0.625,69
15,38,69,FALSE,0.675,69
17,38,65,FALSE,0.555,65
2,38,52,TRUE,0.915,52
3,38,52,TRUE,1,52
4,38,52,TRUE,0.66,52
5,38,52,TRUE,0.995,52
6,38,81,FALSE,0.6,81
7,38,52,TRUE,0.61,52
8,38,80,TRUE,0.51,80
9,38,52,TRUE,0.595,52
1,39,52,TRUE,1,52
10,39,67,TRUE,0.77,67
11,39,72,FALSE,0.54,72
12,39,52,TRUE,0.685,52
13,39,73,TRUE,0.51,73
14,39,68,FALSE,0.58,68
15,39,70,TRUE,0.585,70
16,39,52,TRUE,0.575,52
2,39,52,TRUE,1,52
3,39,52,TRUE,1,52
4,39,52,TRUE,1,52
5,39,52,TRUE,1,52
6,39,52,TRUE,0.995,52
7,39,52,TRUE,0.99,52
8,39,52,TRUE,0.745,52
9,39,75,TRUE,0.59,75
1,4,52,TRUE,1,52
10,4,64,TRUE,0.99,64
11,4,64,TRUE,0.58,64
12,4,72,TRUE,0.65,72
13,4,71,FALSE,0.52,71
14,4,67,TRUE,0.89,67
15,4,69,TRUE,0.92,69
16,4,68,FALSE,0.505,68
17,4,56,TRUE,1,56
2,4,52,TRUE,1,52
3,4,52,TRUE,1,52
4,4,52,TRUE,1,52
5,4,52,TRUE,0.995,52
6,4,52,TRUE,0.905,52
7,4,52,TRUE,0.94,52
8,4,52,FALSE,0.66,52
9,4,70,TRUE,0.96,70
1,40,52,TRUE,1,52
10,40,52,TRUE,0.51,52
11,40,70,FALSE,0.58,70
12,40,69,FALSE,0.805,69
13,40,69,FALSE,0.62,69
14,40,52,TRUE,0.56,52
15,40,52,TRUE,0.945,52
16,40,52,TRUE,0.55,52
2,40,52,TRUE,1,52
3,40,52,TRUE,1,52
4,40,87,FALSE,0.925,87
5,40,52,TRUE,0.97,52
6,40,52,TRUE,0.61,52
7,40,52,TRUE,0.84,52
8,40,52,TRUE,0.745,52
9,40,52,TRUE,0.65,52
1,41,52,TRUE,1,52
10,41,52,TRUE,0.745,52
11,41,65,FALSE,0.545,65
12,41,71,TRUE,0.515,71
13,41,70,FALSE,0.71,70
14,41,67,FALSE,0.69,67
15,41,68,TRUE,0.915,68
16,41,69,FALSE,0.58,69
17,41,52,TRUE,0.635,52
2,41,52,TRUE,1,52
3,41,52,TRUE,1,52
4,41,52,TRUE,1,52
5,41,52,TRUE,0.99,52
6,41,52,TRUE,0.94,52
7,41,52,TRUE,0.87,52
8,41,52,TRUE,0.71,52
9,41,52,TRUE,0.505,52
1,42,52,TRUE,0.51,52
10,42,52,TRUE,0.515,52
11,42,66,FALSE,0.54,66
12,42,69,TRUE,0.68,69
13,42,71,TRUE,0.64,71
14,42,67,FALSE,0.56,67
15,42,66,FALSE,0.63,66
16,42,52,TRUE,0.535,52
17,42,66,FALSE,0.72,66
2,42,52,TRUE,0.895,52
3,42,52,TRUE,0.92,52
4,42,52,TRUE,0.765,52
5,42,52,TRUE,0.66,52
6,42,87,FALSE,0.655,87
7,42,52,TRUE,0.505,52
8,42,70,TRUE,0.735,70
9,42,52,TRUE,0.605,52
1,43,52,TRUE,0.98,52
10,43,66,FALSE,0.6,66
11,43,72,FALSE,0.78,72
12,43,75,FALSE,0.675,75
13,43,68,TRUE,0.565,68
14,43,71,TRUE,0.53,71
15,43,69,TRUE,0.97,69
16,43,57,TRUE,0.97,57
17,43,67,FALSE,0.545,67
2,43,52,TRUE,1,52
3,43,52,TRUE,0.745,52
4,43,52,TRUE,0.53,52
5,43,52,TRUE,0.895,52
6,43,52,TRUE,1,52
7,43,52,TRUE,0.855,52
8,43,52,TRUE,0.85,52
9,43,52,TRUE,0.725,52
1,44,52,TRUE,0.925,52
10,44,63,TRUE,0.7,63
11,44,66,FALSE,0.62,66
12,44,56,TRUE,0.59,56
13,44,69,FALSE,0.805,69
14,44,67,TRUE,0.65,67
15,44,58,TRUE,0.82,58
16,44,66,TRUE,0.67,66
17,44,58,TRUE,0.6,58
2,44,52,TRUE,1,52
3,44,52,TRUE,0.985,52
4,44,52,TRUE,0.99,52
5,44,52,TRUE,0.88,52
6,44,52,TRUE,0.88,52
7,44,52,TRUE,0.62,52
8,44,52,TRUE,0.93,52
9,44,67,TRUE,0.8,67
1,45,52,TRUE,1,52
10,45,77,FALSE,0.595,77
11,45,75,TRUE,0.695,75
12,45,67,TRUE,0.88,67
13,45,52,TRUE,0.675,52
15,45,71,FALSE,0.605,71
16,45,68,FALSE,0.72,68
17,45,68,FALSE,0.685,68
2,45,52,TRUE,1,52
3,45,52,TRUE,1,52
4,45,52,TRUE,0.99,52
5,45,52,TRUE,1,52
6,45,52,TRUE,0.975,52
7,45,52,TRUE,0.985,52
8,45,52,TRUE,0.67,52
9,45,52,TRUE,0.75,52
1,46,52,TRUE,1,52
10,46,52,TRUE,0.735,52
11,46,68,TRUE,0.57,68
12,46,72,FALSE,0.605,72
13,46,72,FALSE,0.555,72
14,46,71,FALSE,0.515,71
15,46,65,TRUE,0.565,65
17,46,56,FALSE,0.57,56
2,46,52,TRUE,0.93,52
3,46,52,TRUE,0.85,52
4,46,90,FALSE,0.52,90
5,46,52,TRUE,1,52
6,46,85,FALSE,0.525,85
7,46,52,TRUE,0.76,52
8,46,67,TRUE,0.84,67
9,46,52,FALSE,0.525,52
1,47,52,TRUE,1,52
10,47,62,TRUE,0.51,62
11,47,71,TRUE,0.705,71
12,47,65,FALSE,0.66,65
13,47,52,FALSE,0.515,52
14,47,64,TRUE,0.83,64
16,47,66,TRUE,0.535,66
17,47,59,TRUE,1,59
2,47,52,TRUE,1,52
3,47,52,TRUE,0.97,52
4,47,52,TRUE,0.94,52
5,47,52,TRUE,0.985,52
6,47,52,TRUE,0.885,52
7,47,52,TRUE,0.54,52
8,47,52,TRUE,0.69,52
9,47,81,TRUE,0.535,81
1,48,52,TRUE,0.55,52
10,48,71,FALSE,0.55,71
11,48,70,TRUE,0.65,70
12,48,70,TRUE,0.54,70
13,48,52,TRUE,0.6,52
14,48,65,FALSE,0.56,65
16,48,66,TRUE,0.605,66
17,48,52,TRUE,0.78,52
2,48,52,TRUE,1,52
3,48,52,TRUE,0.795,52
4,48,52,TRUE,0.945,52
5,48,52,TRUE,0.975,52
6,48,52,TRUE,0.995,52
7,48,52,FALSE,0.805,52
8,48,76,FALSE,0.665,76
9,48,75,FALSE,0.555,75
1,49,52,TRUE,0.9,52
10,49,65,FALSE,0.555,65
11,49,65,TRUE,0.62,65
12,49,64,TRUE,0.85,64
13,49,69,TRUE,0.655,69
14,49,52,TRUE,0.785,52
15,49,72,FALSE,0.51,72
16,49,68,FALSE,0.635,68
2,49,52,TRUE,0.985,52
3,49,52,TRUE,0.505,52
4,49,52,TRUE,0.995,52
5,49,85,FALSE,0.825,85
6,49,52,TRUE,1,52
7,49,52,TRUE,0.525,52
8,49,52,TRUE,0.805,52
9,49,66,TRUE,0.615,66
1,5,52,TRUE,1,52
10,5,74,TRUE,0.86,74
11,5,52,TRUE,0.79,52
12,5,67,FALSE,0.59,67
13,5,73,TRUE,0.67,73
14,5,52,TRUE,0.62,52
15,5,68,TRUE,0.865,68
16,5,64,FALSE,0.515,64
17,5,64,FALSE,0.505,64
2,5,52,TRUE,1,52
3,5,52,TRUE,1,52
4,5,52,TRUE,1,52
5,5,52,TRUE,0.93,52
6,5,52,TRUE,0.99,52
7,5,52,TRUE,1,52
8,5,52,TRUE,0.855,52
9,5,52,TRUE,0.725,52
1,50,52,TRUE,1,52
10,50,52,TRUE,0.725,52
11,50,72,FALSE,0.645,72
12,50,69,FALSE,0.575,69
13,50,64,FALSE,0.69,64
14,50,69,TRUE,0.645,69
15,50,57,TRUE,1,57
16,50,70,TRUE,0.695,70
17,50,65,TRUE,0.665,65
2,50,52,TRUE,1,52
3,50,52,TRUE,1,52
4,50,52,TRUE,0.745,52
5,50,52,TRUE,0.695,52
6,50,52,TRUE,0.565,52
7,50,52,TRUE,0.655,52
8,50,52,FALSE,0.83,52
9,50,52,TRUE,0.795,52
1,6,52,TRUE,0.995,52
10,6,68,FALSE,0.57,68
12,6,77,FALSE,0.55,77
13,6,52,TRUE,0.69,52
14,6,68,TRUE,0.635,68
15,6,71,FALSE,0.685,71
16,6,68,FALSE,0.57,68
17,6,62,TRUE,1,62
2,6,52,TRUE,1,52
3,6,52,TRUE,0.995,52
4,6,52,TRUE,0.885,52
5,6,52,TRUE,0.735,52
6,6,52,TRUE,0.98,52
7,6,52,TRUE,1,52
8,6,52,TRUE,0.55,52
9,6,52,FALSE,0.595,52
1,7,52,TRUE,1,52
10,7,52,TRUE,0.74,52
11,7,71,TRUE,0.675,71
12,7,71,TRUE,0.61,71
13,7,71,FALSE,0.51,71
14,7,68,TRUE,0.68,68
16,7,66,TRUE,0.52,66
17,7,56,TRUE,0.765,56
2,7,52,TRUE,1,52
3,7,52,TRUE,1,52
4,7,52,TRUE,1,52
5,7,52,TRUE,1,52
6,7,52,TRUE,0.885,52
7,7,52,TRUE,1,52
8,7,52,TRUE,0.85,52
9,7,66,TRUE,0.705,66
1,8,52,TRUE,1,52
10,8,52,TRUE,0.555,52
11,8,66,TRUE,0.7,66
12,8,73,TRUE,0.76,73
13,8,66,TRUE,0.62,66
14,8,70,TRUE,0.7,70
15,8,68,FALSE,0.56,68
16,8,57,TRUE,1,57
17,8,52,TRUE,0.76,52
2,8,52,TRUE,1,52
3,8,52,TRUE,0.835,52
4,8,52,TRUE,1,52
5,8,52,TRUE,0.965,52
6,8,52,TRUE,0.64,52
7,8,70,TRUE,0.51,70
8,8,67,TRUE,0.845,67
9,8,52,TRUE,0.825,52
1,9,52,TRUE,1,52
10,9,79,FALSE,0.54,79
11,9,52,FALSE,0.535,52
12,9,64,TRUE,0.61,64
13,9,71,FALSE,0.55,71
14,9,52,TRUE,0.585,52
15,9,69,TRUE,0.53,69
17,9,58,TRUE,0.725,58
2,9,52,TRUE,0.565,52
3,9,52,TRUE,0.78,52
4,9,52,TRUE,0.755,52
5,9,52,TRUE,0.53,52
6,9,52,TRUE,0.925,52
7,9,52,FALSE,0.54,52
8,9,52,TRUE,0.535,52
9,9,52,TRUE,0.595,52
