age,simulation,node,y,mcc_prob,first_split
1,1,58,TRUE,1,58
10,1,52,TRUE,0.2,52
11,1,52,FALSE,0.07,52
12,1,52,FALSE,NA,52
13,1,52,FALSE,0.01,52
14,1,52,FALSE,0.005,52
15,1,52,FALSE,0.005,52
16,1,52,FALSE,0.005,52
17,1,52,FALSE,0.005,52
2,1,52,TRUE,0.99,52
3,1,58,TRUE,1,58
4,1,52,TRUE,0.855,52
5,1,58,TRUE,0.81,58
6,1,52,FALSE,0.1,52
7,1,58,TRUE,0.785,58
8,1,52,FALSE,0.18,52
9,1,58,TRUE,0.8,58
1,10,52,TRUE,1,52
10,10,52,FALSE,NA,52
11,10,59,FALSE,0.05,59
12,10,59,FALSE,0.025,59
13,10,58,TRUE,0.175,58
14,10,52,FALSE,0.005,52
15,10,52,FALSE,NA,52
16,10,52,FALSE,0.005,52
17,10,52,FALSE,NA,52
2,10,58,TRUE,1,58
3,10,52,TRUE,0.995,52
4,10,52,TRUE,0.995,52
5,10,58,TRUE,0.98,58
6,10,58,TRUE,1,58
7,10,52,FALSE,0.265,52
8,10,52,TRUE,0.94,52
9,10,52,TRUE,0.405,52
1,11,52,TRUE,1,52
10,11,52,FALSE,NA,52
11,11,52,FALSE,0.01,52
12,11,62,FALSE,0.005,62
13,11,65,FALSE,0.005,65
14,11,52,FALSE,NA,52
15,11,68,FALSE,0.005,68
16,11,52,FALSE,0.005,52
17,11,61,FALSE,0.005,61
2,11,58,TRUE,1,58
3,11,58,TRUE,1,58
4,11,52,TRUE,0.785,52
5,11,58,TRUE,1,58
6,11,52,TRUE,0.81,52
7,11,58,TRUE,0.725,58
8,11,58,TRUE,0.58,58
9,11,52,FALSE,NA,52
1,12,58,TRUE,1,58
10,12,52,FALSE,0.485,52
11,12,52,FALSE,NA,52
12,12,52,FALSE,0.005,52
13,12,52,FALSE,0.015,52
14,12,52,FALSE,0.015,52
15,12,52,FALSE,0.005,52
16,12,52,FALSE,0.005,52
17,12,56,FALSE,0.005,56
2,12,58,TRUE,1,58
3,12,58,TRUE,1,58
4,12,58,TRUE,1,58
5,12,58,TRUE,0.99,58
6,12,58,TRUE,0.825,58
7,12,58,TRUE,1,58
8,12,58,TRUE,0.975,58
9,12,58,TRUE,0.985,58
1,13,58,TRUE,1,58
10,13,58,TRUE,0.56,58
11,13,52,FALSE,0.205,52
12,13,52,FALSE,0.065,52
13,13,62,FALSE,0.005,62
14,13,52,FALSE,0.005,52
15,13,74,FALSE,0.005,74
16,13,72,FALSE,0.005,72
17,13,74,FALSE,0.005,74
2,13,58,TRUE,1,58
3,13,58,TRUE,1,58
4,13,52,TRUE,0.965,52
5,13,58,TRUE,1,58
6,13,58,TRUE,0.985,58
7,13,59,FALSE,0.78,59
8,13,52,TRUE,0.795,52
9,13,52,TRUE,0.755,52
1,14,58,TRUE,1,58
10,14,52,TRUE,0.42,52
11,14,52,TRUE,0.43,52
12,14,52,FALSE,0.235,52
13,14,58,TRUE,0.145,58
14,14,52,FALSE,0.005,52
15,14,66,FALSE,0.005,66
16,14,52,FALSE,0.005,52
17,14,52,FALSE,0.005,52
2,14,58,TRUE,1,58
3,14,52,TRUE,0.88,52
4,14,58,TRUE,0.97,58
5,14,58,TRUE,0.98,58
6,14,52,TRUE,0.52,52
7,14,52,TRUE,0.92,52
8,14,58,TRUE,0.995,58
9,14,52,TRUE,0.915,52
1,15,58,TRUE,1,58
10,15,52,FALSE,0.635,52
11,15,58,FALSE,0.005,58
12,15,52,FALSE,0.125,52
13,15,83,FALSE,0.015,83
14,15,52,FALSE,0.09,52
15,15,52,FALSE,0.005,52
16,15,52,FALSE,0.005,52
17,15,55,FALSE,0.005,55
2,15,58,TRUE,1,58
3,15,52,TRUE,1,52
4,15,58,TRUE,1,58
5,15,58,TRUE,1,58
6,15,58,TRUE,0.98,58
7,15,58,TRUE,0.985,58
8,15,58,TRUE,0.765,58
9,15,60,FALSE,0.25,60
1,16,52,TRUE,0.825,52
10,16,52,FALSE,0.395,52
11,16,52,FALSE,NA,52
12,16,52,FALSE,NA,52
13,16,56,FALSE,0.005,56
14,16,52,FALSE,0.015,52
15,16,52,FALSE,0.005,52
16,16,52,FALSE,0.005,52
17,16,52,FALSE,0.005,52
2,16,52,TRUE,0.94,52
3,16,52,TRUE,0.82,52
4,16,92,FALSE,0.755,92
5,16,52,TRUE,0.42,52
6,16,58,TRUE,0.875,58
7,16,52,TRUE,0.44,52
8,16,58,TRUE,0.425,58
9,16,58,TRUE,0.405,58
1,17,58,TRUE,1,58
10,17,58,TRUE,0.53,58
11,17,52,FALSE,0.085,52
12,17,52,FALSE,0.195,52
13,17,52,FALSE,0.005,52
14,17,60,TRUE,0.07,60
15,17,61,FALSE,0.005,61
16,17,52,FALSE,0.005,52
17,17,52,FALSE,0.005,52
2,17,58,TRUE,0.995,58
3,17,58,TRUE,1,58
4,17,58,TRUE,1,58
5,17,58,TRUE,1,58
6,17,52,TRUE,0.645,52
7,17,58,TRUE,0.91,58
8,17,58,TRUE,0.93,58
9,17,52,FALSE,0.18,52
1,18,58,TRUE,1,58
10,18,58,TRUE,0.205,58
11,18,52,TRUE,0.185,52
12,18,52,FALSE,0.005,52
13,18,52,FALSE,0.005,52
14,18,78,FALSE,0.005,78
15,18,52,FALSE,NA,52
16,18,52,FALSE,0.005,52
17,18,52,FALSE,0.005,52
2,18,58,TRUE,1,58
3,18,58,TRUE,1,58
4,18,58,TRUE,1,58
5,18,58,TRUE,1,58
6,18,58,TRUE,0.995,58
7,18,58,TRUE,0.97,58
8,18,52,FALSE,0.13,52
9,18,52,FALSE,NA,52
1,19,58,TRUE,1,58
10,19,88,FALSE,0.04,88
11,19,52,TRUE,0.175,52
12,19,52,TRUE,0.15,52
13,19,87,FALSE,0.045,87
14,19,83,FALSE,0.005,83
15,19,61,FALSE,0.005,61
16,19,52,FALSE,0.005,52
17,19,52,FALSE,0.005,52
2,19,58,TRUE,1,58
3,19,58,TRUE,1,58
4,19,58,TRUE,1,58
5,19,58,TRUE,1,58
6,19,58,TRUE,0.915,58
7,19,58,TRUE,0.995,58
8,19,58,TRUE,0.795,58
9,19,60,TRUE,0.83,60
1,2,52,TRUE,1,52
10,2,59,FALSE,0.175,59
11,2,58,TRUE,0.455,58
12,2,52,FALSE,0.11,52
13,2,52,FALSE,NA,52
14,2,52,FALSE,0.005,52
15,2,52,FALSE,0.005,52
16,2,52,FALSE,0.005,52
17,2,52,FALSE,0.005,52
2,2,52,TRUE,1,52
3,2,58,TRUE,1,58
4,2,52,TRUE,0.58,52
5,2,58,TRUE,0.985,58
6,2,58,TRUE,0.815,58
7,2,52,TRUE,0.64,52
8,2,58,TRUE,0.955,58
9,2,58,TRUE,0.97,58
1,20,58,TRUE,1,58
10,20,62,FALSE,0.24,62
11,20,53,FALSE,0.115,53
12,20,52,TRUE,0.115,52
13,20,62,FALSE,0.005,62
14,20,80,FALSE,0.005,80
15,20,90,FALSE,0.005,90
16,20,52,FALSE,0.005,52
17,20,52,FALSE,0.005,52
2,20,58,TRUE,1,58
3,20,58,TRUE,1,58
4,20,58,TRUE,0.97,58
5,20,52,FALSE,0.41,52
6,20,58,TRUE,0.925,58
7,20,60,FALSE,0.97,60
8,20,58,TRUE,0.975,58
9,20,58,TRUE,0.705,58
1,21,58,TRUE,1,58
10,21,52,TRUE,0.82,52
11,21,52,FALSE,0.015,52
12,21,57,FALSE,0.005,57
13,21,90,FALSE,0.015,90
14,21,52,FALSE,0.005,52
15,21,52,FALSE,0.005,52
16,21,52,FALSE,0.01,52
17,21,52,FALSE,0.005,52
2,21,58,TRUE,1,58
3,21,58,TRUE,1,58
4,21,58,TRUE,0.935,58
5,21,58,TRUE,1,58
6,21,58,TRUE,1,58
7,21,58,TRUE,0.995,58
8,21,52,TRUE,0.875,52
9,21,58,TRUE,0.825,58
1,22,52,TRUE,1,52
10,22,52,FALSE,0.085,52
11,22,58,TRUE,0.865,58
12,22,54,FALSE,0.015,54
13,22,52,FALSE,0.005,52
14,22,52,FALSE,0.005,52
15,22,52,FALSE,0.005,52
16,22,52,FALSE,0.005,52
17,22,82,FALSE,0.005,82
2,22,58,TRUE,0.995,58
3,22,52,TRUE,0.86,52
4,22,52,TRUE,0.915,52
5,22,52,FALSE,0.445,52
6,22,58,TRUE,0.945,58
7,22,58,TRUE,0.9,58
8,22,60,TRUE,0.405,60
9,22,52,TRUE,0.73,52
1,23,52,TRUE,1,52
10,23,52,FALSE,0.065,52
11,23,58,FALSE,0.01,58
12,23,52,FALSE,NA,52
13,23,52,FALSE,0.01,52
14,23,73,FALSE,0.005,73
15,23,52,FALSE,0.005,52
16,23,75,FALSE,0.005,75
17,23,52,FALSE,0.005,52
2,23,58,TRUE,1,58
3,23,58,TRUE,1,58
4,23,58,TRUE,1,58
5,23,52,TRUE,0.74,52
6,23,52,FALSE,0.505,52
7,23,52,FALSE,0.14,52
8,23,58,TRUE,1,58
9,23,52,FALSE,0.03,52
1,24,58,TRUE,1,58
10,24,61,TRUE,0.595,61
11,24,57,FALSE,0.165,57
12,24,52,FALSE,0.005,52
13,24,52,FALSE,0.01,52
14,24,59,FALSE,0.03,59
15,24,52,FALSE,0.005,52
16,24,52,FALSE,0.005,52
17,24,52,FALSE,0.005,52
2,24,52,TRUE,0.995,52
3,24,52,TRUE,0.95,52
4,24,58,TRUE,0.835,58
5,24,58,TRUE,0.975,58
6,24,52,TRUE,0.59,52
7,24,58,TRUE,0.87,58
8,24,58,TRUE,0.81,58
9,24,59,FALSE,0.4,59
1,25,52,TRUE,1,52
10,25,58,TRUE,0.62,58
11,25,53,FALSE,0.015,53
12,25,52,FALSE,0.02,52
13,25,59,FALSE,0.005,59
14,25,52,FALSE,0.005,52
15,25,52,FALSE,0.005,52
16,25,52,FALSE,0.005,52
17,25,52,FALSE,0.005,52
2,25,58,TRUE,1,58
3,25,52,TRUE,0.995,52
4,25,58,TRUE,1,58
5,25,52,TRUE,0.705,52
6,25,52,TRUE,0.73,52
7,25,52,FALSE,0.275,52
8,25,58,TRUE,0.865,58
9,25,62,FALSE,0.33,62
1,26,58,TRUE,1,58
10,26,52,FALSE,NA,52
11,26,52,FALSE,0.025,52
12,26,63,FALSE,0.005,63
13,26,52,FALSE,NA,52
14,26,88,FALSE,0.005,88
15,26,52,FALSE,0.005,52
16,26,52,FALSE,0.005,52
17,26,52,FALSE,0.005,52
2,26,58,TRUE,1,58
3,26,58,TRUE,1,58
4,26,58,TRUE,1,58
5,26,58,TRUE,0.955,58
6,26,58,TRUE,0.99,58
7,26,58,TRUE,1,58
8,26,52,FALSE,0.125,52
9,26,52,TRUE,0.98,52
1,27,58,TRUE,1,58
10,27,52,FALSE,NA,52
11,27,53,FALSE,0.095,53
12,27,52,FALSE,0.025,52
13,27,52,FALSE,0.01,52
14,27,52,FALSE,0.005,52
15,27,52,FALSE,0.005,52
16,27,52,FALSE,0.005,52
17,27,52,FALSE,0.005,52
2,27,52,TRUE,0.955,52
3,27,52,TRUE,0.89,52
4,27,58,TRUE,0.975,58
5,27,52,TRUE,0.63,52
6,27,52,TRUE,0.895,52
7,27,58,TRUE,0.96,58
8,27,52,FALSE,0.4,52
9,27,52,FALSE,0.165,52
1,28,52,TRUE,0.615,52
10,28,52,FALSE,0.1,52
11,28,52,FALSE,0.005,52
12,28,86,FALSE,0.005,86
13,28,53,FALSE,0.02,53
14,28,59,FALSE,0.005,59
15,28,52,FALSE,0.005,52
16,28,52,FALSE,0.005,52
17,28,52,FALSE,0.005,52
2,28,52,TRUE,0.72,52
3,28,52,FALSE,0.495,52
4,28,52,TRUE,0.87,52
5,28,58,TRUE,0.805,58
6,28,58,TRUE,0.985,58
7,28,58,TRUE,0.99,58
8,28,52,TRUE,0.875,52
9,28,58,TRUE,0.63,58
1,29,52,TRUE,1,52
10,29,58,TRUE,0.785,58
11,29,59,FALSE,0.1,59
12,29,52,FALSE,0.025,52
13,29,52,FALSE,0.005,52
14,29,52,FALSE,NA,52
15,29,52,FALSE,0.005,52
16,29,67,FALSE,0.005,67
17,29,52,FALSE,0.005,52
2,29,52,TRUE,1,52
3,29,52,TRUE,0.985,52
4,29,52,TRUE,0.995,52
5,29,92,FALSE,0.415,92
6,29,58,TRUE,0.945,58
7,29,58,TRUE,0.955,58
8,29,58,TRUE,0.88,58
9,29,60,TRUE,0.645,60
1,3,52,TRUE,1,52
10,3,61,TRUE,0.05,61
11,3,52,FALSE,0.08,52
12,3,52,FALSE,0.025,52
13,3,52,FALSE,0.005,52
14,3,52,FALSE,0.005,52
15,3,52,FALSE,0.005,52
16,3,52,FALSE,0.005,52
17,3,52,FALSE,0.005,52
2,3,58,TRUE,1,58
3,3,58,TRUE,1,58
4,3,58,TRUE,1,58
5,3,52,TRUE,0.995,52
6,3,58,TRUE,0.985,58
7,3,58,TRUE,0.99,58
8,3,52,TRUE,0.825,52
9,3,58,TRUE,0.995,58
1,30,58,TRUE,1,58
10,30,58,TRUE,0.95,58
11,30,52,TRUE,0.685,52
12,30,52,FALSE,0.005,52
13,30,52,FALSE,0.055,52
14,30,52,FALSE,0.005,52
15,30,52,FALSE,0.005,52
16,30,52,FALSE,0.005,52
17,30,52,FALSE,0.005,52
2,30,58,TRUE,1,58
3,30,58,TRUE,0.985,58
4,30,58,TRUE,1,58
5,30,58,TRUE,1,58
6,30,58,TRUE,1,58
7,30,58,TRUE,0.96,58
8,30,58,TRUE,0.98,58
9,30,52,TRUE,0.755,52
1,31,58,TRUE,0.995,58
10,31,78,FALSE,0.005,78
11,31,52,FALSE,0.155,52
12,31,52,FALSE,NA,52
13,31,52,FALSE,NA,52
14,31,52,FALSE,0.005,52
15,31,52,FALSE,NA,52
16,31,52,FALSE,0.005,52
17,31,52,FALSE,0.005,52
2,31,58,TRUE,1,58
3,31,52,TRUE,0.995,52
4,31,52,FALSE,0.85,52
5,31,58,TRUE,0.995,58
6,31,58,TRUE,1,58
7,31,52,FALSE,0.245,52
8,31,60,TRUE,0.915,60
9,31,52,FALSE,0.125,52
1,32,58,TRUE,1,58
10,32,58,TRUE,0.695,58
11,32,52,FALSE,0.115,52
12,32,52,TRUE,0.04,52
13,32,52,FALSE,0.005,52
14,32,52,FALSE,0.005,52
15,32,52,FALSE,NA,52
16,32,52,FALSE,0.01,52
17,32,52,FALSE,0.005,52
2,32,58,TRUE,1,58
3,32,58,TRUE,1,58
4,32,58,TRUE,1,58
5,32,58,TRUE,1,58
6,32,58,TRUE,1,58
7,32,58,TRUE,1,58
8,32,58,TRUE,1,58
9,32,52,TRUE,0.17,52
1,33,52,TRUE,0.935,52
10,33,52,FALSE,0.74,52
11,33,52,TRUE,0.38,52
12,33,52,FALSE,0.145,52
13,33,52,FALSE,0.005,52
14,33,52,FALSE,0.005,52
15,33,83,FALSE,0.005,83
16,33,52,FALSE,0.005,52
17,33,52,FALSE,0.005,52
2,33,58,TRUE,0.995,58
3,33,52,TRUE,0.725,52
4,33,58,TRUE,0.985,58
5,33,58,TRUE,0.96,58
6,33,52,TRUE,0.92,52
7,33,60,TRUE,0.87,60
8,33,60,TRUE,0.73,60
9,33,54,FALSE,0.7,54
1,34,58,TRUE,1,58
10,34,59,FALSE,0.34,59
11,34,52,FALSE,0.025,52
12,34,52,FALSE,NA,52
13,34,53,FALSE,0.015,53
14,34,52,FALSE,0.005,52
15,34,52,FALSE,0.005,52
16,34,73,FALSE,0.005,73
17,34,63,FALSE,0.005,63
2,34,58,TRUE,1,58
3,34,58,TRUE,1,58
4,34,58,TRUE,0.995,58
5,34,58,TRUE,1,58
6,34,58,TRUE,0.975,58
7,34,58,TRUE,0.995,58
8,34,58,TRUE,0.865,58
9,34,58,TRUE,0.905,58
1,35,52,TRUE,1,52
10,35,54,FALSE,0.04,54
11,35,58,TRUE,0.035,58
12,35,52,FALSE,0.005,52
13,35,60,FALSE,0.005,60
14,35,52,FALSE,0.005,52
15,35,52,FALSE,NA,52
16,35,86,FALSE,0.005,86
17,35,52,FALSE,0.005,52
2,35,52,TRUE,0.96,52
3,35,58,TRUE,1,58
4,35,52,TRUE,1,52
5,35,58,TRUE,0.95,58
6,35,58,TRUE,0.97,58
7,35,58,TRUE,0.915,58
8,35,58,TRUE,0.945,58
9,35,52,FALSE,0.655,52
1,36,52,FALSE,0.755,52
10,36,53,FALSE,0.13,53
11,36,52,FALSE,0.025,52
12,36,59,FALSE,0.075,59
13,36,52,FALSE,0.005,52
14,36,64,FALSE,0.01,64
15,36,52,FALSE,0.005,52
16,36,52,FALSE,0.005,52
17,36,67,FALSE,0.005,67
2,36,52,FALSE,0.495,52
3,36,52,FALSE,0.74,52
4,36,58,TRUE,0.515,58
5,36,52,TRUE,0.675,52
6,36,58,TRUE,0.595,58
7,36,88,FALSE,0.115,88
8,36,60,TRUE,0.47,60
9,36,61,FALSE,0.21,61
1,37,52,TRUE,1,52
10,37,52,FALSE,0.02,52
11,37,52,TRUE,0.375,52
12,37,52,FALSE,0.02,52
13,37,52,FALSE,0.005,52
14,37,52,FALSE,0.005,52
15,37,83,FALSE,0.005,83
16,37,52,FALSE,0.005,52
17,37,52,FALSE,0.005,52
2,37,52,TRUE,0.975,52
3,37,52,TRUE,0.99,52
4,37,58,TRUE,0.99,58
5,37,52,TRUE,0.945,52
6,37,58,TRUE,0.995,58
7,37,58,TRUE,0.99,58
8,37,52,TRUE,0.615,52
9,37,58,TRUE,0.485,58
1,38,52,TRUE,1,52
10,38,52,FALSE,0.03,52
11,38,52,FALSE,NA,52
12,38,52,FALSE,0.01,52
13,38,59,FALSE,0.005,59
14,38,64,FALSE,0.005,64
15,38,52,FALSE,NA,52
16,38,52,FALSE,0.005,52
17,38,52,FALSE,0.005,52
2,38,52,TRUE,0.915,52
3,38,58,TRUE,1,58
4,38,52,FALSE,0.115,52
5,38,58,TRUE,0.995,58
6,38,52,FALSE,0.6,52
7,38,52,TRUE,0.61,52
8,38,52,TRUE,0.235,52
9,38,52,FALSE,0.02,52
1,39,58,TRUE,1,58
10,39,52,FALSE,NA,52
11,39,53,FALSE,0.16,53
12,39,57,FALSE,0.005,57
13,39,52,FALSE,0.005,52
14,39,52,FALSE,0.015,52
15,39,52,FALSE,0.005,52
16,39,88,FALSE,0.005,88
17,39,52,FALSE,0.005,52
2,39,58,TRUE,1,58
3,39,58,TRUE,1,58
4,39,58,TRUE,1,58
5,39,58,TRUE,1,58
6,39,58,TRUE,0.995,58
7,39,58,TRUE,0.99,58
8,39,58,TRUE,0.745,58
9,39,52,FALSE,0.055,52
1,4,58,TRUE,1,58
10,4,52,FALSE,0.07,52
11,4,98,FALSE,0.035,98
12,4,52,FALSE,0.015,52
13,4,52,FALSE,0.01,52
14,4,52,FALSE,NA,52
15,4,54,FALSE,0.005,54
16,4,54,FALSE,0.02,54
17,4,52,FALSE,0.005,52
2,4,58,TRUE,1,58
3,4,58,TRUE,1,58
4,4,58,TRUE,1,58
5,4,52,TRUE,0.995,52
6,4,58,TRUE,0.905,58
7,4,58,TRUE,0.94,58
8,4,52,FALSE,0.38,52
9,4,52,FALSE,0.25,52
1,40,58,TRUE,1,58
10,40,52,FALSE,0.005,52
11,40,52,TRUE,0.09,52
12,40,52,FALSE,0.005,52
13,40,52,FALSE,0.07,52
14,40,52,FALSE,0.005,52
15,40,74,FALSE,0.005,74
16,40,53,FALSE,0.005,53
17,40,52,FALSE,0.005,52
2,40,58,TRUE,1,58
3,40,58,TRUE,1,58
4,40,60,TRUE,1,60
5,40,58,TRUE,0.97,58
6,40,58,TRUE,0.61,58
7,40,52,TRUE,0.84,52
8,40,58,TRUE,0.745,58
9,40,60,TRUE,0.135,60
1,41,52,TRUE,1,52
10,41,58,TRUE,0.745,58
11,41,52,FALSE,NA,52
12,41,59,FALSE,0.28,59
13,41,52,FALSE,0.01,52
14,41,52,FALSE,0.005,52
15,41,52,FALSE,0.005,52
16,41,52,FALSE,0.005,52
17,41,52,FALSE,0.005,52
2,41,52,TRUE,1,52
3,41,58,TRUE,1,58
4,41,52,TRUE,0.42,52
5,41,52,TRUE,0.99,52
6,41,58,TRUE,0.94,58
7,41,58,TRUE,0.87,58
8,41,58,TRUE,0.71,58
9,41,58,TRUE,0.505,58
1,42,52,TRUE,0.51,52
10,42,60,FALSE,0.025,60
11,42,52,FALSE,0.095,52
12,42,52,FALSE,0.005,52
13,42,71,FALSE,0.005,71
14,42,52,FALSE,0.005,52
15,42,52,FALSE,0.005,52
16,42,52,FALSE,0.005,52
17,42,52,FALSE,0.005,52
2,42,52,TRUE,0.895,52
3,42,58,TRUE,0.92,58
4,42,60,TRUE,0.765,60
5,42,58,TRUE,0.66,58
6,42,52,TRUE,0.135,52
7,42,59,FALSE,0.52,59
8,42,52,FALSE,0.13,52
9,42,52,FALSE,NA,52
1,43,52,TRUE,0.98,52
10,43,52,FALSE,NA,52
11,43,58,TRUE,0.405,58
12,43,52,FALSE,0.01,52
13,43,52,FALSE,0.005,52
14,43,52,FALSE,0.005,52
15,43,52,FALSE,0.005,52
16,43,52,FALSE,0.005,52
17,43,52,FALSE,0.005,52
2,43,58,TRUE,1,58
3,43,52,TRUE,0.745,52
4,43,52,TRUE,0.53,52
5,43,58,TRUE,0.895,58
6,43,52,FALSE,0.95,52
7,43,52,FALSE,NA,52
8,43,58,TRUE,0.85,58
9,43,52,FALSE,NA,52
1,44,52,TRUE,0.925,52
10,44,58,TRUE,0.195,58
11,44,52,FALSE,0.01,52
12,44,52,FALSE,0.005,52
13,44,52,FALSE,0.01,52
14,44,52,FALSE,0.01,52
15,44,52,FALSE,0.005,52
16,44,52,FALSE,0.005,52
17,44,71,FALSE,0.005,71
2,44,52,TRUE,1,52
3,44,52,TRUE,0.985,52
4,44,58,TRUE,0.99,58
5,44,58,TRUE,0.88,58
6,44,58,TRUE,0.88,58
7,44,52,TRUE,0.62,52
8,44,52,TRUE,0.93,52
9,44,52,FALSE,NA,52
1,45,58,TRUE,1,58
10,45,52,FALSE,0.46,52
11,45,52,FALSE,0.025,52
12,45,52,FALSE,0.105,52
13,45,52,FALSE,0.045,52
14,45,77,FALSE,0.005,77
15,45,52,FALSE,0.005,52
16,45,61,FALSE,0.01,61
17,45,52,FALSE,0.005,52
2,45,58,TRUE,1,58
3,45,58,TRUE,1,58
4,45,58,TRUE,0.99,58
5,45,58,TRUE,1,58
6,45,58,TRUE,0.975,58
7,45,58,TRUE,0.985,58
8,45,52,FALSE,0.125,52
9,45,52,TRUE,0.75,52
1,46,52,TRUE,1,52
10,46,52,FALSE,0.445,52
11,46,58,TRUE,0.06,58
12,46,52,FALSE,0.01,52
13,46,52,FALSE,0.015,52
14,46,52,FALSE,0.005,52
15,46,52,FALSE,0.005,52
16,46,52,FALSE,0.005,52
17,46,52,FALSE,NA,52
2,46,52,TRUE,0.93,52
3,46,52,TRUE,0.85,52
4,46,60,TRUE,0.965,60
5,46,52,TRUE,0.49,52
6,46,52,FALSE,0.525,52
7,46,52,TRUE,0.76,52
8,46,52,FALSE,0.215,52
9,46,52,FALSE,0.525,52
1,47,58,TRUE,1,58
10,47,53,FALSE,0.5,53
11,47,52,FALSE,0.005,52
12,47,62,FALSE,0.005,62
13,47,68,FALSE,0.005,68
14,47,52,FALSE,0.005,52
15,47,92,FALSE,0.005,92
16,47,52,FALSE,0.005,52
17,47,96,FALSE,0.005,96
2,47,52,TRUE,1,52
3,47,58,TRUE,0.97,58
4,47,52,TRUE,0.94,52
5,47,58,TRUE,0.985,58
6,47,58,TRUE,0.885,58
7,47,58,TRUE,0.42,58
8,47,60,TRUE,0.465,60
9,47,52,TRUE,0.42,52
1,48,52,TRUE,0.55,52
10,48,52,FALSE,0.065,52
11,48,61,TRUE,0.055,61
12,48,52,FALSE,0.01,52
13,48,52,TRUE,0.04,52
14,48,54,FALSE,0.005,54
15,48,52,FALSE,0.005,52
16,48,52,FALSE,0.005,52
17,48,52,FALSE,0.005,52
2,48,58,TRUE,1,58
3,48,52,TRUE,0.795,52
4,48,52,TRUE,0.43,52
5,48,58,TRUE,0.975,58
6,48,58,TRUE,0.995,58
7,48,52,TRUE,0.41,52
8,48,60,TRUE,0.955,60
9,48,53,FALSE,0.095,53
1,49,52,TRUE,0.9,52
10,49,52,TRUE,0.44,52
11,49,52,FALSE,0.02,52
12,49,52,FALSE,0.01,52
13,49,54,FALSE,0.005,54
14,49,53,FALSE,0.005,53
15,49,52,FALSE,0.005,52
16,49,52,FALSE,0.005,52
17,49,52,FALSE,0.005,52
2,49,58,TRUE,0.985,58
3,49,52,TRUE,0.505,52
4,49,52,FALSE,0.95,52
5,49,52,FALSE,0.825,52
6,49,58,TRUE,1,58
7,49,52,TRUE,0.44,52
8,49,52,FALSE,0.39,52
9,49,52,TRUE,0.325,52
1,5,58,TRUE,1,58
10,5,60,FALSE,0.26,60
11,5,58,TRUE,0.79,58
12,5,52,FALSE,0.025,52
13,5,59,FALSE,0.01,59
14,5,62,FALSE,0.005,62
15,5,52,FALSE,0.005,52
16,5,52,FALSE,0.005,52
17,5,67,FALSE,0.005,67
2,5,58,TRUE,1,58
3,5,58,TRUE,1,58
4,5,58,TRUE,1,58
5,5,58,TRUE,0.93,58
6,5,58,TRUE,0.99,58
7,5,58,TRUE,1,58
8,5,58,TRUE,0.855,58
9,5,52,TRUE,0.725,52
1,50,58,TRUE,1,58
10,50,52,TRUE,0.495,52
11,50,52,FALSE,0.01,52
12,50,52,FALSE,NA,52
13,50,52,FALSE,0.01,52
14,50,52,FALSE,0.005,52
15,50,84,FALSE,0.005,84
16,50,52,FALSE,0.005,52
17,50,52,FALSE,0.005,52
2,50,58,TRUE,1,58
3,50,58,TRUE,1,58
4,50,58,TRUE,0.745,58
5,50,52,TRUE,0.695,52
6,50,52,TRUE,0.565,52
7,50,58,TRUE,0.655,58
8,50,52,FALSE,NA,52
9,50,52,FALSE,NA,52
1,6,52,TRUE,0.995,52
10,6,52,FALSE,0.07,52
11,6,52,FALSE,NA,52
12,6,52,TRUE,0.145,52
13,6,52,FALSE,0.085,52
14,6,52,FALSE,0.005,52
15,6,52,FALSE,0.005,52
16,6,52,FALSE,0.005,52
17,6,52,FALSE,0.005,52
2,6,58,TRUE,1,58
3,6,58,TRUE,0.995,58
4,6,58,TRUE,0.885,58
5,6,58,TRUE,0.735,58
6,6,58,TRUE,0.98,58
7,6,58,TRUE,1,58
8,6,52,TRUE,0.55,52
9,6,62,FALSE,0.11,62
1,7,58,TRUE,1,58
10,7,58,TRUE,0.74,58
11,7,58,TRUE,0.245,58
12,7,52,FALSE,0.005,52
13,7,52,FALSE,0.005,52
14,7,52,FALSE,0.005,52
15,7,80,FALSE,0.005,80
16,7,52,FALSE,0.005,52
17,7,52,FALSE,0.005,52
2,7,58,TRUE,1,58
3,7,58,TRUE,1,58
4,7,58,TRUE,1,58
5,7,58,TRUE,1,58
6,7,52,TRUE,0.885,52
7,7,58,TRUE,1,58
8,7,58,TRUE,0.85,58
9,7,60,FALSE,0.405,60
1,8,52,TRUE,1,52
10,8,58,TRUE,0.555,58
11,8,52,FALSE,0.005,52
12,8,73,FALSE,0.005,73
13,8,52,FALSE,0.005,52
14,8,52,FALSE,0.005,52
15,8,65,FALSE,0.005,65
16,8,52,FALSE,0.005,52
17,8,70,FALSE,0.005,70
2,8,58,TRUE,1,58
3,8,52,TRUE,0.835,52
4,8,58,TRUE,1,58
5,8,58,TRUE,0.965,58
6,8,52,TRUE,0.46,52
7,8,52,TRUE,0.39,52
8,8,52,FALSE,NA,52
9,8,58,TRUE,0.825,58
1,9,52,TRUE,1,52
10,9,60,FALSE,0.31,60
11,9,59,FALSE,0.13,59
12,9,52,FALSE,0.015,52
13,9,52,FALSE,0.015,52
14,9,52,FALSE,NA,52
15,9,52,FALSE,0.005,52
16,9,52,FALSE,0.005,52
17,9,52,FALSE,0.005,52
2,9,52,TRUE,0.565,52
3,9,58,TRUE,0.78,58
4,9,52,TRUE,0.755,52
5,9,52,TRUE,0.53,52
6,9,58,TRUE,0.925,58
7,9,58,TRUE,0.39,58
8,9,52,TRUE,0.535,52
9,9,58,TRUE,0.595,58
