"type","age","simulation","node","exist","N_nodes"
"consensus",8,1,51,29,TRUE
"consensus",8,1,52,29,TRUE
"consensus",8,1,53,29,TRUE
"consensus",8,1,54,29,TRUE
"consensus",8,1,55,29,TRUE
"consensus",8,1,56,29,TRUE
"consensus",8,1,57,29,TRUE
"consensus",8,1,58,29,TRUE
"consensus",8,1,59,29,TRUE
"consensus",8,1,60,29,TRUE
"consensus",8,1,62,29,TRUE
"consensus",8,1,63,29,TRUE
"consensus",8,1,64,29,TRUE
"consensus",8,1,65,29,TRUE
"consensus",8,1,66,29,FALSE
"consensus",8,1,67,29,TRUE
"consensus",8,1,68,29,FALSE
"consensus",8,1,70,29,TRUE
"consensus",8,1,71,29,TRUE
"consensus",8,1,72,29,FALSE
"consensus",8,1,73,29,FALSE
"consensus",8,1,74,29,TRUE
"consensus",8,1,75,29,TRUE
"consensus",8,1,76,29,TRUE
"consensus",8,1,78,29,TRUE
"consensus",8,1,79,29,TRUE
"consensus",8,1,80,29,TRUE
"consensus",8,1,81,29,TRUE
"consensus",8,1,82,29,TRUE
"consensus",8,10,51,29,TRUE
"consensus",8,10,52,29,TRUE
"consensus",8,10,53,29,TRUE
"consensus",8,10,54,29,FALSE
"consensus",8,10,55,29,TRUE
"consensus",8,10,56,29,TRUE
"consensus",8,10,58,29,TRUE
"consensus",8,10,59,29,FALSE
"consensus",8,10,60,29,TRUE
"consensus",8,10,61,29,FALSE
"consensus",8,10,62,29,FALSE
"consensus",8,10,63,29,TRUE
"consensus",8,10,65,29,TRUE
"consensus",8,10,66,29,TRUE
"consensus",8,10,67,29,FALSE
"consensus",8,10,68,29,TRUE
"consensus",8,10,69,29,TRUE
"consensus",8,10,70,29,TRUE
"consensus",8,10,71,29,FALSE
"consensus",8,10,72,29,TRUE
"consensus",8,10,73,29,TRUE
"consensus",8,10,75,29,TRUE
"consensus",8,10,76,29,FALSE
"consensus",8,10,77,29,TRUE
"consensus",8,10,78,29,FALSE
"consensus",8,10,79,29,TRUE
"consensus",8,10,80,29,TRUE
"consensus",8,10,81,29,TRUE
"consensus",8,10,82,29,TRUE
"consensus",8,11,51,25,TRUE
"consensus",8,11,52,25,FALSE
"consensus",8,11,53,25,TRUE
"consensus",8,11,54,25,TRUE
"consensus",8,11,55,25,TRUE
"consensus",8,11,56,25,TRUE
"consensus",8,11,57,25,TRUE
"consensus",8,11,58,25,TRUE
"consensus",8,11,61,25,TRUE
"consensus",8,11,62,25,FALSE
"consensus",8,11,63,25,TRUE
"consensus",8,11,65,25,TRUE
"consensus",8,11,66,25,TRUE
"consensus",8,11,67,25,FALSE
"consensus",8,11,68,25,TRUE
"consensus",8,11,69,25,TRUE
"consensus",8,11,70,25,TRUE
"consensus",8,11,71,25,TRUE
"consensus",8,11,72,25,TRUE
"consensus",8,11,73,25,FALSE
"consensus",8,11,74,25,TRUE
"consensus",8,11,75,25,TRUE
"consensus",8,11,76,25,FALSE
"consensus",8,11,77,25,FALSE
"consensus",8,11,78,25,TRUE
"consensus",8,12,51,24,TRUE
"consensus",8,12,52,24,TRUE
"consensus",8,12,53,24,TRUE
"consensus",8,12,54,24,TRUE
"consensus",8,12,55,24,TRUE
"consensus",8,12,56,24,TRUE
"consensus",8,12,57,24,TRUE
"consensus",8,12,60,24,TRUE
"consensus",8,12,61,24,FALSE
"consensus",8,12,62,24,TRUE
"consensus",8,12,63,24,TRUE
"consensus",8,12,64,24,TRUE
"consensus",8,12,65,24,TRUE
"consensus",8,12,66,24,TRUE
"consensus",8,12,68,24,TRUE
"consensus",8,12,69,24,TRUE
"consensus",8,12,70,24,TRUE
"consensus",8,12,71,24,TRUE
"consensus",8,12,72,24,TRUE
"consensus",8,12,73,24,TRUE
"consensus",8,12,74,24,FALSE
"consensus",8,12,75,24,TRUE
"consensus",8,12,76,24,TRUE
"consensus",8,12,77,24,TRUE
"consensus",8,13,51,24,TRUE
"consensus",8,13,52,24,TRUE
"consensus",8,13,53,24,TRUE
"consensus",8,13,54,24,TRUE
"consensus",8,13,55,24,TRUE
"consensus",8,13,56,24,TRUE
"consensus",8,13,57,24,FALSE
"consensus",8,13,58,24,TRUE
"consensus",8,13,61,24,TRUE
"consensus",8,13,62,24,FALSE
"consensus",8,13,63,24,TRUE
"consensus",8,13,64,24,TRUE
"consensus",8,13,66,24,TRUE
"consensus",8,13,67,24,TRUE
"consensus",8,13,68,24,TRUE
"consensus",8,13,69,24,TRUE
"consensus",8,13,70,24,TRUE
"consensus",8,13,71,24,TRUE
"consensus",8,13,72,24,TRUE
"consensus",8,13,73,24,TRUE
"consensus",8,13,74,24,TRUE
"consensus",8,13,75,24,TRUE
"consensus",8,13,76,24,TRUE
"consensus",8,13,77,24,TRUE
"consensus",8,14,51,27,TRUE
"consensus",8,14,52,27,TRUE
"consensus",8,14,53,27,TRUE
"consensus",8,14,54,27,TRUE
"consensus",8,14,55,27,TRUE
"consensus",8,14,56,27,TRUE
"consensus",8,14,57,27,TRUE
"consensus",8,14,58,27,TRUE
"consensus",8,14,59,27,TRUE
"consensus",8,14,61,27,TRUE
"consensus",8,14,62,27,TRUE
"consensus",8,14,63,27,FALSE
"consensus",8,14,65,27,TRUE
"consensus",8,14,66,27,FALSE
"consensus",8,14,67,27,TRUE
"consensus",8,14,68,27,TRUE
"consensus",8,14,70,27,TRUE
"consensus",8,14,71,27,TRUE
"consensus",8,14,72,27,FALSE
"consensus",8,14,73,27,FALSE
"consensus",8,14,74,27,FALSE
"consensus",8,14,75,27,TRUE
"consensus",8,14,76,27,TRUE
"consensus",8,14,77,27,TRUE
"consensus",8,14,78,27,FALSE
"consensus",8,14,79,27,TRUE
"consensus",8,14,80,27,TRUE
"consensus",8,15,51,25,TRUE
"consensus",8,15,52,25,TRUE
"consensus",8,15,53,25,TRUE
"consensus",8,15,54,25,TRUE
"consensus",8,15,55,25,TRUE
"consensus",8,15,56,25,TRUE
"consensus",8,15,57,25,TRUE
"consensus",8,15,58,25,TRUE
"consensus",8,15,60,25,TRUE
"consensus",8,15,61,25,TRUE
"consensus",8,15,62,25,TRUE
"consensus",8,15,64,25,TRUE
"consensus",8,15,65,25,TRUE
"consensus",8,15,66,25,TRUE
"consensus",8,15,67,25,TRUE
"consensus",8,15,68,25,TRUE
"consensus",8,15,69,25,FALSE
"consensus",8,15,70,25,TRUE
"consensus",8,15,71,25,FALSE
"consensus",8,15,72,25,TRUE
"consensus",8,15,73,25,TRUE
"consensus",8,15,75,25,TRUE
"consensus",8,15,76,25,TRUE
"consensus",8,15,77,25,TRUE
"consensus",8,15,78,25,TRUE
"consensus",8,16,51,24,TRUE
"consensus",8,16,52,24,FALSE
"consensus",8,16,53,24,TRUE
"consensus",8,16,54,24,FALSE
"consensus",8,16,55,24,TRUE
"consensus",8,16,56,24,TRUE
"consensus",8,16,57,24,TRUE
"consensus",8,16,59,24,TRUE
"consensus",8,16,60,24,TRUE
"consensus",8,16,61,24,TRUE
"consensus",8,16,62,24,TRUE
"consensus",8,16,64,24,TRUE
"consensus",8,16,65,24,TRUE
"consensus",8,16,66,24,FALSE
"consensus",8,16,67,24,TRUE
"consensus",8,16,68,24,TRUE
"consensus",8,16,70,24,TRUE
"consensus",8,16,71,24,TRUE
"consensus",8,16,72,24,TRUE
"consensus",8,16,73,24,FALSE
"consensus",8,16,74,24,TRUE
"consensus",8,16,75,24,FALSE
"consensus",8,16,76,24,TRUE
"consensus",8,16,77,24,TRUE
"consensus",8,17,51,22,TRUE
"consensus",8,17,52,22,TRUE
"consensus",8,17,53,22,TRUE
"consensus",8,17,54,22,TRUE
"consensus",8,17,55,22,TRUE
"consensus",8,17,56,22,TRUE
"consensus",8,17,57,22,FALSE
"consensus",8,17,58,22,TRUE
"consensus",8,17,61,22,TRUE
"consensus",8,17,62,22,TRUE
"consensus",8,17,63,22,TRUE
"consensus",8,17,64,22,TRUE
"consensus",8,17,65,22,TRUE
"consensus",8,17,66,22,TRUE
"consensus",8,17,67,22,TRUE
"consensus",8,17,68,22,FALSE
"consensus",8,17,70,22,TRUE
"consensus",8,17,71,22,TRUE
"consensus",8,17,72,22,TRUE
"consensus",8,17,73,22,TRUE
"consensus",8,17,74,22,TRUE
"consensus",8,17,75,22,TRUE
"consensus",8,18,51,27,TRUE
"consensus",8,18,52,27,TRUE
"consensus",8,18,53,27,TRUE
"consensus",8,18,54,27,TRUE
"consensus",8,18,55,27,TRUE
"consensus",8,18,56,27,TRUE
"consensus",8,18,57,27,TRUE
"consensus",8,18,58,27,TRUE
"consensus",8,18,61,27,TRUE
"consensus",8,18,62,27,FALSE
"consensus",8,18,63,27,TRUE
"consensus",8,18,64,27,FALSE
"consensus",8,18,65,27,TRUE
"consensus",8,18,66,27,TRUE
"consensus",8,18,67,27,TRUE
"consensus",8,18,68,27,TRUE
"consensus",8,18,69,27,TRUE
"consensus",8,18,71,27,TRUE
"consensus",8,18,72,27,TRUE
"consensus",8,18,73,27,TRUE
"consensus",8,18,74,27,TRUE
"consensus",8,18,75,27,FALSE
"consensus",8,18,76,27,TRUE
"consensus",8,18,77,27,TRUE
"consensus",8,18,78,27,TRUE
"consensus",8,18,79,27,TRUE
"consensus",8,18,80,27,TRUE
"consensus",8,19,51,27,TRUE
"consensus",8,19,52,27,TRUE
"consensus",8,19,53,27,FALSE
"consensus",8,19,54,27,FALSE
"consensus",8,19,56,27,TRUE
"consensus",8,19,57,27,TRUE
"consensus",8,19,58,27,TRUE
"consensus",8,19,59,27,TRUE
"consensus",8,19,60,27,TRUE
"consensus",8,19,61,27,TRUE
"consensus",8,19,62,27,TRUE
"consensus",8,19,63,27,TRUE
"consensus",8,19,64,27,TRUE
"consensus",8,19,65,27,TRUE
"consensus",8,19,66,27,TRUE
"consensus",8,19,68,27,TRUE
"consensus",8,19,69,27,TRUE
"consensus",8,19,70,27,FALSE
"consensus",8,19,71,27,TRUE
"consensus",8,19,72,27,FALSE
"consensus",8,19,73,27,TRUE
"consensus",8,19,74,27,TRUE
"consensus",8,19,76,27,TRUE
"consensus",8,19,77,27,TRUE
"consensus",8,19,78,27,TRUE
"consensus",8,19,79,27,TRUE
"consensus",8,19,80,27,TRUE
"consensus",8,2,51,25,TRUE
"consensus",8,2,52,25,TRUE
"consensus",8,2,53,25,TRUE
"consensus",8,2,54,25,TRUE
"consensus",8,2,55,25,TRUE
"consensus",8,2,56,25,TRUE
"consensus",8,2,57,25,FALSE
"consensus",8,2,58,25,TRUE
"consensus",8,2,59,25,TRUE
"consensus",8,2,61,25,TRUE
"consensus",8,2,62,25,TRUE
"consensus",8,2,63,25,TRUE
"consensus",8,2,64,25,TRUE
"consensus",8,2,65,25,TRUE
"consensus",8,2,67,25,TRUE
"consensus",8,2,68,25,TRUE
"consensus",8,2,69,25,FALSE
"consensus",8,2,70,25,TRUE
"consensus",8,2,71,25,TRUE
"consensus",8,2,72,25,TRUE
"consensus",8,2,74,25,TRUE
"consensus",8,2,75,25,TRUE
"consensus",8,2,76,25,TRUE
"consensus",8,2,77,25,TRUE
"consensus",8,2,78,25,TRUE
"consensus",8,20,51,26,TRUE
"consensus",8,20,52,26,TRUE
"consensus",8,20,53,26,TRUE
"consensus",8,20,54,26,TRUE
"consensus",8,20,55,26,TRUE
"consensus",8,20,56,26,TRUE
"consensus",8,20,57,26,TRUE
"consensus",8,20,58,26,TRUE
"consensus",8,20,60,26,TRUE
"consensus",8,20,62,26,TRUE
"consensus",8,20,63,26,TRUE
"consensus",8,20,64,26,TRUE
"consensus",8,20,65,26,TRUE
"consensus",8,20,66,26,TRUE
"consensus",8,20,67,26,TRUE
"consensus",8,20,68,26,FALSE
"consensus",8,20,69,26,TRUE
"consensus",8,20,70,26,TRUE
"consensus",8,20,71,26,TRUE
"consensus",8,20,72,26,TRUE
"consensus",8,20,73,26,TRUE
"consensus",8,20,75,26,TRUE
"consensus",8,20,76,26,TRUE
"consensus",8,20,77,26,TRUE
"consensus",8,20,78,26,TRUE
"consensus",8,20,79,26,TRUE
"consensus",8,21,51,26,TRUE
"consensus",8,21,52,26,TRUE
"consensus",8,21,53,26,TRUE
"consensus",8,21,54,26,TRUE
"consensus",8,21,55,26,TRUE
"consensus",8,21,56,26,TRUE
"consensus",8,21,57,26,TRUE
"consensus",8,21,60,26,TRUE
"consensus",8,21,61,26,TRUE
"consensus",8,21,62,26,TRUE
"consensus",8,21,63,26,TRUE
"consensus",8,21,65,26,TRUE
"consensus",8,21,66,26,TRUE
"consensus",8,21,67,26,TRUE
"consensus",8,21,68,26,TRUE
"consensus",8,21,69,26,TRUE
"consensus",8,21,70,26,TRUE
"consensus",8,21,71,26,FALSE
"consensus",8,21,72,26,TRUE
"consensus",8,21,73,26,TRUE
"consensus",8,21,74,26,TRUE
"consensus",8,21,75,26,FALSE
"consensus",8,21,76,26,TRUE
"consensus",8,21,77,26,TRUE
"consensus",8,21,78,26,FALSE
"consensus",8,21,79,26,TRUE
"consensus",8,22,51,29,TRUE
"consensus",8,22,52,29,TRUE
"consensus",8,22,53,29,TRUE
"consensus",8,22,54,29,TRUE
"consensus",8,22,55,29,TRUE
"consensus",8,22,56,29,TRUE
"consensus",8,22,57,29,TRUE
"consensus",8,22,58,29,TRUE
"consensus",8,22,59,29,TRUE
"consensus",8,22,60,29,TRUE
"consensus",8,22,62,29,TRUE
"consensus",8,22,63,29,TRUE
"consensus",8,22,64,29,TRUE
"consensus",8,22,65,29,TRUE
"consensus",8,22,66,29,FALSE
"consensus",8,22,68,29,TRUE
"consensus",8,22,69,29,TRUE
"consensus",8,22,70,29,TRUE
"consensus",8,22,71,29,FALSE
"consensus",8,22,72,29,TRUE
"consensus",8,22,73,29,FALSE
"consensus",8,22,74,29,TRUE
"consensus",8,22,75,29,TRUE
"consensus",8,22,76,29,TRUE
"consensus",8,22,78,29,TRUE
"consensus",8,22,79,29,FALSE
"consensus",8,22,80,29,FALSE
"consensus",8,22,81,29,TRUE
"consensus",8,22,82,29,TRUE
"consensus",8,23,51,25,TRUE
"consensus",8,23,52,25,TRUE
"consensus",8,23,53,25,TRUE
"consensus",8,23,54,25,TRUE
"consensus",8,23,55,25,TRUE
"consensus",8,23,56,25,TRUE
"consensus",8,23,57,25,TRUE
"consensus",8,23,60,25,TRUE
"consensus",8,23,61,25,TRUE
"consensus",8,23,62,25,TRUE
"consensus",8,23,63,25,TRUE
"consensus",8,23,64,25,TRUE
"consensus",8,23,65,25,TRUE
"consensus",8,23,66,25,TRUE
"consensus",8,23,67,25,TRUE
"consensus",8,23,68,25,TRUE
"consensus",8,23,69,25,TRUE
"consensus",8,23,70,25,TRUE
"consensus",8,23,71,25,TRUE
"consensus",8,23,72,25,TRUE
"consensus",8,23,74,25,TRUE
"consensus",8,23,75,25,TRUE
"consensus",8,23,76,25,TRUE
"consensus",8,23,77,25,TRUE
"consensus",8,23,78,25,TRUE
"consensus",8,24,51,23,TRUE
"consensus",8,24,52,23,TRUE
"consensus",8,24,53,23,TRUE
"consensus",8,24,54,23,TRUE
"consensus",8,24,55,23,TRUE
"consensus",8,24,56,23,TRUE
"consensus",8,24,57,23,TRUE
"consensus",8,24,58,23,TRUE
"consensus",8,24,61,23,TRUE
"consensus",8,24,62,23,TRUE
"consensus",8,24,63,23,TRUE
"consensus",8,24,64,23,TRUE
"consensus",8,24,65,23,TRUE
"consensus",8,24,66,23,FALSE
"consensus",8,24,67,23,TRUE
"consensus",8,24,68,23,TRUE
"consensus",8,24,69,23,TRUE
"consensus",8,24,70,23,TRUE
"consensus",8,24,72,23,TRUE
"consensus",8,24,73,23,FALSE
"consensus",8,24,74,23,TRUE
"consensus",8,24,75,23,TRUE
"consensus",8,24,76,23,TRUE
"consensus",8,25,51,28,TRUE
"consensus",8,25,52,28,TRUE
"consensus",8,25,53,28,TRUE
"consensus",8,25,54,28,TRUE
"consensus",8,25,55,28,TRUE
"consensus",8,25,56,28,TRUE
"consensus",8,25,57,28,TRUE
"consensus",8,25,58,28,TRUE
"consensus",8,25,59,28,TRUE
"consensus",8,25,61,28,TRUE
"consensus",8,25,62,28,TRUE
"consensus",8,25,63,28,FALSE
"consensus",8,25,64,28,TRUE
"consensus",8,25,66,28,TRUE
"consensus",8,25,67,28,FALSE
"consensus",8,25,68,28,TRUE
"consensus",8,25,69,28,FALSE
"consensus",8,25,70,28,FALSE
"consensus",8,25,71,28,TRUE
"consensus",8,25,72,28,TRUE
"consensus",8,25,73,28,TRUE
"consensus",8,25,74,28,TRUE
"consensus",8,25,75,28,TRUE
"consensus",8,25,77,28,TRUE
"consensus",8,25,78,28,TRUE
"consensus",8,25,79,28,TRUE
"consensus",8,25,80,28,TRUE
"consensus",8,25,81,28,TRUE
"consensus",8,26,51,27,TRUE
"consensus",8,26,52,27,TRUE
"consensus",8,26,53,27,FALSE
"consensus",8,26,54,27,TRUE
"consensus",8,26,55,27,TRUE
"consensus",8,26,56,27,TRUE
"consensus",8,26,57,27,TRUE
"consensus",8,26,58,27,TRUE
"consensus",8,26,59,27,TRUE
"consensus",8,26,62,27,TRUE
"consensus",8,26,63,27,TRUE
"consensus",8,26,64,27,TRUE
"consensus",8,26,65,27,TRUE
"consensus",8,26,66,27,TRUE
"consensus",8,26,67,27,TRUE
"consensus",8,26,68,27,TRUE
"consensus",8,26,69,27,TRUE
"consensus",8,26,70,27,TRUE
"consensus",8,26,71,27,FALSE
"consensus",8,26,72,27,TRUE
"consensus",8,26,73,27,TRUE
"consensus",8,26,74,27,FALSE
"consensus",8,26,75,27,TRUE
"consensus",8,26,77,27,TRUE
"consensus",8,26,78,27,TRUE
"consensus",8,26,79,27,TRUE
"consensus",8,26,80,27,TRUE
"consensus",8,27,51,26,TRUE
"consensus",8,27,52,26,TRUE
"consensus",8,27,53,26,TRUE
"consensus",8,27,54,26,TRUE
"consensus",8,27,55,26,TRUE
"consensus",8,27,56,26,TRUE
"consensus",8,27,57,26,TRUE
"consensus",8,27,58,26,TRUE
"consensus",8,27,60,26,FALSE
"consensus",8,27,61,26,TRUE
"consensus",8,27,62,26,TRUE
"consensus",8,27,63,26,FALSE
"consensus",8,27,65,26,TRUE
"consensus",8,27,66,26,TRUE
"consensus",8,27,67,26,FALSE
"consensus",8,27,68,26,TRUE
"consensus",8,27,69,26,TRUE
"consensus",8,27,70,26,TRUE
"consensus",8,27,71,26,TRUE
"consensus",8,27,72,26,FALSE
"consensus",8,27,73,26,FALSE
"consensus",8,27,74,26,TRUE
"consensus",8,27,76,26,TRUE
"consensus",8,27,77,26,FALSE
"consensus",8,27,78,26,TRUE
"consensus",8,27,79,26,FALSE
"consensus",8,28,51,25,TRUE
"consensus",8,28,52,25,FALSE
"consensus",8,28,53,25,TRUE
"consensus",8,28,54,25,TRUE
"consensus",8,28,55,25,TRUE
"consensus",8,28,56,25,TRUE
"consensus",8,28,57,25,TRUE
"consensus",8,28,58,25,TRUE
"consensus",8,28,59,25,TRUE
"consensus",8,28,62,25,FALSE
"consensus",8,28,63,25,TRUE
"consensus",8,28,64,25,FALSE
"consensus",8,28,66,25,TRUE
"consensus",8,28,67,25,TRUE
"consensus",8,28,68,25,TRUE
"consensus",8,28,69,25,TRUE
"consensus",8,28,70,25,TRUE
"consensus",8,28,71,25,TRUE
"consensus",8,28,72,25,FALSE
"consensus",8,28,73,25,TRUE
"consensus",8,28,74,25,FALSE
"consensus",8,28,75,25,TRUE
"consensus",8,28,76,25,TRUE
"consensus",8,28,77,25,FALSE
"consensus",8,28,78,25,FALSE
"consensus",8,29,51,23,TRUE
"consensus",8,29,52,23,TRUE
"consensus",8,29,53,23,TRUE
"consensus",8,29,54,23,TRUE
"consensus",8,29,55,23,TRUE
"consensus",8,29,56,23,TRUE
"consensus",8,29,57,23,TRUE
"consensus",8,29,60,23,TRUE
"consensus",8,29,61,23,TRUE
"consensus",8,29,62,23,TRUE
"consensus",8,29,63,23,TRUE
"consensus",8,29,64,23,TRUE
"consensus",8,29,65,23,TRUE
"consensus",8,29,66,23,TRUE
"consensus",8,29,68,23,TRUE
"consensus",8,29,69,23,TRUE
"consensus",8,29,70,23,TRUE
"consensus",8,29,71,23,TRUE
"consensus",8,29,72,23,TRUE
"consensus",8,29,73,23,TRUE
"consensus",8,29,74,23,TRUE
"consensus",8,29,75,23,TRUE
"consensus",8,29,76,23,TRUE
"consensus",8,3,51,26,TRUE
"consensus",8,3,52,26,TRUE
"consensus",8,3,53,26,TRUE
"consensus",8,3,54,26,TRUE
"consensus",8,3,55,26,TRUE
"consensus",8,3,56,26,TRUE
"consensus",8,3,57,26,TRUE
"consensus",8,3,59,26,TRUE
"consensus",8,3,60,26,TRUE
"consensus",8,3,61,26,FALSE
"consensus",8,3,62,26,FALSE
"consensus",8,3,63,26,TRUE
"consensus",8,3,65,26,TRUE
"consensus",8,3,66,26,TRUE
"consensus",8,3,67,26,TRUE
"consensus",8,3,68,26,TRUE
"consensus",8,3,69,26,TRUE
"consensus",8,3,70,26,TRUE
"consensus",8,3,71,26,TRUE
"consensus",8,3,72,26,TRUE
"consensus",8,3,73,26,TRUE
"consensus",8,3,75,26,TRUE
"consensus",8,3,76,26,TRUE
"consensus",8,3,77,26,TRUE
"consensus",8,3,78,26,TRUE
"consensus",8,3,79,26,TRUE
"consensus",8,30,51,28,TRUE
"consensus",8,30,52,28,TRUE
"consensus",8,30,53,28,TRUE
"consensus",8,30,54,28,TRUE
"consensus",8,30,55,28,TRUE
"consensus",8,30,56,28,FALSE
"consensus",8,30,57,28,TRUE
"consensus",8,30,58,28,TRUE
"consensus",8,30,61,28,TRUE
"consensus",8,30,62,28,FALSE
"consensus",8,30,63,28,TRUE
"consensus",8,30,64,28,TRUE
"consensus",8,30,65,28,TRUE
"consensus",8,30,66,28,FALSE
"consensus",8,30,67,28,TRUE
"consensus",8,30,68,28,TRUE
"consensus",8,30,69,28,TRUE
"consensus",8,30,70,28,TRUE
"consensus",8,30,71,28,FALSE
"consensus",8,30,72,28,FALSE
"consensus",8,30,74,28,TRUE
"consensus",8,30,75,28,TRUE
"consensus",8,30,76,28,TRUE
"consensus",8,30,77,28,FALSE
"consensus",8,30,78,28,FALSE
"consensus",8,30,79,28,TRUE
"consensus",8,30,80,28,TRUE
"consensus",8,30,81,28,TRUE
"consensus",8,31,51,25,TRUE
"consensus",8,31,52,25,TRUE
"consensus",8,31,53,25,TRUE
"consensus",8,31,54,25,TRUE
"consensus",8,31,55,25,TRUE
"consensus",8,31,56,25,TRUE
"consensus",8,31,57,25,TRUE
"consensus",8,31,59,25,TRUE
"consensus",8,31,60,25,TRUE
"consensus",8,31,61,25,TRUE
"consensus",8,31,62,25,TRUE
"consensus",8,31,63,25,TRUE
"consensus",8,31,64,25,FALSE
"consensus",8,31,65,25,TRUE
"consensus",8,31,67,25,TRUE
"consensus",8,31,68,25,TRUE
"consensus",8,31,69,25,TRUE
"consensus",8,31,70,25,TRUE
"consensus",8,31,71,25,TRUE
"consensus",8,31,72,25,FALSE
"consensus",8,31,73,25,TRUE
"consensus",8,31,75,25,TRUE
"consensus",8,31,76,25,TRUE
"consensus",8,31,77,25,FALSE
"consensus",8,31,78,25,TRUE
"consensus",8,32,51,24,TRUE
"consensus",8,32,52,24,TRUE
"consensus",8,32,53,24,TRUE
"consensus",8,32,54,24,TRUE
"consensus",8,32,55,24,TRUE
"consensus",8,32,56,24,TRUE
"consensus",8,32,57,24,TRUE
"consensus",8,32,58,24,FALSE
"consensus",8,32,61,24,TRUE
"consensus",8,32,62,24,FALSE
"consensus",8,32,63,24,TRUE
"consensus",8,32,64,24,TRUE
"consensus",8,32,65,24,TRUE
"consensus",8,32,66,24,TRUE
"consensus",8,32,67,24,TRUE
"consensus",8,32,68,24,FALSE
"consensus",8,32,70,24,TRUE
"consensus",8,32,71,24,TRUE
"consensus",8,32,72,24,TRUE
"consensus",8,32,73,24,FALSE
"consensus",8,32,74,24,FALSE
"consensus",8,32,75,24,TRUE
"consensus",8,32,76,24,TRUE
"consensus",8,32,77,24,TRUE
"consensus",8,33,51,31,TRUE
"consensus",8,33,52,31,TRUE
"consensus",8,33,53,31,TRUE
"consensus",8,33,54,31,TRUE
"consensus",8,33,55,31,TRUE
"consensus",8,33,56,31,TRUE
"consensus",8,33,57,31,TRUE
"consensus",8,33,58,31,TRUE
"consensus",8,33,59,31,TRUE
"consensus",8,33,61,31,TRUE
"consensus",8,33,62,31,TRUE
"consensus",8,33,63,31,FALSE
"consensus",8,33,64,31,TRUE
"consensus",8,33,65,31,TRUE
"consensus",8,33,66,31,TRUE
"consensus",8,33,67,31,TRUE
"consensus",8,33,68,31,TRUE
"consensus",8,33,69,31,TRUE
"consensus",8,33,71,31,TRUE
"consensus",8,33,72,31,TRUE
"consensus",8,33,73,31,TRUE
"consensus",8,33,74,31,FALSE
"consensus",8,33,75,31,TRUE
"consensus",8,33,76,31,TRUE
"consensus",8,33,77,31,TRUE
"consensus",8,33,78,31,FALSE
"consensus",8,33,80,31,TRUE
"consensus",8,33,81,31,TRUE
"consensus",8,33,82,31,TRUE
"consensus",8,33,83,31,TRUE
"consensus",8,33,84,31,TRUE
"consensus",8,34,51,25,TRUE
"consensus",8,34,52,25,TRUE
"consensus",8,34,53,25,TRUE
"consensus",8,34,54,25,TRUE
"consensus",8,34,55,25,TRUE
"consensus",8,34,56,25,TRUE
"consensus",8,34,57,25,TRUE
"consensus",8,34,60,25,TRUE
"consensus",8,34,61,25,TRUE
"consensus",8,34,62,25,TRUE
"consensus",8,34,63,25,TRUE
"consensus",8,34,64,25,TRUE
"consensus",8,34,65,25,FALSE
"consensus",8,34,67,25,TRUE
"consensus",8,34,68,25,TRUE
"consensus",8,34,69,25,FALSE
"consensus",8,34,70,25,TRUE
"consensus",8,34,71,25,FALSE
"consensus",8,34,72,25,TRUE
"consensus",8,34,73,25,TRUE
"consensus",8,34,74,25,FALSE
"consensus",8,34,75,25,TRUE
"consensus",8,34,76,25,TRUE
"consensus",8,34,77,25,TRUE
"consensus",8,34,78,25,TRUE
"consensus",8,35,51,27,TRUE
"consensus",8,35,52,27,TRUE
"consensus",8,35,53,27,FALSE
"consensus",8,35,54,27,TRUE
"consensus",8,35,55,27,TRUE
"consensus",8,35,56,27,TRUE
"consensus",8,35,57,27,TRUE
"consensus",8,35,58,27,TRUE
"consensus",8,35,59,27,TRUE
"consensus",8,35,61,27,FALSE
"consensus",8,35,62,27,TRUE
"consensus",8,35,63,27,TRUE
"consensus",8,35,65,27,TRUE
"consensus",8,35,66,27,TRUE
"consensus",8,35,67,27,TRUE
"consensus",8,35,68,27,TRUE
"consensus",8,35,69,27,TRUE
"consensus",8,35,70,27,TRUE
"consensus",8,35,71,27,TRUE
"consensus",8,35,72,27,TRUE
"consensus",8,35,73,27,TRUE
"consensus",8,35,74,27,FALSE
"consensus",8,35,76,27,TRUE
"consensus",8,35,77,27,FALSE
"consensus",8,35,78,27,TRUE
"consensus",8,35,79,27,TRUE
"consensus",8,35,80,27,TRUE
"consensus",8,36,51,25,TRUE
"consensus",8,36,52,25,TRUE
"consensus",8,36,53,25,TRUE
"consensus",8,36,54,25,TRUE
"consensus",8,36,55,25,TRUE
"consensus",8,36,56,25,TRUE
"consensus",8,36,57,25,TRUE
"consensus",8,36,58,25,FALSE
"consensus",8,36,60,25,TRUE
"consensus",8,36,61,25,FALSE
"consensus",8,36,62,25,TRUE
"consensus",8,36,64,25,TRUE
"consensus",8,36,65,25,TRUE
"consensus",8,36,66,25,TRUE
"consensus",8,36,67,25,FALSE
"consensus",8,36,68,25,TRUE
"consensus",8,36,70,25,TRUE
"consensus",8,36,71,25,FALSE
"consensus",8,36,72,25,TRUE
"consensus",8,36,73,25,FALSE
"consensus",8,36,74,25,TRUE
"consensus",8,36,75,25,FALSE
"consensus",8,36,76,25,TRUE
"consensus",8,36,77,25,TRUE
"consensus",8,36,78,25,TRUE
"consensus",8,37,51,25,TRUE
"consensus",8,37,52,25,TRUE
"consensus",8,37,53,25,TRUE
"consensus",8,37,54,25,TRUE
"consensus",8,37,55,25,TRUE
"consensus",8,37,56,25,TRUE
"consensus",8,37,57,25,TRUE
"consensus",8,37,58,25,TRUE
"consensus",8,37,59,25,TRUE
"consensus",8,37,61,25,TRUE
"consensus",8,37,62,25,TRUE
"consensus",8,37,63,25,TRUE
"consensus",8,37,64,25,TRUE
"consensus",8,37,66,25,TRUE
"consensus",8,37,67,25,TRUE
"consensus",8,37,68,25,TRUE
"consensus",8,37,69,25,FALSE
"consensus",8,37,70,25,TRUE
"consensus",8,37,71,25,TRUE
"consensus",8,37,72,25,TRUE
"consensus",8,37,74,25,TRUE
"consensus",8,37,75,25,TRUE
"consensus",8,37,76,25,FALSE
"consensus",8,37,77,25,TRUE
"consensus",8,37,78,25,TRUE
"consensus",8,38,51,25,TRUE
"consensus",8,38,52,25,TRUE
"consensus",8,38,53,25,TRUE
"consensus",8,38,54,25,TRUE
"consensus",8,38,55,25,TRUE
"consensus",8,38,56,25,TRUE
"consensus",8,38,57,25,TRUE
"consensus",8,38,58,25,TRUE
"consensus",8,38,59,25,TRUE
"consensus",8,38,61,25,TRUE
"consensus",8,38,62,25,FALSE
"consensus",8,38,63,25,TRUE
"consensus",8,38,65,25,TRUE
"consensus",8,38,66,25,TRUE
"consensus",8,38,67,25,TRUE
"consensus",8,38,68,25,TRUE
"consensus",8,38,69,25,TRUE
"consensus",8,38,70,25,TRUE
"consensus",8,38,71,25,TRUE
"consensus",8,38,72,25,TRUE
"consensus",8,38,73,25,TRUE
"consensus",8,38,75,25,TRUE
"consensus",8,38,76,25,TRUE
"consensus",8,38,77,25,TRUE
"consensus",8,38,78,25,TRUE
"consensus",8,39,51,29,TRUE
"consensus",8,39,52,29,TRUE
"consensus",8,39,53,29,FALSE
"consensus",8,39,54,29,TRUE
"consensus",8,39,55,29,TRUE
"consensus",8,39,56,29,TRUE
"consensus",8,39,57,29,TRUE
"consensus",8,39,58,29,FALSE
"consensus",8,39,59,29,TRUE
"consensus",8,39,60,29,TRUE
"consensus",8,39,63,29,TRUE
"consensus",8,39,64,29,TRUE
"consensus",8,39,65,29,TRUE
"consensus",8,39,66,29,FALSE
"consensus",8,39,67,29,TRUE
"consensus",8,39,68,29,TRUE
"consensus",8,39,69,29,TRUE
"consensus",8,39,70,29,FALSE
"consensus",8,39,71,29,FALSE
"consensus",8,39,72,29,FALSE
"consensus",8,39,73,29,TRUE
"consensus",8,39,75,29,TRUE
"consensus",8,39,76,29,TRUE
"consensus",8,39,77,29,TRUE
"consensus",8,39,78,29,TRUE
"consensus",8,39,79,29,TRUE
"consensus",8,39,80,29,TRUE
"consensus",8,39,81,29,FALSE
"consensus",8,39,82,29,TRUE
"consensus",8,4,51,26,TRUE
"consensus",8,4,52,26,TRUE
"consensus",8,4,53,26,TRUE
"consensus",8,4,54,26,TRUE
"consensus",8,4,55,26,TRUE
"consensus",8,4,56,26,TRUE
"consensus",8,4,57,26,TRUE
"consensus",8,4,58,26,TRUE
"consensus",8,4,60,26,TRUE
"consensus",8,4,61,26,TRUE
"consensus",8,4,62,26,TRUE
"consensus",8,4,63,26,FALSE
"consensus",8,4,65,26,TRUE
"consensus",8,4,66,26,TRUE
"consensus",8,4,67,26,TRUE
"consensus",8,4,68,26,TRUE
"consensus",8,4,69,26,TRUE
"consensus",8,4,70,26,TRUE
"consensus",8,4,71,26,TRUE
"consensus",8,4,72,26,TRUE
"consensus",8,4,73,26,TRUE
"consensus",8,4,75,26,TRUE
"consensus",8,4,76,26,TRUE
"consensus",8,4,77,26,TRUE
"consensus",8,4,78,26,TRUE
"consensus",8,4,79,26,TRUE
"consensus",8,40,51,28,TRUE
"consensus",8,40,52,28,TRUE
"consensus",8,40,53,28,TRUE
"consensus",8,40,54,28,TRUE
"consensus",8,40,55,28,TRUE
"consensus",8,40,56,28,TRUE
"consensus",8,40,57,28,FALSE
"consensus",8,40,58,28,TRUE
"consensus",8,40,59,28,TRUE
"consensus",8,40,61,28,TRUE
"consensus",8,40,62,28,FALSE
"consensus",8,40,63,28,TRUE
"consensus",8,40,64,28,TRUE
"consensus",8,40,65,28,TRUE
"consensus",8,40,66,28,TRUE
"consensus",8,40,68,28,TRUE
"consensus",8,40,69,28,TRUE
"consensus",8,40,70,28,TRUE
"consensus",8,40,71,28,TRUE
"consensus",8,40,72,28,FALSE
"consensus",8,40,73,28,TRUE
"consensus",8,40,74,28,FALSE
"consensus",8,40,75,28,TRUE
"consensus",8,40,77,28,TRUE
"consensus",8,40,78,28,TRUE
"consensus",8,40,79,28,TRUE
"consensus",8,40,80,28,TRUE
"consensus",8,40,81,28,TRUE
"consensus",8,41,51,27,TRUE
"consensus",8,41,52,27,TRUE
"consensus",8,41,53,27,TRUE
"consensus",8,41,54,27,TRUE
"consensus",8,41,55,27,TRUE
"consensus",8,41,56,27,TRUE
"consensus",8,41,57,27,FALSE
"consensus",8,41,58,27,TRUE
"consensus",8,41,59,27,TRUE
"consensus",8,41,61,27,TRUE
"consensus",8,41,62,27,TRUE
"consensus",8,41,63,27,FALSE
"consensus",8,41,64,27,FALSE
"consensus",8,41,65,27,FALSE
"consensus",8,41,66,27,TRUE
"consensus",8,41,67,27,FALSE
"consensus",8,41,69,27,TRUE
"consensus",8,41,70,27,TRUE
"consensus",8,41,71,27,TRUE
"consensus",8,41,72,27,TRUE
"consensus",8,41,73,27,TRUE
"consensus",8,41,74,27,TRUE
"consensus",8,41,75,27,FALSE
"consensus",8,41,77,27,TRUE
"consensus",8,41,78,27,TRUE
"consensus",8,41,79,27,TRUE
"consensus",8,41,80,27,TRUE
"consensus",8,42,51,26,TRUE
"consensus",8,42,52,26,TRUE
"consensus",8,42,53,26,TRUE
"consensus",8,42,54,26,FALSE
"consensus",8,42,55,26,TRUE
"consensus",8,42,56,26,TRUE
"consensus",8,42,57,26,TRUE
"consensus",8,42,58,26,TRUE
"consensus",8,42,59,26,TRUE
"consensus",8,42,60,26,TRUE
"consensus",8,42,62,26,TRUE
"consensus",8,42,63,26,TRUE
"consensus",8,42,64,26,FALSE
"consensus",8,42,66,26,TRUE
"consensus",8,42,67,26,TRUE
"consensus",8,42,68,26,FALSE
"consensus",8,42,69,26,TRUE
"consensus",8,42,70,26,FALSE
"consensus",8,42,71,26,TRUE
"consensus",8,42,72,26,TRUE
"consensus",8,42,73,26,TRUE
"consensus",8,42,74,26,TRUE
"consensus",8,42,75,26,TRUE
"consensus",8,42,77,26,TRUE
"consensus",8,42,78,26,TRUE
"consensus",8,42,79,26,TRUE
"consensus",8,43,51,28,TRUE
"consensus",8,43,52,28,FALSE
"consensus",8,43,53,28,TRUE
"consensus",8,43,54,28,TRUE
"consensus",8,43,55,28,TRUE
"consensus",8,43,56,28,TRUE
"consensus",8,43,57,28,TRUE
"consensus",8,43,58,28,TRUE
"consensus",8,43,59,28,TRUE
"consensus",8,43,60,28,TRUE
"consensus",8,43,62,28,TRUE
"consensus",8,43,63,28,FALSE
"consensus",8,43,64,28,TRUE
"consensus",8,43,66,28,TRUE
"consensus",8,43,67,28,TRUE
"consensus",8,43,68,28,TRUE
"consensus",8,43,69,28,TRUE
"consensus",8,43,70,28,FALSE
"consensus",8,43,71,28,TRUE
"consensus",8,43,72,28,FALSE
"consensus",8,43,73,28,FALSE
"consensus",8,43,74,28,TRUE
"consensus",8,43,76,28,TRUE
"consensus",8,43,77,28,TRUE
"consensus",8,43,78,28,TRUE
"consensus",8,43,79,28,TRUE
"consensus",8,43,80,28,TRUE
"consensus",8,43,81,28,TRUE
"consensus",8,44,51,26,TRUE
"consensus",8,44,52,26,TRUE
"consensus",8,44,53,26,TRUE
"consensus",8,44,54,26,TRUE
"consensus",8,44,55,26,TRUE
"consensus",8,44,56,26,TRUE
"consensus",8,44,57,26,FALSE
"consensus",8,44,58,26,TRUE
"consensus",8,44,59,26,TRUE
"consensus",8,44,62,26,TRUE
"consensus",8,44,63,26,TRUE
"consensus",8,44,64,26,TRUE
"consensus",8,44,65,26,TRUE
"consensus",8,44,66,26,FALSE
"consensus",8,44,68,26,TRUE
"consensus",8,44,69,26,TRUE
"consensus",8,44,70,26,TRUE
"consensus",8,44,71,26,FALSE
"consensus",8,44,72,26,TRUE
"consensus",8,44,73,26,FALSE
"consensus",8,44,74,26,TRUE
"consensus",8,44,75,26,TRUE
"consensus",8,44,76,26,FALSE
"consensus",8,44,77,26,TRUE
"consensus",8,44,78,26,FALSE
"consensus",8,44,79,26,FALSE
"consensus",8,45,51,29,TRUE
"consensus",8,45,52,29,TRUE
"consensus",8,45,53,29,TRUE
"consensus",8,45,54,29,TRUE
"consensus",8,45,55,29,TRUE
"consensus",8,45,56,29,TRUE
"consensus",8,45,57,29,TRUE
"consensus",8,45,58,29,TRUE
"consensus",8,45,60,29,FALSE
"consensus",8,45,61,29,TRUE
"consensus",8,45,62,29,TRUE
"consensus",8,45,63,29,TRUE
"consensus",8,45,64,29,TRUE
"consensus",8,45,65,29,FALSE
"consensus",8,45,66,29,TRUE
"consensus",8,45,67,29,TRUE
"consensus",8,45,68,29,TRUE
"consensus",8,45,70,29,TRUE
"consensus",8,45,71,29,TRUE
"consensus",8,45,72,29,TRUE
"consensus",8,45,73,29,TRUE
"consensus",8,45,74,29,TRUE
"consensus",8,45,76,29,TRUE
"consensus",8,45,77,29,TRUE
"consensus",8,45,78,29,TRUE
"consensus",8,45,79,29,TRUE
"consensus",8,45,80,29,TRUE
"consensus",8,45,81,29,TRUE
"consensus",8,45,82,29,TRUE
"consensus",8,46,51,28,TRUE
"consensus",8,46,52,28,TRUE
"consensus",8,46,53,28,TRUE
"consensus",8,46,54,28,TRUE
"consensus",8,46,55,28,TRUE
"consensus",8,46,56,28,TRUE
"consensus",8,46,57,28,TRUE
"consensus",8,46,58,28,TRUE
"consensus",8,46,60,28,FALSE
"consensus",8,46,61,28,TRUE
"consensus",8,46,62,28,FALSE
"consensus",8,46,63,28,TRUE
"consensus",8,46,64,28,TRUE
"consensus",8,46,65,28,TRUE
"consensus",8,46,66,28,TRUE
"consensus",8,46,67,28,TRUE
"consensus",8,46,68,28,TRUE
"consensus",8,46,69,28,FALSE
"consensus",8,46,71,28,TRUE
"consensus",8,46,72,28,TRUE
"consensus",8,46,73,28,TRUE
"consensus",8,46,74,28,TRUE
"consensus",8,46,75,28,TRUE
"consensus",8,46,77,28,TRUE
"consensus",8,46,78,28,TRUE
"consensus",8,46,79,28,FALSE
"consensus",8,46,80,28,TRUE
"consensus",8,46,81,28,TRUE
"consensus",8,47,51,22,TRUE
"consensus",8,47,52,22,TRUE
"consensus",8,47,53,22,TRUE
"consensus",8,47,54,22,TRUE
"consensus",8,47,55,22,FALSE
"consensus",8,47,56,22,TRUE
"consensus",8,47,57,22,TRUE
"consensus",8,47,60,22,TRUE
"consensus",8,47,61,22,TRUE
"consensus",8,47,62,22,TRUE
"consensus",8,47,63,22,FALSE
"consensus",8,47,64,22,TRUE
"consensus",8,47,65,22,FALSE
"consensus",8,47,67,22,TRUE
"consensus",8,47,68,22,TRUE
"consensus",8,47,69,22,TRUE
"consensus",8,47,70,22,TRUE
"consensus",8,47,71,22,FALSE
"consensus",8,47,72,22,TRUE
"consensus",8,47,73,22,TRUE
"consensus",8,47,74,22,TRUE
"consensus",8,47,75,22,FALSE
"consensus",8,48,51,22,TRUE
"consensus",8,48,52,22,TRUE
"consensus",8,48,53,22,TRUE
"consensus",8,48,54,22,TRUE
"consensus",8,48,55,22,TRUE
"consensus",8,48,56,22,TRUE
"consensus",8,48,57,22,TRUE
"consensus",8,48,59,22,TRUE
"consensus",8,48,60,22,TRUE
"consensus",8,48,61,22,TRUE
"consensus",8,48,63,22,TRUE
"consensus",8,48,64,22,TRUE
"consensus",8,48,65,22,TRUE
"consensus",8,48,66,22,FALSE
"consensus",8,48,67,22,TRUE
"consensus",8,48,68,22,FALSE
"consensus",8,48,69,22,TRUE
"consensus",8,48,70,22,TRUE
"consensus",8,48,72,22,TRUE
"consensus",8,48,73,22,TRUE
"consensus",8,48,74,22,TRUE
"consensus",8,48,75,22,TRUE
"consensus",8,49,51,26,TRUE
"consensus",8,49,52,26,TRUE
"consensus",8,49,53,26,TRUE
"consensus",8,49,54,26,TRUE
"consensus",8,49,55,26,TRUE
"consensus",8,49,56,26,TRUE
"consensus",8,49,57,26,TRUE
"consensus",8,49,58,26,TRUE
"consensus",8,49,59,26,TRUE
"consensus",8,49,60,26,TRUE
"consensus",8,49,62,26,FALSE
"consensus",8,49,63,26,TRUE
"consensus",8,49,64,26,FALSE
"consensus",8,49,66,26,TRUE
"consensus",8,49,67,26,FALSE
"consensus",8,49,68,26,TRUE
"consensus",8,49,69,26,TRUE
"consensus",8,49,70,26,TRUE
"consensus",8,49,71,26,TRUE
"consensus",8,49,72,26,TRUE
"consensus",8,49,73,26,TRUE
"consensus",8,49,75,26,TRUE
"consensus",8,49,76,26,FALSE
"consensus",8,49,77,26,TRUE
"consensus",8,49,78,26,FALSE
"consensus",8,49,79,26,TRUE
"consensus",8,5,51,26,TRUE
"consensus",8,5,52,26,TRUE
"consensus",8,5,53,26,TRUE
"consensus",8,5,54,26,TRUE
"consensus",8,5,55,26,TRUE
"consensus",8,5,56,26,TRUE
"consensus",8,5,57,26,TRUE
"consensus",8,5,58,26,TRUE
"consensus",8,5,59,26,TRUE
"consensus",8,5,61,26,TRUE
"consensus",8,5,62,26,TRUE
"consensus",8,5,63,26,FALSE
"consensus",8,5,65,26,TRUE
"consensus",8,5,66,26,TRUE
"consensus",8,5,67,26,TRUE
"consensus",8,5,68,26,TRUE
"consensus",8,5,69,26,FALSE
"consensus",8,5,70,26,TRUE
"consensus",8,5,71,26,FALSE
"consensus",8,5,72,26,FALSE
"consensus",8,5,74,26,TRUE
"consensus",8,5,75,26,TRUE
"consensus",8,5,76,26,TRUE
"consensus",8,5,77,26,TRUE
"consensus",8,5,78,26,FALSE
"consensus",8,5,79,26,FALSE
"consensus",8,50,51,28,TRUE
"consensus",8,50,52,28,FALSE
"consensus",8,50,53,28,TRUE
"consensus",8,50,54,28,FALSE
"consensus",8,50,55,28,TRUE
"consensus",8,50,56,28,TRUE
"consensus",8,50,57,28,FALSE
"consensus",8,50,58,28,TRUE
"consensus",8,50,59,28,TRUE
"consensus",8,50,61,28,TRUE
"consensus",8,50,62,28,FALSE
"consensus",8,50,63,28,TRUE
"consensus",8,50,64,28,FALSE
"consensus",8,50,66,28,TRUE
"consensus",8,50,67,28,FALSE
"consensus",8,50,68,28,TRUE
"consensus",8,50,69,28,TRUE
"consensus",8,50,70,28,TRUE
"consensus",8,50,71,28,FALSE
"consensus",8,50,72,28,FALSE
"consensus",8,50,73,28,TRUE
"consensus",8,50,75,28,TRUE
"consensus",8,50,76,28,TRUE
"consensus",8,50,77,28,FALSE
"consensus",8,50,78,28,TRUE
"consensus",8,50,79,28,TRUE
"consensus",8,50,80,28,FALSE
"consensus",8,50,81,28,TRUE
"consensus",8,6,51,28,TRUE
"consensus",8,6,52,28,TRUE
"consensus",8,6,53,28,FALSE
"consensus",8,6,54,28,FALSE
"consensus",8,6,55,28,TRUE
"consensus",8,6,56,28,TRUE
"consensus",8,6,57,28,TRUE
"consensus",8,6,58,28,TRUE
"consensus",8,6,59,28,TRUE
"consensus",8,6,60,28,TRUE
"consensus",8,6,62,28,TRUE
"consensus",8,6,64,28,TRUE
"consensus",8,6,65,28,FALSE
"consensus",8,6,66,28,TRUE
"consensus",8,6,67,28,TRUE
"consensus",8,6,68,28,FALSE
"consensus",8,6,69,28,TRUE
"consensus",8,6,70,28,FALSE
"consensus",8,6,71,28,TRUE
"consensus",8,6,72,28,FALSE
"consensus",8,6,73,28,FALSE
"consensus",8,6,74,28,TRUE
"consensus",8,6,75,28,TRUE
"consensus",8,6,77,28,TRUE
"consensus",8,6,78,28,FALSE
"consensus",8,6,79,28,FALSE
"consensus",8,6,80,28,TRUE
"consensus",8,6,81,28,TRUE
"consensus",8,7,51,28,TRUE
"consensus",8,7,52,28,TRUE
"consensus",8,7,53,28,TRUE
"consensus",8,7,54,28,TRUE
"consensus",8,7,55,28,TRUE
"consensus",8,7,56,28,TRUE
"consensus",8,7,57,28,TRUE
"consensus",8,7,58,28,TRUE
"consensus",8,7,59,28,TRUE
"consensus",8,7,61,28,TRUE
"consensus",8,7,62,28,FALSE
"consensus",8,7,63,28,TRUE
"consensus",8,7,64,28,TRUE
"consensus",8,7,65,28,FALSE
"consensus",8,7,66,28,TRUE
"consensus",8,7,67,28,TRUE
"consensus",8,7,68,28,TRUE
"consensus",8,7,70,28,TRUE
"consensus",8,7,71,28,TRUE
"consensus",8,7,72,28,TRUE
"consensus",8,7,73,28,TRUE
"consensus",8,7,74,28,TRUE
"consensus",8,7,75,28,TRUE
"consensus",8,7,76,28,FALSE
"consensus",8,7,78,28,TRUE
"consensus",8,7,79,28,TRUE
"consensus",8,7,80,28,TRUE
"consensus",8,7,81,28,TRUE
"consensus",8,8,51,26,TRUE
"consensus",8,8,52,26,TRUE
"consensus",8,8,53,26,FALSE
"consensus",8,8,54,26,TRUE
"consensus",8,8,55,26,TRUE
"consensus",8,8,56,26,TRUE
"consensus",8,8,57,26,TRUE
"consensus",8,8,58,26,TRUE
"consensus",8,8,59,26,FALSE
"consensus",8,8,60,26,TRUE
"consensus",8,8,62,26,TRUE
"consensus",8,8,63,26,TRUE
"consensus",8,8,64,26,TRUE
"consensus",8,8,65,26,TRUE
"consensus",8,8,67,26,TRUE
"consensus",8,8,68,26,TRUE
"consensus",8,8,69,26,TRUE
"consensus",8,8,70,26,TRUE
"consensus",8,8,71,26,TRUE
"consensus",8,8,72,26,FALSE
"consensus",8,8,73,26,FALSE
"consensus",8,8,75,26,TRUE
"consensus",8,8,76,26,FALSE
"consensus",8,8,77,26,TRUE
"consensus",8,8,78,26,TRUE
"consensus",8,8,79,26,TRUE
"consensus",8,9,51,30,TRUE
"consensus",8,9,52,30,TRUE
"consensus",8,9,53,30,TRUE
"consensus",8,9,54,30,TRUE
"consensus",8,9,55,30,FALSE
"consensus",8,9,56,30,TRUE
"consensus",8,9,57,30,TRUE
"consensus",8,9,58,30,TRUE
"consensus",8,9,60,30,TRUE
"consensus",8,9,61,30,FALSE
"consensus",8,9,62,30,TRUE
"consensus",8,9,63,30,FALSE
"consensus",8,9,64,30,TRUE
"consensus",8,9,65,30,FALSE
"consensus",8,9,66,30,TRUE
"consensus",8,9,67,30,FALSE
"consensus",8,9,68,30,TRUE
"consensus",8,9,70,30,TRUE
"consensus",8,9,71,30,TRUE
"consensus",8,9,72,30,TRUE
"consensus",8,9,73,30,TRUE
"consensus",8,9,74,30,FALSE
"consensus",8,9,75,30,TRUE
"consensus",8,9,76,30,TRUE
"consensus",8,9,77,30,FALSE
"consensus",8,9,78,30,TRUE
"consensus",8,9,80,30,TRUE
"consensus",8,9,81,30,TRUE
"consensus",8,9,82,30,TRUE
"consensus",8,9,83,30,TRUE
"mcc",8,1,51,46,TRUE
"mcc",8,1,53,46,TRUE
"mcc",8,1,54,46,TRUE
"mcc",8,1,55,46,TRUE
"mcc",8,1,56,46,TRUE
"mcc",8,1,57,46,TRUE
"mcc",8,1,58,46,TRUE
"mcc",8,1,59,46,FALSE
"mcc",8,1,60,46,FALSE
"mcc",8,1,61,46,FALSE
"mcc",8,1,62,46,FALSE
"mcc",8,1,63,46,FALSE
"mcc",8,1,64,46,TRUE
"mcc",8,1,65,46,FALSE
"mcc",8,1,66,46,FALSE
"mcc",8,1,67,46,FALSE
"mcc",8,1,68,46,FALSE
"mcc",8,1,69,46,TRUE
"mcc",8,1,70,46,FALSE
"mcc",8,1,71,46,FALSE
"mcc",8,1,72,46,TRUE
"mcc",8,1,73,46,TRUE
"mcc",8,1,74,46,FALSE
"mcc",8,1,76,46,TRUE
"mcc",8,1,77,46,TRUE
"mcc",8,1,78,46,TRUE
"mcc",8,1,79,46,TRUE
"mcc",8,1,80,46,TRUE
"mcc",8,1,81,46,TRUE
"mcc",8,1,82,46,TRUE
"mcc",8,1,83,46,FALSE
"mcc",8,1,84,46,TRUE
"mcc",8,1,85,46,TRUE
"mcc",8,1,86,46,FALSE
"mcc",8,1,88,46,TRUE
"mcc",8,1,89,46,FALSE
"mcc",8,1,90,46,TRUE
"mcc",8,1,91,46,FALSE
"mcc",8,1,92,46,FALSE
"mcc",8,1,93,46,TRUE
"mcc",8,1,94,46,FALSE
"mcc",8,1,95,46,FALSE
"mcc",8,1,96,46,FALSE
"mcc",8,1,97,46,FALSE
"mcc",8,1,98,46,FALSE
"mcc",8,1,99,46,TRUE
"mcc",8,10,51,46,TRUE
"mcc",8,10,52,46,FALSE
"mcc",8,10,53,46,FALSE
"mcc",8,10,54,46,FALSE
"mcc",8,10,55,46,FALSE
"mcc",8,10,56,46,TRUE
"mcc",8,10,57,46,TRUE
"mcc",8,10,58,46,FALSE
"mcc",8,10,59,46,TRUE
"mcc",8,10,60,46,FALSE
"mcc",8,10,61,46,TRUE
"mcc",8,10,63,46,TRUE
"mcc",8,10,64,46,TRUE
"mcc",8,10,65,46,FALSE
"mcc",8,10,66,46,TRUE
"mcc",8,10,67,46,TRUE
"mcc",8,10,68,46,FALSE
"mcc",8,10,69,46,FALSE
"mcc",8,10,70,46,TRUE
"mcc",8,10,71,46,FALSE
"mcc",8,10,72,46,FALSE
"mcc",8,10,73,46,TRUE
"mcc",8,10,74,46,FALSE
"mcc",8,10,75,46,FALSE
"mcc",8,10,76,46,FALSE
"mcc",8,10,77,46,TRUE
"mcc",8,10,78,46,TRUE
"mcc",8,10,79,46,FALSE
"mcc",8,10,80,46,FALSE
"mcc",8,10,81,46,TRUE
"mcc",8,10,82,46,FALSE
"mcc",8,10,83,46,FALSE
"mcc",8,10,84,46,FALSE
"mcc",8,10,85,46,FALSE
"mcc",8,10,86,46,FALSE
"mcc",8,10,87,46,FALSE
"mcc",8,10,89,46,TRUE
"mcc",8,10,90,46,TRUE
"mcc",8,10,91,46,TRUE
"mcc",8,10,93,46,TRUE
"mcc",8,10,94,46,TRUE
"mcc",8,10,95,46,TRUE
"mcc",8,10,96,46,FALSE
"mcc",8,10,97,46,FALSE
"mcc",8,10,98,46,FALSE
"mcc",8,10,99,46,TRUE
"mcc",8,11,51,46,TRUE
"mcc",8,11,52,46,FALSE
"mcc",8,11,54,46,TRUE
"mcc",8,11,55,46,TRUE
"mcc",8,11,56,46,TRUE
"mcc",8,11,57,46,FALSE
"mcc",8,11,58,46,TRUE
"mcc",8,11,59,46,FALSE
"mcc",8,11,60,46,FALSE
"mcc",8,11,61,46,FALSE
"mcc",8,11,62,46,FALSE
"mcc",8,11,63,46,FALSE
"mcc",8,11,64,46,TRUE
"mcc",8,11,65,46,TRUE
"mcc",8,11,66,46,FALSE
"mcc",8,11,67,46,FALSE
"mcc",8,11,68,46,TRUE
"mcc",8,11,69,46,TRUE
"mcc",8,11,70,46,FALSE
"mcc",8,11,71,46,FALSE
"mcc",8,11,72,46,TRUE
"mcc",8,11,73,46,TRUE
"mcc",8,11,74,46,FALSE
"mcc",8,11,75,46,FALSE
"mcc",8,11,76,46,TRUE
"mcc",8,11,77,46,TRUE
"mcc",8,11,78,46,FALSE
"mcc",8,11,80,46,TRUE
"mcc",8,11,81,46,FALSE
"mcc",8,11,82,46,TRUE
"mcc",8,11,83,46,TRUE
"mcc",8,11,84,46,TRUE
"mcc",8,11,85,46,TRUE
"mcc",8,11,86,46,TRUE
"mcc",8,11,87,46,TRUE
"mcc",8,11,88,46,TRUE
"mcc",8,11,89,46,TRUE
"mcc",8,11,91,46,FALSE
"mcc",8,11,92,46,TRUE
"mcc",8,11,93,46,FALSE
"mcc",8,11,94,46,FALSE
"mcc",8,11,95,46,FALSE
"mcc",8,11,96,46,FALSE
"mcc",8,11,97,46,TRUE
"mcc",8,11,98,46,FALSE
"mcc",8,11,99,46,FALSE
"mcc",8,12,51,46,TRUE
"mcc",8,12,52,46,FALSE
"mcc",8,12,53,46,FALSE
"mcc",8,12,54,46,FALSE
"mcc",8,12,55,46,FALSE
"mcc",8,12,56,46,FALSE
"mcc",8,12,57,46,TRUE
"mcc",8,12,58,46,FALSE
"mcc",8,12,59,46,TRUE
"mcc",8,12,60,46,TRUE
"mcc",8,12,61,46,TRUE
"mcc",8,12,62,46,FALSE
"mcc",8,12,63,46,FALSE
"mcc",8,12,64,46,FALSE
"mcc",8,12,65,46,FALSE
"mcc",8,12,66,46,TRUE
"mcc",8,12,67,46,FALSE
"mcc",8,12,68,46,FALSE
"mcc",8,12,69,46,FALSE
"mcc",8,12,70,46,TRUE
"mcc",8,12,72,46,TRUE
"mcc",8,12,73,46,TRUE
"mcc",8,12,74,46,TRUE
"mcc",8,12,75,46,TRUE
"mcc",8,12,76,46,TRUE
"mcc",8,12,77,46,FALSE
"mcc",8,12,79,46,TRUE
"mcc",8,12,80,46,TRUE
"mcc",8,12,81,46,TRUE
"mcc",8,12,82,46,TRUE
"mcc",8,12,83,46,TRUE
"mcc",8,12,84,46,TRUE
"mcc",8,12,85,46,FALSE
"mcc",8,12,86,46,FALSE
"mcc",8,12,87,46,TRUE
"mcc",8,12,88,46,FALSE
"mcc",8,12,89,46,FALSE
"mcc",8,12,90,46,TRUE
"mcc",8,12,91,46,FALSE
"mcc",8,12,92,46,FALSE
"mcc",8,12,94,46,TRUE
"mcc",8,12,95,46,FALSE
"mcc",8,12,96,46,TRUE
"mcc",8,12,97,46,TRUE
"mcc",8,12,98,46,TRUE
"mcc",8,12,99,46,FALSE
"mcc",8,13,51,46,TRUE
"mcc",8,13,52,46,FALSE
"mcc",8,13,53,46,FALSE
"mcc",8,13,54,46,TRUE
"mcc",8,13,55,46,FALSE
"mcc",8,13,57,46,TRUE
"mcc",8,13,58,46,FALSE
"mcc",8,13,59,46,FALSE
"mcc",8,13,60,46,TRUE
"mcc",8,13,61,46,TRUE
"mcc",8,13,62,46,FALSE
"mcc",8,13,63,46,FALSE
"mcc",8,13,64,46,TRUE
"mcc",8,13,65,46,FALSE
"mcc",8,13,66,46,FALSE
"mcc",8,13,67,46,FALSE
"mcc",8,13,68,46,FALSE
"mcc",8,13,69,46,TRUE
"mcc",8,13,70,46,FALSE
"mcc",8,13,71,46,TRUE
"mcc",8,13,72,46,FALSE
"mcc",8,13,73,46,TRUE
"mcc",8,13,74,46,FALSE
"mcc",8,13,75,46,FALSE
"mcc",8,13,76,46,TRUE
"mcc",8,13,77,46,TRUE
"mcc",8,13,78,46,FALSE
"mcc",8,13,79,46,FALSE
"mcc",8,13,80,46,TRUE
"mcc",8,13,81,46,TRUE
"mcc",8,13,82,46,TRUE
"mcc",8,13,83,46,TRUE
"mcc",8,13,84,46,TRUE
"mcc",8,13,85,46,TRUE
"mcc",8,13,86,46,TRUE
"mcc",8,13,87,46,FALSE
"mcc",8,13,88,46,TRUE
"mcc",8,13,90,46,FALSE
"mcc",8,13,91,46,FALSE
"mcc",8,13,93,46,TRUE
"mcc",8,13,94,46,TRUE
"mcc",8,13,95,46,TRUE
"mcc",8,13,96,46,FALSE
"mcc",8,13,97,46,FALSE
"mcc",8,13,98,46,FALSE
"mcc",8,13,99,46,FALSE
"mcc",8,14,51,46,TRUE
"mcc",8,14,52,46,TRUE
"mcc",8,14,53,46,FALSE
"mcc",8,14,54,46,FALSE
"mcc",8,14,55,46,FALSE
"mcc",8,14,56,46,FALSE
"mcc",8,14,57,46,FALSE
"mcc",8,14,58,46,FALSE
"mcc",8,14,59,46,TRUE
"mcc",8,14,60,46,FALSE
"mcc",8,14,61,46,TRUE
"mcc",8,14,62,46,FALSE
"mcc",8,14,63,46,FALSE
"mcc",8,14,64,46,FALSE
"mcc",8,14,65,46,TRUE
"mcc",8,14,66,46,TRUE
"mcc",8,14,67,46,FALSE
"mcc",8,14,68,46,FALSE
"mcc",8,14,69,46,TRUE
"mcc",8,14,70,46,TRUE
"mcc",8,14,71,46,TRUE
"mcc",8,14,72,46,TRUE
"mcc",8,14,73,46,TRUE
"mcc",8,14,74,46,TRUE
"mcc",8,14,75,46,TRUE
"mcc",8,14,76,46,TRUE
"mcc",8,14,78,46,TRUE
"mcc",8,14,79,46,FALSE
"mcc",8,14,80,46,TRUE
"mcc",8,14,81,46,FALSE
"mcc",8,14,82,46,FALSE
"mcc",8,14,83,46,FALSE
"mcc",8,14,84,46,FALSE
"mcc",8,14,85,46,FALSE
"mcc",8,14,86,46,FALSE
"mcc",8,14,88,46,TRUE
"mcc",8,14,89,46,TRUE
"mcc",8,14,90,46,TRUE
"mcc",8,14,91,46,TRUE
"mcc",8,14,92,46,FALSE
"mcc",8,14,93,46,TRUE
"mcc",8,14,95,46,TRUE
"mcc",8,14,96,46,FALSE
"mcc",8,14,97,46,FALSE
"mcc",8,14,98,46,TRUE
"mcc",8,14,99,46,TRUE
"mcc",8,15,51,46,TRUE
"mcc",8,15,53,46,TRUE
"mcc",8,15,54,46,TRUE
"mcc",8,15,55,46,TRUE
"mcc",8,15,56,46,TRUE
"mcc",8,15,57,46,TRUE
"mcc",8,15,58,46,TRUE
"mcc",8,15,59,46,FALSE
"mcc",8,15,60,46,TRUE
"mcc",8,15,61,46,TRUE
"mcc",8,15,63,46,TRUE
"mcc",8,15,64,46,FALSE
"mcc",8,15,65,46,TRUE
"mcc",8,15,66,46,TRUE
"mcc",8,15,67,46,TRUE
"mcc",8,15,68,46,FALSE
"mcc",8,15,69,46,TRUE
"mcc",8,15,70,46,FALSE
"mcc",8,15,71,46,FALSE
"mcc",8,15,72,46,TRUE
"mcc",8,15,73,46,TRUE
"mcc",8,15,74,46,TRUE
"mcc",8,15,75,46,TRUE
"mcc",8,15,76,46,TRUE
"mcc",8,15,77,46,TRUE
"mcc",8,15,78,46,TRUE
"mcc",8,15,80,46,FALSE
"mcc",8,15,81,46,FALSE
"mcc",8,15,82,46,FALSE
"mcc",8,15,83,46,FALSE
"mcc",8,15,84,46,FALSE
"mcc",8,15,85,46,FALSE
"mcc",8,15,86,46,TRUE
"mcc",8,15,87,46,TRUE
"mcc",8,15,88,46,FALSE
"mcc",8,15,89,46,FALSE
"mcc",8,15,90,46,FALSE
"mcc",8,15,91,46,FALSE
"mcc",8,15,92,46,FALSE
"mcc",8,15,93,46,FALSE
"mcc",8,15,94,46,TRUE
"mcc",8,15,95,46,TRUE
"mcc",8,15,96,46,FALSE
"mcc",8,15,97,46,FALSE
"mcc",8,15,98,46,TRUE
"mcc",8,15,99,46,TRUE
"mcc",8,16,51,46,TRUE
"mcc",8,16,52,46,TRUE
"mcc",8,16,53,46,FALSE
"mcc",8,16,54,46,FALSE
"mcc",8,16,55,46,FALSE
"mcc",8,16,56,46,FALSE
"mcc",8,16,57,46,FALSE
"mcc",8,16,58,46,FALSE
"mcc",8,16,59,46,FALSE
"mcc",8,16,60,46,FALSE
"mcc",8,16,61,46,FALSE
"mcc",8,16,62,46,FALSE
"mcc",8,16,63,46,FALSE
"mcc",8,16,64,46,FALSE
"mcc",8,16,65,46,TRUE
"mcc",8,16,66,46,FALSE
"mcc",8,16,67,46,TRUE
"mcc",8,16,68,46,FALSE
"mcc",8,16,69,46,TRUE
"mcc",8,16,71,46,TRUE
"mcc",8,16,72,46,TRUE
"mcc",8,16,73,46,TRUE
"mcc",8,16,74,46,FALSE
"mcc",8,16,75,46,TRUE
"mcc",8,16,76,46,FALSE
"mcc",8,16,78,46,TRUE
"mcc",8,16,79,46,TRUE
"mcc",8,16,80,46,TRUE
"mcc",8,16,81,46,TRUE
"mcc",8,16,82,46,FALSE
"mcc",8,16,83,46,FALSE
"mcc",8,16,84,46,FALSE
"mcc",8,16,85,46,FALSE
"mcc",8,16,86,46,FALSE
"mcc",8,16,87,46,TRUE
"mcc",8,16,88,46,FALSE
"mcc",8,16,89,46,FALSE
"mcc",8,16,90,46,TRUE
"mcc",8,16,91,46,FALSE
"mcc",8,16,92,46,TRUE
"mcc",8,16,94,46,TRUE
"mcc",8,16,95,46,TRUE
"mcc",8,16,96,46,FALSE
"mcc",8,16,97,46,TRUE
"mcc",8,16,98,46,TRUE
"mcc",8,16,99,46,FALSE
"mcc",8,17,51,46,TRUE
"mcc",8,17,53,46,TRUE
"mcc",8,17,54,46,FALSE
"mcc",8,17,55,46,TRUE
"mcc",8,17,56,46,TRUE
"mcc",8,17,57,46,FALSE
"mcc",8,17,58,46,TRUE
"mcc",8,17,59,46,FALSE
"mcc",8,17,60,46,FALSE
"mcc",8,17,61,46,FALSE
"mcc",8,17,62,46,FALSE
"mcc",8,17,63,46,TRUE
"mcc",8,17,64,46,FALSE
"mcc",8,17,65,46,FALSE
"mcc",8,17,66,46,FALSE
"mcc",8,17,67,46,TRUE
"mcc",8,17,68,46,FALSE
"mcc",8,17,69,46,FALSE
"mcc",8,17,70,46,TRUE
"mcc",8,17,71,46,TRUE
"mcc",8,17,73,46,TRUE
"mcc",8,17,74,46,TRUE
"mcc",8,17,75,46,TRUE
"mcc",8,17,76,46,FALSE
"mcc",8,17,77,46,TRUE
"mcc",8,17,79,46,TRUE
"mcc",8,17,80,46,TRUE
"mcc",8,17,81,46,TRUE
"mcc",8,17,82,46,FALSE
"mcc",8,17,83,46,FALSE
"mcc",8,17,84,46,FALSE
"mcc",8,17,85,46,TRUE
"mcc",8,17,86,46,FALSE
"mcc",8,17,87,46,TRUE
"mcc",8,17,88,46,FALSE
"mcc",8,17,89,46,FALSE
"mcc",8,17,90,46,FALSE
"mcc",8,17,91,46,TRUE
"mcc",8,17,92,46,FALSE
"mcc",8,17,93,46,FALSE
"mcc",8,17,94,46,FALSE
"mcc",8,17,95,46,FALSE
"mcc",8,17,96,46,FALSE
"mcc",8,17,97,46,TRUE
"mcc",8,17,98,46,FALSE
"mcc",8,17,99,46,FALSE
"mcc",8,18,51,46,TRUE
"mcc",8,18,52,46,FALSE
"mcc",8,18,53,46,FALSE
"mcc",8,18,55,46,TRUE
"mcc",8,18,56,46,FALSE
"mcc",8,18,57,46,TRUE
"mcc",8,18,58,46,FALSE
"mcc",8,18,59,46,TRUE
"mcc",8,18,60,46,FALSE
"mcc",8,18,61,46,FALSE
"mcc",8,18,62,46,FALSE
"mcc",8,18,63,46,FALSE
"mcc",8,18,64,46,FALSE
"mcc",8,18,65,46,FALSE
"mcc",8,18,66,46,FALSE
"mcc",8,18,67,46,TRUE
"mcc",8,18,68,46,TRUE
"mcc",8,18,69,46,TRUE
"mcc",8,18,70,46,FALSE
"mcc",8,18,71,46,TRUE
"mcc",8,18,72,46,FALSE
"mcc",8,18,73,46,TRUE
"mcc",8,18,74,46,TRUE
"mcc",8,18,75,46,TRUE
"mcc",8,18,76,46,TRUE
"mcc",8,18,77,46,TRUE
"mcc",8,18,78,46,TRUE
"mcc",8,18,79,46,TRUE
"mcc",8,18,80,46,TRUE
"mcc",8,18,81,46,TRUE
"mcc",8,18,83,46,FALSE
"mcc",8,18,84,46,FALSE
"mcc",8,18,85,46,TRUE
"mcc",8,18,86,46,FALSE
"mcc",8,18,87,46,FALSE
"mcc",8,18,88,46,TRUE
"mcc",8,18,89,46,TRUE
"mcc",8,18,90,46,TRUE
"mcc",8,18,91,46,TRUE
"mcc",8,18,92,46,TRUE
"mcc",8,18,93,46,FALSE
"mcc",8,18,94,46,FALSE
"mcc",8,18,96,46,TRUE
"mcc",8,18,97,46,FALSE
"mcc",8,18,98,46,TRUE
"mcc",8,18,99,46,TRUE
"mcc",8,19,51,46,TRUE
"mcc",8,19,53,46,TRUE
"mcc",8,19,54,46,TRUE
"mcc",8,19,55,46,FALSE
"mcc",8,19,56,46,TRUE
"mcc",8,19,57,46,TRUE
"mcc",8,19,58,46,TRUE
"mcc",8,19,59,46,FALSE
"mcc",8,19,60,46,TRUE
"mcc",8,19,61,46,FALSE
"mcc",8,19,62,46,TRUE
"mcc",8,19,63,46,TRUE
"mcc",8,19,64,46,FALSE
"mcc",8,19,65,46,FALSE
"mcc",8,19,66,46,FALSE
"mcc",8,19,67,46,FALSE
"mcc",8,19,68,46,FALSE
"mcc",8,19,69,46,FALSE
"mcc",8,19,70,46,FALSE
"mcc",8,19,71,46,TRUE
"mcc",8,19,72,46,TRUE
"mcc",8,19,73,46,TRUE
"mcc",8,19,74,46,TRUE
"mcc",8,19,75,46,TRUE
"mcc",8,19,76,46,TRUE
"mcc",8,19,77,46,TRUE
"mcc",8,19,79,46,FALSE
"mcc",8,19,80,46,TRUE
"mcc",8,19,81,46,TRUE
"mcc",8,19,82,46,TRUE
"mcc",8,19,83,46,TRUE
"mcc",8,19,84,46,TRUE
"mcc",8,19,86,46,TRUE
"mcc",8,19,87,46,TRUE
"mcc",8,19,88,46,TRUE
"mcc",8,19,89,46,FALSE
"mcc",8,19,90,46,FALSE
"mcc",8,19,91,46,FALSE
"mcc",8,19,92,46,FALSE
"mcc",8,19,93,46,TRUE
"mcc",8,19,94,46,FALSE
"mcc",8,19,95,46,TRUE
"mcc",8,19,96,46,FALSE
"mcc",8,19,97,46,TRUE
"mcc",8,19,98,46,TRUE
"mcc",8,19,99,46,TRUE
"mcc",8,2,51,46,TRUE
"mcc",8,2,53,46,TRUE
"mcc",8,2,54,46,TRUE
"mcc",8,2,55,46,TRUE
"mcc",8,2,56,46,TRUE
"mcc",8,2,57,46,TRUE
"mcc",8,2,58,46,TRUE
"mcc",8,2,59,46,FALSE
"mcc",8,2,60,46,FALSE
"mcc",8,2,61,46,FALSE
"mcc",8,2,62,46,FALSE
"mcc",8,2,63,46,FALSE
"mcc",8,2,64,46,FALSE
"mcc",8,2,66,46,FALSE
"mcc",8,2,67,46,TRUE
"mcc",8,2,68,46,TRUE
"mcc",8,2,69,46,TRUE
"mcc",8,2,70,46,FALSE
"mcc",8,2,71,46,TRUE
"mcc",8,2,72,46,FALSE
"mcc",8,2,73,46,TRUE
"mcc",8,2,74,46,FALSE
"mcc",8,2,75,46,FALSE
"mcc",8,2,76,46,TRUE
"mcc",8,2,77,46,TRUE
"mcc",8,2,78,46,TRUE
"mcc",8,2,79,46,FALSE
"mcc",8,2,80,46,FALSE
"mcc",8,2,81,46,FALSE
"mcc",8,2,82,46,FALSE
"mcc",8,2,83,46,TRUE
"mcc",8,2,84,46,TRUE
"mcc",8,2,85,46,TRUE
"mcc",8,2,86,46,TRUE
"mcc",8,2,87,46,TRUE
"mcc",8,2,88,46,FALSE
"mcc",8,2,89,46,TRUE
"mcc",8,2,91,46,FALSE
"mcc",8,2,92,46,FALSE
"mcc",8,2,93,46,TRUE
"mcc",8,2,94,46,FALSE
"mcc",8,2,95,46,FALSE
"mcc",8,2,96,46,TRUE
"mcc",8,2,97,46,TRUE
"mcc",8,2,98,46,FALSE
"mcc",8,2,99,46,TRUE
"mcc",8,20,51,46,TRUE
"mcc",8,20,53,46,TRUE
"mcc",8,20,54,46,TRUE
"mcc",8,20,55,46,TRUE
"mcc",8,20,56,46,TRUE
"mcc",8,20,57,46,TRUE
"mcc",8,20,58,46,TRUE
"mcc",8,20,59,46,FALSE
"mcc",8,20,60,46,FALSE
"mcc",8,20,61,46,FALSE
"mcc",8,20,62,46,FALSE
"mcc",8,20,63,46,FALSE
"mcc",8,20,64,46,FALSE
"mcc",8,20,65,46,TRUE
"mcc",8,20,66,46,TRUE
"mcc",8,20,67,46,TRUE
"mcc",8,20,68,46,FALSE
"mcc",8,20,69,46,TRUE
"mcc",8,20,70,46,FALSE
"mcc",8,20,71,46,TRUE
"mcc",8,20,72,46,FALSE
"mcc",8,20,73,46,FALSE
"mcc",8,20,74,46,FALSE
"mcc",8,20,75,46,FALSE
"mcc",8,20,76,46,FALSE
"mcc",8,20,78,46,TRUE
"mcc",8,20,79,46,TRUE
"mcc",8,20,80,46,FALSE
"mcc",8,20,81,46,TRUE
"mcc",8,20,82,46,TRUE
"mcc",8,20,83,46,TRUE
"mcc",8,20,84,46,TRUE
"mcc",8,20,85,46,FALSE
"mcc",8,20,86,46,TRUE
"mcc",8,20,87,46,TRUE
"mcc",8,20,88,46,FALSE
"mcc",8,20,89,46,TRUE
"mcc",8,20,90,46,TRUE
"mcc",8,20,91,46,TRUE
"mcc",8,20,92,46,TRUE
"mcc",8,20,93,46,TRUE
"mcc",8,20,94,46,TRUE
"mcc",8,20,96,46,TRUE
"mcc",8,20,97,46,FALSE
"mcc",8,20,98,46,TRUE
"mcc",8,20,99,46,FALSE
"mcc",8,21,51,46,TRUE
"mcc",8,21,52,46,FALSE
"mcc",8,21,53,46,FALSE
"mcc",8,21,54,46,FALSE
"mcc",8,21,55,46,FALSE
"mcc",8,21,56,46,FALSE
"mcc",8,21,57,46,TRUE
"mcc",8,21,58,46,FALSE
"mcc",8,21,59,46,FALSE
"mcc",8,21,60,46,TRUE
"mcc",8,21,61,46,TRUE
"mcc",8,21,62,46,FALSE
"mcc",8,21,63,46,FALSE
"mcc",8,21,64,46,FALSE
"mcc",8,21,65,46,TRUE
"mcc",8,21,66,46,TRUE
"mcc",8,21,67,46,TRUE
"mcc",8,21,68,46,TRUE
"mcc",8,21,69,46,TRUE
"mcc",8,21,71,46,TRUE
"mcc",8,21,72,46,TRUE
"mcc",8,21,73,46,TRUE
"mcc",8,21,74,46,FALSE
"mcc",8,21,75,46,TRUE
"mcc",8,21,76,46,TRUE
"mcc",8,21,78,46,TRUE
"mcc",8,21,79,46,TRUE
"mcc",8,21,80,46,TRUE
"mcc",8,21,81,46,TRUE
"mcc",8,21,82,46,TRUE
"mcc",8,21,83,46,FALSE
"mcc",8,21,84,46,FALSE
"mcc",8,21,85,46,FALSE
"mcc",8,21,86,46,FALSE
"mcc",8,21,87,46,FALSE
"mcc",8,21,88,46,FALSE
"mcc",8,21,89,46,TRUE
"mcc",8,21,90,46,FALSE
"mcc",8,21,91,46,TRUE
"mcc",8,21,92,46,FALSE
"mcc",8,21,93,46,TRUE
"mcc",8,21,95,46,TRUE
"mcc",8,21,96,46,TRUE
"mcc",8,21,97,46,TRUE
"mcc",8,21,98,46,TRUE
"mcc",8,21,99,46,TRUE
"mcc",8,22,51,46,TRUE
"mcc",8,22,53,46,TRUE
"mcc",8,22,54,46,FALSE
"mcc",8,22,55,46,FALSE
"mcc",8,22,56,46,TRUE
"mcc",8,22,57,46,TRUE
"mcc",8,22,58,46,TRUE
"mcc",8,22,59,46,FALSE
"mcc",8,22,60,46,FALSE
"mcc",8,22,61,46,FALSE
"mcc",8,22,62,46,TRUE
"mcc",8,22,63,46,FALSE
"mcc",8,22,64,46,TRUE
"mcc",8,22,65,46,FALSE
"mcc",8,22,66,46,FALSE
"mcc",8,22,67,46,TRUE
"mcc",8,22,68,46,FALSE
"mcc",8,22,69,46,FALSE
"mcc",8,22,70,46,FALSE
"mcc",8,22,71,46,FALSE
"mcc",8,22,72,46,FALSE
"mcc",8,22,73,46,TRUE
"mcc",8,22,74,46,TRUE
"mcc",8,22,75,46,TRUE
"mcc",8,22,76,46,TRUE
"mcc",8,22,77,46,TRUE
"mcc",8,22,78,46,TRUE
"mcc",8,22,79,46,TRUE
"mcc",8,22,80,46,TRUE
"mcc",8,22,81,46,TRUE
"mcc",8,22,83,46,TRUE
"mcc",8,22,84,46,TRUE
"mcc",8,22,85,46,TRUE
"mcc",8,22,86,46,TRUE
"mcc",8,22,87,46,TRUE
"mcc",8,22,88,46,FALSE
"mcc",8,22,89,46,FALSE
"mcc",8,22,90,46,TRUE
"mcc",8,22,91,46,FALSE
"mcc",8,22,92,46,FALSE
"mcc",8,22,93,46,FALSE
"mcc",8,22,94,46,TRUE
"mcc",8,22,95,46,FALSE
"mcc",8,22,97,46,TRUE
"mcc",8,22,98,46,TRUE
"mcc",8,22,99,46,TRUE
"mcc",8,23,51,46,TRUE
"mcc",8,23,53,46,TRUE
"mcc",8,23,54,46,TRUE
"mcc",8,23,55,46,TRUE
"mcc",8,23,56,46,TRUE
"mcc",8,23,57,46,TRUE
"mcc",8,23,58,46,TRUE
"mcc",8,23,59,46,FALSE
"mcc",8,23,60,46,FALSE
"mcc",8,23,61,46,FALSE
"mcc",8,23,62,46,FALSE
"mcc",8,23,63,46,FALSE
"mcc",8,23,64,46,FALSE
"mcc",8,23,65,46,FALSE
"mcc",8,23,66,46,TRUE
"mcc",8,23,67,46,TRUE
"mcc",8,23,68,46,TRUE
"mcc",8,23,69,46,TRUE
"mcc",8,23,70,46,TRUE
"mcc",8,23,71,46,FALSE
"mcc",8,23,72,46,FALSE
"mcc",8,23,73,46,TRUE
"mcc",8,23,74,46,TRUE
"mcc",8,23,75,46,FALSE
"mcc",8,23,76,46,FALSE
"mcc",8,23,77,46,FALSE
"mcc",8,23,78,46,FALSE
"mcc",8,23,79,46,TRUE
"mcc",8,23,80,46,FALSE
"mcc",8,23,81,46,TRUE
"mcc",8,23,82,46,TRUE
"mcc",8,23,83,46,TRUE
"mcc",8,23,85,46,TRUE
"mcc",8,23,86,46,TRUE
"mcc",8,23,87,46,FALSE
"mcc",8,23,88,46,TRUE
"mcc",8,23,89,46,TRUE
"mcc",8,23,90,46,FALSE
"mcc",8,23,91,46,FALSE
"mcc",8,23,92,46,FALSE
"mcc",8,23,93,46,FALSE
"mcc",8,23,95,46,TRUE
"mcc",8,23,96,46,TRUE
"mcc",8,23,97,46,TRUE
"mcc",8,23,98,46,FALSE
"mcc",8,23,99,46,TRUE
"mcc",8,24,51,46,TRUE
"mcc",8,24,53,46,TRUE
"mcc",8,24,54,46,FALSE
"mcc",8,24,55,46,TRUE
"mcc",8,24,56,46,TRUE
"mcc",8,24,57,46,TRUE
"mcc",8,24,58,46,TRUE
"mcc",8,24,59,46,FALSE
"mcc",8,24,60,46,FALSE
"mcc",8,24,61,46,FALSE
"mcc",8,24,62,46,FALSE
"mcc",8,24,63,46,FALSE
"mcc",8,24,64,46,FALSE
"mcc",8,24,65,46,TRUE
"mcc",8,24,66,46,TRUE
"mcc",8,24,68,46,TRUE
"mcc",8,24,69,46,TRUE
"mcc",8,24,70,46,TRUE
"mcc",8,24,71,46,TRUE
"mcc",8,24,72,46,TRUE
"mcc",8,24,73,46,TRUE
"mcc",8,24,74,46,FALSE
"mcc",8,24,75,46,FALSE
"mcc",8,24,76,46,FALSE
"mcc",8,24,77,46,FALSE
"mcc",8,24,78,46,FALSE
"mcc",8,24,79,46,FALSE
"mcc",8,24,80,46,TRUE
"mcc",8,24,81,46,TRUE
"mcc",8,24,82,46,TRUE
"mcc",8,24,83,46,FALSE
"mcc",8,24,84,46,FALSE
"mcc",8,24,85,46,TRUE
"mcc",8,24,86,46,FALSE
"mcc",8,24,87,46,TRUE
"mcc",8,24,88,46,FALSE
"mcc",8,24,89,46,FALSE
"mcc",8,24,91,46,TRUE
"mcc",8,24,92,46,FALSE
"mcc",8,24,93,46,TRUE
"mcc",8,24,94,46,FALSE
"mcc",8,24,95,46,FALSE
"mcc",8,24,96,46,TRUE
"mcc",8,24,97,46,TRUE
"mcc",8,24,98,46,TRUE
"mcc",8,24,99,46,FALSE
"mcc",8,25,51,46,TRUE
"mcc",8,25,53,46,TRUE
"mcc",8,25,54,46,TRUE
"mcc",8,25,55,46,TRUE
"mcc",8,25,56,46,TRUE
"mcc",8,25,57,46,TRUE
"mcc",8,25,58,46,TRUE
"mcc",8,25,59,46,TRUE
"mcc",8,25,60,46,FALSE
"mcc",8,25,61,46,FALSE
"mcc",8,25,62,46,FALSE
"mcc",8,25,63,46,FALSE
"mcc",8,25,64,46,FALSE
"mcc",8,25,65,46,FALSE
"mcc",8,25,66,46,FALSE
"mcc",8,25,67,46,TRUE
"mcc",8,25,68,46,FALSE
"mcc",8,25,69,46,FALSE
"mcc",8,25,70,46,TRUE
"mcc",8,25,71,46,FALSE
"mcc",8,25,72,46,TRUE
"mcc",8,25,73,46,FALSE
"mcc",8,25,74,46,FALSE
"mcc",8,25,75,46,FALSE
"mcc",8,25,77,46,TRUE
"mcc",8,25,78,46,FALSE
"mcc",8,25,79,46,TRUE
"mcc",8,25,80,46,FALSE
"mcc",8,25,81,46,FALSE
"mcc",8,25,82,46,FALSE
"mcc",8,25,83,46,TRUE
"mcc",8,25,84,46,FALSE
"mcc",8,25,85,46,TRUE
"mcc",8,25,86,46,TRUE
"mcc",8,25,87,46,TRUE
"mcc",8,25,89,46,TRUE
"mcc",8,25,90,46,TRUE
"mcc",8,25,91,46,TRUE
"mcc",8,25,92,46,TRUE
"mcc",8,25,93,46,TRUE
"mcc",8,25,94,46,FALSE
"mcc",8,25,95,46,FALSE
"mcc",8,25,96,46,FALSE
"mcc",8,25,97,46,FALSE
"mcc",8,25,98,46,TRUE
"mcc",8,25,99,46,TRUE
"mcc",8,26,51,46,TRUE
"mcc",8,26,53,46,TRUE
"mcc",8,26,54,46,TRUE
"mcc",8,26,55,46,TRUE
"mcc",8,26,56,46,FALSE
"mcc",8,26,57,46,TRUE
"mcc",8,26,58,46,TRUE
"mcc",8,26,59,46,FALSE
"mcc",8,26,60,46,FALSE
"mcc",8,26,61,46,FALSE
"mcc",8,26,62,46,FALSE
"mcc",8,26,63,46,FALSE
"mcc",8,26,64,46,TRUE
"mcc",8,26,65,46,TRUE
"mcc",8,26,66,46,FALSE
"mcc",8,26,67,46,TRUE
"mcc",8,26,68,46,TRUE
"mcc",8,26,69,46,TRUE
"mcc",8,26,70,46,FALSE
"mcc",8,26,71,46,FALSE
"mcc",8,26,72,46,FALSE
"mcc",8,26,73,46,TRUE
"mcc",8,26,74,46,TRUE
"mcc",8,26,75,46,FALSE
"mcc",8,26,76,46,TRUE
"mcc",8,26,77,46,TRUE
"mcc",8,26,78,46,TRUE
"mcc",8,26,79,46,TRUE
"mcc",8,26,80,46,TRUE
"mcc",8,26,81,46,TRUE
"mcc",8,26,82,46,TRUE
"mcc",8,26,84,46,FALSE
"mcc",8,26,85,46,FALSE
"mcc",8,26,86,46,TRUE
"mcc",8,26,87,46,FALSE
"mcc",8,26,88,46,FALSE
"mcc",8,26,90,46,TRUE
"mcc",8,26,91,46,TRUE
"mcc",8,26,92,46,TRUE
"mcc",8,26,93,46,TRUE
"mcc",8,26,94,46,TRUE
"mcc",8,26,95,46,TRUE
"mcc",8,26,96,46,TRUE
"mcc",8,26,97,46,TRUE
"mcc",8,26,98,46,TRUE
"mcc",8,26,99,46,FALSE
"mcc",8,27,51,46,TRUE
"mcc",8,27,53,46,TRUE
"mcc",8,27,54,46,FALSE
"mcc",8,27,55,46,FALSE
"mcc",8,27,56,46,TRUE
"mcc",8,27,57,46,FALSE
"mcc",8,27,58,46,TRUE
"mcc",8,27,59,46,FALSE
"mcc",8,27,60,46,FALSE
"mcc",8,27,61,46,FALSE
"mcc",8,27,63,46,FALSE
"mcc",8,27,64,46,TRUE
"mcc",8,27,65,46,TRUE
"mcc",8,27,66,46,FALSE
"mcc",8,27,67,46,FALSE
"mcc",8,27,68,46,TRUE
"mcc",8,27,69,46,TRUE
"mcc",8,27,70,46,FALSE
"mcc",8,27,71,46,FALSE
"mcc",8,27,72,46,TRUE
"mcc",8,27,73,46,FALSE
"mcc",8,27,74,46,TRUE
"mcc",8,27,75,46,FALSE
"mcc",8,27,76,46,FALSE
"mcc",8,27,77,46,FALSE
"mcc",8,27,78,46,FALSE
"mcc",8,27,79,46,TRUE
"mcc",8,27,80,46,FALSE
"mcc",8,27,81,46,FALSE
"mcc",8,27,82,46,FALSE
"mcc",8,27,83,46,FALSE
"mcc",8,27,84,46,FALSE
"mcc",8,27,85,46,FALSE
"mcc",8,27,86,46,FALSE
"mcc",8,27,87,46,TRUE
"mcc",8,27,88,46,TRUE
"mcc",8,27,89,46,FALSE
"mcc",8,27,90,46,TRUE
"mcc",8,27,91,46,FALSE
"mcc",8,27,93,46,TRUE
"mcc",8,27,94,46,TRUE
"mcc",8,27,95,46,TRUE
"mcc",8,27,96,46,FALSE
"mcc",8,27,97,46,TRUE
"mcc",8,27,98,46,TRUE
"mcc",8,27,99,46,TRUE
"mcc",8,28,51,46,TRUE
"mcc",8,28,52,46,TRUE
"mcc",8,28,53,46,FALSE
"mcc",8,28,54,46,FALSE
"mcc",8,28,55,46,FALSE
"mcc",8,28,56,46,FALSE
"mcc",8,28,58,46,FALSE
"mcc",8,28,59,46,TRUE
"mcc",8,28,60,46,TRUE
"mcc",8,28,61,46,TRUE
"mcc",8,28,62,46,FALSE
"mcc",8,28,63,46,TRUE
"mcc",8,28,64,46,TRUE
"mcc",8,28,65,46,TRUE
"mcc",8,28,66,46,TRUE
"mcc",8,28,67,46,TRUE
"mcc",8,28,68,46,TRUE
"mcc",8,28,70,46,FALSE
"mcc",8,28,71,46,FALSE
"mcc",8,28,72,46,FALSE
"mcc",8,28,73,46,FALSE
"mcc",8,28,74,46,FALSE
"mcc",8,28,75,46,FALSE
"mcc",8,28,76,46,FALSE
"mcc",8,28,77,46,FALSE
"mcc",8,28,78,46,FALSE
"mcc",8,28,79,46,TRUE
"mcc",8,28,80,46,FALSE
"mcc",8,28,81,46,FALSE
"mcc",8,28,82,46,TRUE
"mcc",8,28,83,46,TRUE
"mcc",8,28,84,46,FALSE
"mcc",8,28,85,46,FALSE
"mcc",8,28,86,46,TRUE
"mcc",8,28,87,46,FALSE
"mcc",8,28,88,46,FALSE
"mcc",8,28,89,46,TRUE
"mcc",8,28,90,46,FALSE
"mcc",8,28,91,46,TRUE
"mcc",8,28,92,46,TRUE
"mcc",8,28,93,46,TRUE
"mcc",8,28,95,46,TRUE
"mcc",8,28,96,46,TRUE
"mcc",8,28,97,46,TRUE
"mcc",8,28,98,46,FALSE
"mcc",8,28,99,46,TRUE
"mcc",8,29,51,46,TRUE
"mcc",8,29,52,46,TRUE
"mcc",8,29,53,46,TRUE
"mcc",8,29,54,46,TRUE
"mcc",8,29,55,46,FALSE
"mcc",8,29,56,46,FALSE
"mcc",8,29,57,46,TRUE
"mcc",8,29,58,46,FALSE
"mcc",8,29,59,46,FALSE
"mcc",8,29,60,46,TRUE
"mcc",8,29,61,46,FALSE
"mcc",8,29,62,46,TRUE
"mcc",8,29,64,46,TRUE
"mcc",8,29,65,46,TRUE
"mcc",8,29,66,46,TRUE
"mcc",8,29,67,46,FALSE
"mcc",8,29,68,46,FALSE
"mcc",8,29,69,46,FALSE
"mcc",8,29,70,46,FALSE
"mcc",8,29,71,46,TRUE
"mcc",8,29,72,46,TRUE
"mcc",8,29,73,46,TRUE
"mcc",8,29,74,46,TRUE
"mcc",8,29,75,46,TRUE
"mcc",8,29,76,46,TRUE
"mcc",8,29,78,46,TRUE
"mcc",8,29,79,46,FALSE
"mcc",8,29,80,46,FALSE
"mcc",8,29,81,46,FALSE
"mcc",8,29,82,46,FALSE
"mcc",8,29,83,46,FALSE
"mcc",8,29,84,46,FALSE
"mcc",8,29,85,46,FALSE
"mcc",8,29,86,46,FALSE
"mcc",8,29,87,46,FALSE
"mcc",8,29,88,46,FALSE
"mcc",8,29,89,46,TRUE
"mcc",8,29,90,46,TRUE
"mcc",8,29,91,46,TRUE
"mcc",8,29,92,46,TRUE
"mcc",8,29,93,46,TRUE
"mcc",8,29,95,46,TRUE
"mcc",8,29,96,46,TRUE
"mcc",8,29,97,46,TRUE
"mcc",8,29,98,46,FALSE
"mcc",8,29,99,46,FALSE
"mcc",8,3,51,46,TRUE
"mcc",8,3,53,46,TRUE
"mcc",8,3,54,46,TRUE
"mcc",8,3,55,46,TRUE
"mcc",8,3,56,46,TRUE
"mcc",8,3,57,46,TRUE
"mcc",8,3,58,46,TRUE
"mcc",8,3,59,46,FALSE
"mcc",8,3,60,46,FALSE
"mcc",8,3,61,46,FALSE
"mcc",8,3,62,46,FALSE
"mcc",8,3,63,46,FALSE
"mcc",8,3,64,46,FALSE
"mcc",8,3,65,46,TRUE
"mcc",8,3,66,46,FALSE
"mcc",8,3,67,46,FALSE
"mcc",8,3,68,46,FALSE
"mcc",8,3,70,46,TRUE
"mcc",8,3,71,46,TRUE
"mcc",8,3,72,46,TRUE
"mcc",8,3,73,46,FALSE
"mcc",8,3,74,46,FALSE
"mcc",8,3,75,46,FALSE
"mcc",8,3,76,46,FALSE
"mcc",8,3,77,46,TRUE
"mcc",8,3,78,46,TRUE
"mcc",8,3,79,46,TRUE
"mcc",8,3,80,46,TRUE
"mcc",8,3,81,46,FALSE
"mcc",8,3,82,46,FALSE
"mcc",8,3,83,46,TRUE
"mcc",8,3,84,46,TRUE
"mcc",8,3,85,46,FALSE
"mcc",8,3,86,46,TRUE
"mcc",8,3,87,46,TRUE
"mcc",8,3,88,46,FALSE
"mcc",8,3,89,46,TRUE
"mcc",8,3,90,46,TRUE
"mcc",8,3,92,46,FALSE
"mcc",8,3,93,46,FALSE
"mcc",8,3,94,46,TRUE
"mcc",8,3,95,46,FALSE
"mcc",8,3,96,46,TRUE
"mcc",8,3,97,46,TRUE
"mcc",8,3,98,46,FALSE
"mcc",8,3,99,46,TRUE
"mcc",8,30,51,46,TRUE
"mcc",8,30,52,46,FALSE
"mcc",8,30,53,46,FALSE
"mcc",8,30,54,46,FALSE
"mcc",8,30,55,46,FALSE
"mcc",8,30,56,46,FALSE
"mcc",8,30,57,46,FALSE
"mcc",8,30,58,46,TRUE
"mcc",8,30,60,46,TRUE
"mcc",8,30,61,46,FALSE
"mcc",8,30,62,46,TRUE
"mcc",8,30,63,46,TRUE
"mcc",8,30,64,46,TRUE
"mcc",8,30,65,46,FALSE
"mcc",8,30,66,46,FALSE
"mcc",8,30,67,46,FALSE
"mcc",8,30,68,46,FALSE
"mcc",8,30,69,46,FALSE
"mcc",8,30,70,46,TRUE
"mcc",8,30,71,46,FALSE
"mcc",8,30,72,46,TRUE
"mcc",8,30,73,46,TRUE
"mcc",8,30,74,46,FALSE
"mcc",8,30,75,46,FALSE
"mcc",8,30,76,46,FALSE
"mcc",8,30,77,46,FALSE
"mcc",8,30,78,46,FALSE
"mcc",8,30,79,46,FALSE
"mcc",8,30,80,46,FALSE
"mcc",8,30,82,46,TRUE
"mcc",8,30,83,46,TRUE
"mcc",8,30,84,46,TRUE
"mcc",8,30,85,46,FALSE
"mcc",8,30,86,46,FALSE
"mcc",8,30,87,46,FALSE
"mcc",8,30,88,46,TRUE
"mcc",8,30,89,46,TRUE
"mcc",8,30,90,46,TRUE
"mcc",8,30,91,46,TRUE
"mcc",8,30,92,46,TRUE
"mcc",8,30,93,46,TRUE
"mcc",8,30,94,46,TRUE
"mcc",8,30,96,46,FALSE
"mcc",8,30,97,46,FALSE
"mcc",8,30,98,46,TRUE
"mcc",8,30,99,46,TRUE
"mcc",8,31,51,46,TRUE
"mcc",8,31,53,46,TRUE
"mcc",8,31,54,46,TRUE
"mcc",8,31,55,46,TRUE
"mcc",8,31,56,46,TRUE
"mcc",8,31,57,46,FALSE
"mcc",8,31,58,46,TRUE
"mcc",8,31,59,46,FALSE
"mcc",8,31,60,46,FALSE
"mcc",8,31,61,46,FALSE
"mcc",8,31,62,46,TRUE
"mcc",8,31,63,46,TRUE
"mcc",8,31,64,46,FALSE
"mcc",8,31,65,46,FALSE
"mcc",8,31,66,46,FALSE
"mcc",8,31,67,46,FALSE
"mcc",8,31,68,46,TRUE
"mcc",8,31,69,46,TRUE
"mcc",8,31,70,46,TRUE
"mcc",8,31,71,46,FALSE
"mcc",8,31,72,46,TRUE
"mcc",8,31,73,46,FALSE
"mcc",8,31,74,46,FALSE
"mcc",8,31,76,46,TRUE
"mcc",8,31,77,46,TRUE
"mcc",8,31,78,46,TRUE
"mcc",8,31,79,46,TRUE
"mcc",8,31,80,46,TRUE
"mcc",8,31,81,46,FALSE
"mcc",8,31,82,46,FALSE
"mcc",8,31,83,46,TRUE
"mcc",8,31,84,46,FALSE
"mcc",8,31,85,46,TRUE
"mcc",8,31,86,46,TRUE
"mcc",8,31,87,46,FALSE
"mcc",8,31,88,46,TRUE
"mcc",8,31,89,46,TRUE
"mcc",8,31,90,46,TRUE
"mcc",8,31,91,46,TRUE
"mcc",8,31,92,46,TRUE
"mcc",8,31,93,46,TRUE
"mcc",8,31,94,46,FALSE
"mcc",8,31,95,46,TRUE
"mcc",8,31,97,46,FALSE
"mcc",8,31,98,46,FALSE
"mcc",8,31,99,46,TRUE
"mcc",8,32,51,46,TRUE
"mcc",8,32,53,46,TRUE
"mcc",8,32,54,46,TRUE
"mcc",8,32,55,46,FALSE
"mcc",8,32,56,46,FALSE
"mcc",8,32,57,46,TRUE
"mcc",8,32,58,46,TRUE
"mcc",8,32,59,46,FALSE
"mcc",8,32,60,46,FALSE
"mcc",8,32,61,46,FALSE
"mcc",8,32,62,46,FALSE
"mcc",8,32,63,46,FALSE
"mcc",8,32,64,46,FALSE
"mcc",8,32,65,46,FALSE
"mcc",8,32,66,46,TRUE
"mcc",8,32,67,46,FALSE
"mcc",8,32,68,46,FALSE
"mcc",8,32,69,46,TRUE
"mcc",8,32,70,46,TRUE
"mcc",8,32,71,46,FALSE
"mcc",8,32,72,46,FALSE
"mcc",8,32,73,46,FALSE
"mcc",8,32,74,46,FALSE
"mcc",8,32,75,46,FALSE
"mcc",8,32,77,46,TRUE
"mcc",8,32,78,46,TRUE
"mcc",8,32,79,46,TRUE
"mcc",8,32,80,46,FALSE
"mcc",8,32,81,46,FALSE
"mcc",8,32,82,46,TRUE
"mcc",8,32,83,46,TRUE
"mcc",8,32,84,46,FALSE
"mcc",8,32,86,46,TRUE
"mcc",8,32,87,46,TRUE
"mcc",8,32,88,46,TRUE
"mcc",8,32,89,46,FALSE
"mcc",8,32,90,46,TRUE
"mcc",8,32,91,46,FALSE
"mcc",8,32,92,46,TRUE
"mcc",8,32,93,46,FALSE
"mcc",8,32,94,46,TRUE
"mcc",8,32,95,46,FALSE
"mcc",8,32,96,46,FALSE
"mcc",8,32,97,46,TRUE
"mcc",8,32,98,46,FALSE
"mcc",8,32,99,46,TRUE
"mcc",8,33,51,46,TRUE
"mcc",8,33,53,46,TRUE
"mcc",8,33,54,46,TRUE
"mcc",8,33,55,46,TRUE
"mcc",8,33,56,46,TRUE
"mcc",8,33,57,46,TRUE
"mcc",8,33,58,46,TRUE
"mcc",8,33,59,46,FALSE
"mcc",8,33,60,46,FALSE
"mcc",8,33,61,46,FALSE
"mcc",8,33,62,46,FALSE
"mcc",8,33,63,46,FALSE
"mcc",8,33,64,46,FALSE
"mcc",8,33,65,46,TRUE
"mcc",8,33,66,46,FALSE
"mcc",8,33,67,46,TRUE
"mcc",8,33,68,46,FALSE
"mcc",8,33,69,46,FALSE
"mcc",8,33,70,46,FALSE
"mcc",8,33,72,46,TRUE
"mcc",8,33,73,46,TRUE
"mcc",8,33,74,46,TRUE
"mcc",8,33,75,46,TRUE
"mcc",8,33,76,46,TRUE
"mcc",8,33,77,46,FALSE
"mcc",8,33,78,46,TRUE
"mcc",8,33,79,46,TRUE
"mcc",8,33,80,46,TRUE
"mcc",8,33,81,46,TRUE
"mcc",8,33,82,46,TRUE
"mcc",8,33,83,46,TRUE
"mcc",8,33,84,46,TRUE
"mcc",8,33,85,46,TRUE
"mcc",8,33,86,46,TRUE
"mcc",8,33,88,46,FALSE
"mcc",8,33,89,46,FALSE
"mcc",8,33,90,46,FALSE
"mcc",8,33,91,46,FALSE
"mcc",8,33,92,46,FALSE
"mcc",8,33,93,46,FALSE
"mcc",8,33,94,46,FALSE
"mcc",8,33,95,46,TRUE
"mcc",8,33,96,46,FALSE
"mcc",8,33,97,46,TRUE
"mcc",8,33,98,46,FALSE
"mcc",8,33,99,46,TRUE
"mcc",8,34,51,46,TRUE
"mcc",8,34,53,46,TRUE
"mcc",8,34,54,46,TRUE
"mcc",8,34,55,46,TRUE
"mcc",8,34,56,46,TRUE
"mcc",8,34,57,46,TRUE
"mcc",8,34,58,46,TRUE
"mcc",8,34,59,46,FALSE
"mcc",8,34,60,46,FALSE
"mcc",8,34,61,46,FALSE
"mcc",8,34,62,46,TRUE
"mcc",8,34,63,46,FALSE
"mcc",8,34,64,46,FALSE
"mcc",8,34,65,46,FALSE
"mcc",8,34,66,46,FALSE
"mcc",8,34,68,46,FALSE
"mcc",8,34,69,46,FALSE
"mcc",8,34,70,46,TRUE
"mcc",8,34,71,46,TRUE
"mcc",8,34,72,46,FALSE
"mcc",8,34,73,46,FALSE
"mcc",8,34,74,46,FALSE
"mcc",8,34,75,46,FALSE
"mcc",8,34,76,46,FALSE
"mcc",8,34,77,46,FALSE
"mcc",8,34,78,46,FALSE
"mcc",8,34,79,46,FALSE
"mcc",8,34,80,46,FALSE
"mcc",8,34,81,46,FALSE
"mcc",8,34,82,46,FALSE
"mcc",8,34,83,46,TRUE
"mcc",8,34,84,46,TRUE
"mcc",8,34,85,46,TRUE
"mcc",8,34,86,46,TRUE
"mcc",8,34,87,46,FALSE
"mcc",8,34,88,46,FALSE
"mcc",8,34,89,46,FALSE
"mcc",8,34,90,46,FALSE
"mcc",8,34,91,46,TRUE
"mcc",8,34,92,46,FALSE
"mcc",8,34,93,46,TRUE
"mcc",8,34,94,46,TRUE
"mcc",8,34,95,46,TRUE
"mcc",8,34,96,46,TRUE
"mcc",8,34,97,46,FALSE
"mcc",8,34,98,46,TRUE
"mcc",8,35,51,46,TRUE
"mcc",8,35,52,46,FALSE
"mcc",8,35,53,46,TRUE
"mcc",8,35,54,46,FALSE
"mcc",8,35,55,46,FALSE
"mcc",8,35,56,46,FALSE
"mcc",8,35,57,46,FALSE
"mcc",8,35,58,46,TRUE
"mcc",8,35,59,46,TRUE
"mcc",8,35,60,46,FALSE
"mcc",8,35,61,46,FALSE
"mcc",8,35,62,46,FALSE
"mcc",8,35,63,46,FALSE
"mcc",8,35,64,46,FALSE
"mcc",8,35,65,46,FALSE
"mcc",8,35,66,46,FALSE
"mcc",8,35,67,46,TRUE
"mcc",8,35,68,46,TRUE
"mcc",8,35,69,46,TRUE
"mcc",8,35,70,46,TRUE
"mcc",8,35,71,46,FALSE
"mcc",8,35,72,46,TRUE
"mcc",8,35,73,46,FALSE
"mcc",8,35,75,46,TRUE
"mcc",8,35,76,46,TRUE
"mcc",8,35,77,46,TRUE
"mcc",8,35,78,46,TRUE
"mcc",8,35,79,46,TRUE
"mcc",8,35,81,46,TRUE
"mcc",8,35,82,46,TRUE
"mcc",8,35,83,46,TRUE
"mcc",8,35,84,46,FALSE
"mcc",8,35,85,46,TRUE
"mcc",8,35,86,46,TRUE
"mcc",8,35,87,46,FALSE
"mcc",8,35,88,46,FALSE
"mcc",8,35,89,46,FALSE
"mcc",8,35,90,46,TRUE
"mcc",8,35,91,46,TRUE
"mcc",8,35,92,46,FALSE
"mcc",8,35,94,46,TRUE
"mcc",8,35,95,46,FALSE
"mcc",8,35,96,46,FALSE
"mcc",8,35,97,46,TRUE
"mcc",8,35,98,46,TRUE
"mcc",8,35,99,46,TRUE
"mcc",8,36,51,46,TRUE
"mcc",8,36,52,46,FALSE
"mcc",8,36,53,46,FALSE
"mcc",8,36,54,46,FALSE
"mcc",8,36,55,46,FALSE
"mcc",8,36,56,46,FALSE
"mcc",8,36,57,46,FALSE
"mcc",8,36,58,46,FALSE
"mcc",8,36,59,46,TRUE
"mcc",8,36,60,46,FALSE
"mcc",8,36,62,46,TRUE
"mcc",8,36,63,46,FALSE
"mcc",8,36,64,46,TRUE
"mcc",8,36,65,46,FALSE
"mcc",8,36,66,46,TRUE
"mcc",8,36,67,46,FALSE
"mcc",8,36,68,46,TRUE
"mcc",8,36,69,46,FALSE
"mcc",8,36,70,46,TRUE
"mcc",8,36,71,46,TRUE
"mcc",8,36,72,46,TRUE
"mcc",8,36,73,46,FALSE
"mcc",8,36,74,46,TRUE
"mcc",8,36,75,46,FALSE
"mcc",8,36,76,46,TRUE
"mcc",8,36,77,46,FALSE
"mcc",8,36,79,46,TRUE
"mcc",8,36,80,46,FALSE
"mcc",8,36,81,46,FALSE
"mcc",8,36,82,46,TRUE
"mcc",8,36,83,46,FALSE
"mcc",8,36,84,46,FALSE
"mcc",8,36,85,46,FALSE
"mcc",8,36,86,46,FALSE
"mcc",8,36,87,46,TRUE
"mcc",8,36,88,46,FALSE
"mcc",8,36,89,46,FALSE
"mcc",8,36,90,46,TRUE
"mcc",8,36,91,46,FALSE
"mcc",8,36,92,46,FALSE
"mcc",8,36,94,46,TRUE
"mcc",8,36,95,46,TRUE
"mcc",8,36,96,46,TRUE
"mcc",8,36,97,46,TRUE
"mcc",8,36,98,46,FALSE
"mcc",8,36,99,46,FALSE
"mcc",8,37,51,46,TRUE
"mcc",8,37,52,46,TRUE
"mcc",8,37,53,46,TRUE
"mcc",8,37,54,46,TRUE
"mcc",8,37,55,46,FALSE
"mcc",8,37,56,46,FALSE
"mcc",8,37,57,46,FALSE
"mcc",8,37,59,46,TRUE
"mcc",8,37,60,46,TRUE
"mcc",8,37,61,46,TRUE
"mcc",8,37,62,46,FALSE
"mcc",8,37,63,46,FALSE
"mcc",8,37,64,46,FALSE
"mcc",8,37,65,46,TRUE
"mcc",8,37,66,46,FALSE
"mcc",8,37,67,46,FALSE
"mcc",8,37,68,46,FALSE
"mcc",8,37,69,46,FALSE
"mcc",8,37,70,46,FALSE
"mcc",8,37,71,46,FALSE
"mcc",8,37,72,46,FALSE
"mcc",8,37,73,46,FALSE
"mcc",8,37,74,46,TRUE
"mcc",8,37,75,46,TRUE
"mcc",8,37,76,46,FALSE
"mcc",8,37,77,46,TRUE
"mcc",8,37,78,46,TRUE
"mcc",8,37,79,46,FALSE
"mcc",8,37,80,46,TRUE
"mcc",8,37,81,46,TRUE
"mcc",8,37,82,46,TRUE
"mcc",8,37,83,46,TRUE
"mcc",8,37,84,46,TRUE
"mcc",8,37,85,46,TRUE
"mcc",8,37,86,46,TRUE
"mcc",8,37,88,46,FALSE
"mcc",8,37,89,46,FALSE
"mcc",8,37,90,46,FALSE
"mcc",8,37,91,46,TRUE
"mcc",8,37,92,46,FALSE
"mcc",8,37,93,46,TRUE
"mcc",8,37,95,46,TRUE
"mcc",8,37,96,46,TRUE
"mcc",8,37,97,46,TRUE
"mcc",8,37,98,46,TRUE
"mcc",8,37,99,46,FALSE
"mcc",8,38,51,46,TRUE
"mcc",8,38,52,46,TRUE
"mcc",8,38,53,46,FALSE
"mcc",8,38,54,46,FALSE
"mcc",8,38,55,46,FALSE
"mcc",8,38,56,46,FALSE
"mcc",8,38,57,46,TRUE
"mcc",8,38,58,46,FALSE
"mcc",8,38,59,46,FALSE
"mcc",8,38,60,46,FALSE
"mcc",8,38,61,46,FALSE
"mcc",8,38,62,46,FALSE
"mcc",8,38,63,46,TRUE
"mcc",8,38,64,46,TRUE
"mcc",8,38,65,46,TRUE
"mcc",8,38,66,46,TRUE
"mcc",8,38,67,46,TRUE
"mcc",8,38,68,46,TRUE
"mcc",8,38,69,46,TRUE
"mcc",8,38,70,46,TRUE
"mcc",8,38,72,46,TRUE
"mcc",8,38,73,46,FALSE
"mcc",8,38,74,46,FALSE
"mcc",8,38,75,46,TRUE
"mcc",8,38,76,46,TRUE
"mcc",8,38,78,46,TRUE
"mcc",8,38,79,46,FALSE
"mcc",8,38,80,46,FALSE
"mcc",8,38,81,46,TRUE
"mcc",8,38,82,46,FALSE
"mcc",8,38,83,46,TRUE
"mcc",8,38,84,46,FALSE
"mcc",8,38,85,46,TRUE
"mcc",8,38,86,46,FALSE
"mcc",8,38,87,46,FALSE
"mcc",8,38,88,46,FALSE
"mcc",8,38,89,46,FALSE
"mcc",8,38,90,46,TRUE
"mcc",8,38,91,46,TRUE
"mcc",8,38,92,46,TRUE
"mcc",8,38,93,46,TRUE
"mcc",8,38,95,46,TRUE
"mcc",8,38,96,46,TRUE
"mcc",8,38,97,46,TRUE
"mcc",8,38,98,46,TRUE
"mcc",8,38,99,46,TRUE
"mcc",8,39,51,46,TRUE
"mcc",8,39,52,46,FALSE
"mcc",8,39,53,46,FALSE
"mcc",8,39,54,46,TRUE
"mcc",8,39,55,46,FALSE
"mcc",8,39,56,46,FALSE
"mcc",8,39,57,46,FALSE
"mcc",8,39,58,46,TRUE
"mcc",8,39,59,46,TRUE
"mcc",8,39,60,46,TRUE
"mcc",8,39,61,46,TRUE
"mcc",8,39,62,46,FALSE
"mcc",8,39,63,46,TRUE
"mcc",8,39,64,46,FALSE
"mcc",8,39,65,46,FALSE
"mcc",8,39,66,46,FALSE
"mcc",8,39,67,46,FALSE
"mcc",8,39,68,46,FALSE
"mcc",8,39,69,46,TRUE
"mcc",8,39,70,46,TRUE
"mcc",8,39,71,46,FALSE
"mcc",8,39,72,46,FALSE
"mcc",8,39,73,46,TRUE
"mcc",8,39,74,46,TRUE
"mcc",8,39,75,46,TRUE
"mcc",8,39,76,46,TRUE
"mcc",8,39,77,46,TRUE
"mcc",8,39,78,46,FALSE
"mcc",8,39,79,46,TRUE
"mcc",8,39,82,46,TRUE
"mcc",8,39,83,46,FALSE
"mcc",8,39,84,46,TRUE
"mcc",8,39,85,46,TRUE
"mcc",8,39,86,46,FALSE
"mcc",8,39,87,46,TRUE
"mcc",8,39,88,46,FALSE
"mcc",8,39,89,46,FALSE
"mcc",8,39,90,46,FALSE
"mcc",8,39,91,46,FALSE
"mcc",8,39,92,46,FALSE
"mcc",8,39,93,46,FALSE
"mcc",8,39,95,46,TRUE
"mcc",8,39,96,46,TRUE
"mcc",8,39,97,46,TRUE
"mcc",8,39,98,46,TRUE
"mcc",8,39,99,46,TRUE
"mcc",8,4,51,46,TRUE
"mcc",8,4,53,46,TRUE
"mcc",8,4,54,46,TRUE
"mcc",8,4,55,46,TRUE
"mcc",8,4,56,46,TRUE
"mcc",8,4,57,46,TRUE
"mcc",8,4,58,46,TRUE
"mcc",8,4,59,46,FALSE
"mcc",8,4,60,46,TRUE
"mcc",8,4,61,46,FALSE
"mcc",8,4,62,46,FALSE
"mcc",8,4,63,46,FALSE
"mcc",8,4,64,46,FALSE
"mcc",8,4,65,46,FALSE
"mcc",8,4,66,46,FALSE
"mcc",8,4,67,46,TRUE
"mcc",8,4,68,46,FALSE
"mcc",8,4,69,46,FALSE
"mcc",8,4,70,46,FALSE
"mcc",8,4,71,46,TRUE
"mcc",8,4,72,46,TRUE
"mcc",8,4,73,46,FALSE
"mcc",8,4,74,46,TRUE
"mcc",8,4,75,46,TRUE
"mcc",8,4,76,46,TRUE
"mcc",8,4,78,46,TRUE
"mcc",8,4,79,46,TRUE
"mcc",8,4,80,46,TRUE
"mcc",8,4,81,46,FALSE
"mcc",8,4,82,46,FALSE
"mcc",8,4,83,46,FALSE
"mcc",8,4,84,46,FALSE
"mcc",8,4,85,46,TRUE
"mcc",8,4,86,46,TRUE
"mcc",8,4,87,46,TRUE
"mcc",8,4,88,46,FALSE
"mcc",8,4,89,46,FALSE
"mcc",8,4,90,46,TRUE
"mcc",8,4,91,46,TRUE
"mcc",8,4,93,46,TRUE
"mcc",8,4,94,46,TRUE
"mcc",8,4,95,46,TRUE
"mcc",8,4,96,46,FALSE
"mcc",8,4,97,46,TRUE
"mcc",8,4,98,46,TRUE
"mcc",8,4,99,46,TRUE
"mcc",8,40,51,46,TRUE
"mcc",8,40,52,46,TRUE
"mcc",8,40,53,46,TRUE
"mcc",8,40,54,46,TRUE
"mcc",8,40,55,46,TRUE
"mcc",8,40,56,46,FALSE
"mcc",8,40,57,46,FALSE
"mcc",8,40,58,46,FALSE
"mcc",8,40,59,46,FALSE
"mcc",8,40,60,46,FALSE
"mcc",8,40,61,46,FALSE
"mcc",8,40,62,46,FALSE
"mcc",8,40,63,46,FALSE
"mcc",8,40,64,46,FALSE
"mcc",8,40,65,46,TRUE
"mcc",8,40,66,46,TRUE
"mcc",8,40,67,46,TRUE
"mcc",8,40,68,46,FALSE
"mcc",8,40,70,46,TRUE
"mcc",8,40,71,46,TRUE
"mcc",8,40,72,46,TRUE
"mcc",8,40,73,46,FALSE
"mcc",8,40,74,46,TRUE
"mcc",8,40,75,46,FALSE
"mcc",8,40,76,46,TRUE
"mcc",8,40,77,46,TRUE
"mcc",8,40,78,46,TRUE
"mcc",8,40,79,46,FALSE
"mcc",8,40,80,46,TRUE
"mcc",8,40,81,46,FALSE
"mcc",8,40,82,46,FALSE
"mcc",8,40,84,46,TRUE
"mcc",8,40,85,46,TRUE
"mcc",8,40,86,46,TRUE
"mcc",8,40,87,46,TRUE
"mcc",8,40,88,46,TRUE
"mcc",8,40,89,46,TRUE
"mcc",8,40,90,46,FALSE
"mcc",8,40,91,46,TRUE
"mcc",8,40,92,46,FALSE
"mcc",8,40,93,46,TRUE
"mcc",8,40,95,46,TRUE
"mcc",8,40,96,46,TRUE
"mcc",8,40,97,46,TRUE
"mcc",8,40,98,46,TRUE
"mcc",8,40,99,46,TRUE
"mcc",8,41,51,46,TRUE
"mcc",8,41,52,46,TRUE
"mcc",8,41,53,46,TRUE
"mcc",8,41,54,46,TRUE
"mcc",8,41,55,46,FALSE
"mcc",8,41,56,46,FALSE
"mcc",8,41,57,46,FALSE
"mcc",8,41,58,46,TRUE
"mcc",8,41,59,46,FALSE
"mcc",8,41,60,46,FALSE
"mcc",8,41,61,46,TRUE
"mcc",8,41,62,46,FALSE
"mcc",8,41,63,46,FALSE
"mcc",8,41,64,46,TRUE
"mcc",8,41,65,46,FALSE
"mcc",8,41,66,46,FALSE
"mcc",8,41,67,46,FALSE
"mcc",8,41,68,46,TRUE
"mcc",8,41,69,46,FALSE
"mcc",8,41,70,46,TRUE
"mcc",8,41,71,46,FALSE
"mcc",8,41,72,46,FALSE
"mcc",8,41,73,46,FALSE
"mcc",8,41,74,46,FALSE
"mcc",8,41,75,46,FALSE
"mcc",8,41,76,46,TRUE
"mcc",8,41,77,46,FALSE
"mcc",8,41,78,46,TRUE
"mcc",8,41,79,46,FALSE
"mcc",8,41,80,46,FALSE
"mcc",8,41,81,46,TRUE
"mcc",8,41,82,46,FALSE
"mcc",8,41,83,46,TRUE
"mcc",8,41,84,46,FALSE
"mcc",8,41,86,46,TRUE
"mcc",8,41,87,46,TRUE
"mcc",8,41,88,46,TRUE
"mcc",8,41,89,46,TRUE
"mcc",8,41,91,46,TRUE
"mcc",8,41,92,46,TRUE
"mcc",8,41,93,46,TRUE
"mcc",8,41,95,46,TRUE
"mcc",8,41,96,46,FALSE
"mcc",8,41,97,46,FALSE
"mcc",8,41,98,46,TRUE
"mcc",8,41,99,46,TRUE
"mcc",8,42,51,46,TRUE
"mcc",8,42,52,46,TRUE
"mcc",8,42,53,46,FALSE
"mcc",8,42,54,46,TRUE
"mcc",8,42,55,46,FALSE
"mcc",8,42,56,46,FALSE
"mcc",8,42,57,46,FALSE
"mcc",8,42,58,46,FALSE
"mcc",8,42,60,46,TRUE
"mcc",8,42,61,46,TRUE
"mcc",8,42,62,46,FALSE
"mcc",8,42,63,46,TRUE
"mcc",8,42,64,46,FALSE
"mcc",8,42,65,46,FALSE
"mcc",8,42,66,46,FALSE
"mcc",8,42,67,46,TRUE
"mcc",8,42,68,46,FALSE
"mcc",8,42,69,46,FALSE
"mcc",8,42,70,46,TRUE
"mcc",8,42,71,46,FALSE
"mcc",8,42,72,46,FALSE
"mcc",8,42,73,46,FALSE
"mcc",8,42,74,46,TRUE
"mcc",8,42,75,46,FALSE
"mcc",8,42,76,46,TRUE
"mcc",8,42,77,46,TRUE
"mcc",8,42,78,46,FALSE
"mcc",8,42,79,46,TRUE
"mcc",8,42,80,46,FALSE
"mcc",8,42,81,46,TRUE
"mcc",8,42,82,46,TRUE
"mcc",8,42,83,46,TRUE
"mcc",8,42,85,46,TRUE
"mcc",8,42,86,46,TRUE
"mcc",8,42,87,46,TRUE
"mcc",8,42,88,46,TRUE
"mcc",8,42,89,46,TRUE
"mcc",8,42,90,46,FALSE
"mcc",8,42,91,46,TRUE
"mcc",8,42,92,46,FALSE
"mcc",8,42,93,46,TRUE
"mcc",8,42,95,46,TRUE
"mcc",8,42,96,46,FALSE
"mcc",8,42,97,46,FALSE
"mcc",8,42,98,46,TRUE
"mcc",8,42,99,46,TRUE
"mcc",8,43,51,46,TRUE
"mcc",8,43,52,46,FALSE
"mcc",8,43,53,46,TRUE
"mcc",8,43,55,46,TRUE
"mcc",8,43,56,46,TRUE
"mcc",8,43,57,46,TRUE
"mcc",8,43,58,46,TRUE
"mcc",8,43,59,46,FALSE
"mcc",8,43,60,46,FALSE
"mcc",8,43,61,46,FALSE
"mcc",8,43,62,46,FALSE
"mcc",8,43,63,46,FALSE
"mcc",8,43,64,46,FALSE
"mcc",8,43,65,46,FALSE
"mcc",8,43,66,46,FALSE
"mcc",8,43,67,46,TRUE
"mcc",8,43,68,46,FALSE
"mcc",8,43,69,46,TRUE
"mcc",8,43,70,46,TRUE
"mcc",8,43,71,46,FALSE
"mcc",8,43,72,46,FALSE
"mcc",8,43,73,46,FALSE
"mcc",8,43,74,46,FALSE
"mcc",8,43,75,46,FALSE
"mcc",8,43,76,46,FALSE
"mcc",8,43,77,46,FALSE
"mcc",8,43,78,46,FALSE
"mcc",8,43,79,46,FALSE
"mcc",8,43,80,46,FALSE
"mcc",8,43,82,46,TRUE
"mcc",8,43,83,46,TRUE
"mcc",8,43,84,46,TRUE
"mcc",8,43,85,46,TRUE
"mcc",8,43,86,46,TRUE
"mcc",8,43,87,46,TRUE
"mcc",8,43,88,46,TRUE
"mcc",8,43,89,46,TRUE
"mcc",8,43,90,46,TRUE
"mcc",8,43,91,46,TRUE
"mcc",8,43,92,46,TRUE
"mcc",8,43,94,46,TRUE
"mcc",8,43,95,46,FALSE
"mcc",8,43,96,46,FALSE
"mcc",8,43,97,46,FALSE
"mcc",8,43,98,46,TRUE
"mcc",8,43,99,46,TRUE
"mcc",8,44,51,46,TRUE
"mcc",8,44,52,46,TRUE
"mcc",8,44,53,46,TRUE
"mcc",8,44,54,46,FALSE
"mcc",8,44,55,46,FALSE
"mcc",8,44,56,46,FALSE
"mcc",8,44,57,46,FALSE
"mcc",8,44,58,46,FALSE
"mcc",8,44,59,46,FALSE
"mcc",8,44,60,46,FALSE
"mcc",8,44,61,46,FALSE
"mcc",8,44,62,46,FALSE
"mcc",8,44,63,46,TRUE
"mcc",8,44,64,46,FALSE
"mcc",8,44,65,46,FALSE
"mcc",8,44,66,46,FALSE
"mcc",8,44,67,46,FALSE
"mcc",8,44,68,46,FALSE
"mcc",8,44,69,46,TRUE
"mcc",8,44,70,46,TRUE
"mcc",8,44,71,46,FALSE
"mcc",8,44,73,46,TRUE
"mcc",8,44,74,46,TRUE
"mcc",8,44,75,46,TRUE
"mcc",8,44,76,46,TRUE
"mcc",8,44,77,46,TRUE
"mcc",8,44,78,46,FALSE
"mcc",8,44,79,46,FALSE
"mcc",8,44,80,46,FALSE
"mcc",8,44,81,46,TRUE
"mcc",8,44,82,46,TRUE
"mcc",8,44,83,46,TRUE
"mcc",8,44,84,46,TRUE
"mcc",8,44,85,46,TRUE
"mcc",8,44,86,46,FALSE
"mcc",8,44,87,46,TRUE
"mcc",8,44,89,46,FALSE
"mcc",8,44,90,46,FALSE
"mcc",8,44,91,46,TRUE
"mcc",8,44,92,46,FALSE
"mcc",8,44,93,46,TRUE
"mcc",8,44,95,46,TRUE
"mcc",8,44,96,46,TRUE
"mcc",8,44,97,46,FALSE
"mcc",8,44,98,46,TRUE
"mcc",8,44,99,46,TRUE
"mcc",8,45,51,46,TRUE
"mcc",8,45,52,46,FALSE
"mcc",8,45,53,46,FALSE
"mcc",8,45,54,46,FALSE
"mcc",8,45,55,46,FALSE
"mcc",8,45,56,46,FALSE
"mcc",8,45,57,46,TRUE
"mcc",8,45,58,46,TRUE
"mcc",8,45,59,46,FALSE
"mcc",8,45,60,46,FALSE
"mcc",8,45,61,46,TRUE
"mcc",8,45,62,46,TRUE
"mcc",8,45,63,46,TRUE
"mcc",8,45,64,46,FALSE
"mcc",8,45,65,46,FALSE
"mcc",8,45,66,46,FALSE
"mcc",8,45,67,46,FALSE
"mcc",8,45,68,46,FALSE
"mcc",8,45,69,46,FALSE
"mcc",8,45,71,46,TRUE
"mcc",8,45,72,46,TRUE
"mcc",8,45,73,46,TRUE
"mcc",8,45,74,46,TRUE
"mcc",8,45,75,46,FALSE
"mcc",8,45,76,46,FALSE
"mcc",8,45,77,46,TRUE
"mcc",8,45,78,46,FALSE
"mcc",8,45,80,46,TRUE
"mcc",8,45,81,46,TRUE
"mcc",8,45,82,46,TRUE
"mcc",8,45,83,46,FALSE
"mcc",8,45,84,46,TRUE
"mcc",8,45,85,46,FALSE
"mcc",8,45,86,46,TRUE
"mcc",8,45,87,46,TRUE
"mcc",8,45,88,46,FALSE
"mcc",8,45,89,46,TRUE
"mcc",8,45,90,46,FALSE
"mcc",8,45,91,46,TRUE
"mcc",8,45,92,46,FALSE
"mcc",8,45,93,46,TRUE
"mcc",8,45,95,46,TRUE
"mcc",8,45,96,46,TRUE
"mcc",8,45,97,46,TRUE
"mcc",8,45,98,46,TRUE
"mcc",8,45,99,46,FALSE
"mcc",8,46,51,46,TRUE
"mcc",8,46,52,46,FALSE
"mcc",8,46,54,46,TRUE
"mcc",8,46,55,46,TRUE
"mcc",8,46,56,46,TRUE
"mcc",8,46,57,46,FALSE
"mcc",8,46,58,46,FALSE
"mcc",8,46,59,46,FALSE
"mcc",8,46,60,46,TRUE
"mcc",8,46,61,46,FALSE
"mcc",8,46,62,46,FALSE
"mcc",8,46,63,46,FALSE
"mcc",8,46,64,46,FALSE
"mcc",8,46,65,46,FALSE
"mcc",8,46,66,46,FALSE
"mcc",8,46,67,46,FALSE
"mcc",8,46,68,46,FALSE
"mcc",8,46,69,46,FALSE
"mcc",8,46,70,46,TRUE
"mcc",8,46,71,46,TRUE
"mcc",8,46,72,46,TRUE
"mcc",8,46,73,46,TRUE
"mcc",8,46,74,46,TRUE
"mcc",8,46,75,46,TRUE
"mcc",8,46,76,46,TRUE
"mcc",8,46,77,46,TRUE
"mcc",8,46,78,46,TRUE
"mcc",8,46,79,46,TRUE
"mcc",8,46,80,46,FALSE
"mcc",8,46,81,46,TRUE
"mcc",8,46,83,46,FALSE
"mcc",8,46,84,46,FALSE
"mcc",8,46,85,46,FALSE
"mcc",8,46,86,46,FALSE
"mcc",8,46,87,46,TRUE
"mcc",8,46,88,46,FALSE
"mcc",8,46,89,46,FALSE
"mcc",8,46,91,46,TRUE
"mcc",8,46,92,46,TRUE
"mcc",8,46,93,46,TRUE
"mcc",8,46,94,46,TRUE
"mcc",8,46,95,46,TRUE
"mcc",8,46,96,46,FALSE
"mcc",8,46,97,46,TRUE
"mcc",8,46,98,46,FALSE
"mcc",8,46,99,46,FALSE
"mcc",8,47,51,46,TRUE
"mcc",8,47,52,46,FALSE
"mcc",8,47,53,46,FALSE
"mcc",8,47,54,46,FALSE
"mcc",8,47,55,46,FALSE
"mcc",8,47,56,46,FALSE
"mcc",8,47,57,46,FALSE
"mcc",8,47,58,46,TRUE
"mcc",8,47,60,46,TRUE
"mcc",8,47,61,46,TRUE
"mcc",8,47,62,46,TRUE
"mcc",8,47,63,46,FALSE
"mcc",8,47,64,46,TRUE
"mcc",8,47,65,46,FALSE
"mcc",8,47,66,46,FALSE
"mcc",8,47,67,46,FALSE
"mcc",8,47,68,46,FALSE
"mcc",8,47,69,46,FALSE
"mcc",8,47,70,46,FALSE
"mcc",8,47,71,46,FALSE
"mcc",8,47,72,46,TRUE
"mcc",8,47,73,46,FALSE
"mcc",8,47,74,46,FALSE
"mcc",8,47,75,46,TRUE
"mcc",8,47,76,46,FALSE
"mcc",8,47,77,46,FALSE
"mcc",8,47,78,46,FALSE
"mcc",8,47,79,46,TRUE
"mcc",8,47,80,46,FALSE
"mcc",8,47,81,46,TRUE
"mcc",8,47,82,46,FALSE
"mcc",8,47,83,46,FALSE
"mcc",8,47,84,46,FALSE
"mcc",8,47,85,46,FALSE
"mcc",8,47,87,46,TRUE
"mcc",8,47,88,46,TRUE
"mcc",8,47,89,46,TRUE
"mcc",8,47,91,46,TRUE
"mcc",8,47,92,46,TRUE
"mcc",8,47,93,46,TRUE
"mcc",8,47,94,46,TRUE
"mcc",8,47,95,46,FALSE
"mcc",8,47,96,46,FALSE
"mcc",8,47,97,46,FALSE
"mcc",8,47,98,46,TRUE
"mcc",8,47,99,46,TRUE
"mcc",8,48,51,46,TRUE
"mcc",8,48,53,46,TRUE
"mcc",8,48,54,46,FALSE
"mcc",8,48,55,46,FALSE
"mcc",8,48,56,46,TRUE
"mcc",8,48,57,46,TRUE
"mcc",8,48,58,46,TRUE
"mcc",8,48,59,46,TRUE
"mcc",8,48,60,46,TRUE
"mcc",8,48,61,46,FALSE
"mcc",8,48,62,46,FALSE
"mcc",8,48,63,46,FALSE
"mcc",8,48,64,46,FALSE
"mcc",8,48,65,46,TRUE
"mcc",8,48,66,46,FALSE
"mcc",8,48,67,46,TRUE
"mcc",8,48,68,46,TRUE
"mcc",8,48,69,46,TRUE
"mcc",8,48,70,46,TRUE
"mcc",8,48,71,46,TRUE
"mcc",8,48,72,46,TRUE
"mcc",8,48,73,46,TRUE
"mcc",8,48,75,46,TRUE
"mcc",8,48,76,46,FALSE
"mcc",8,48,77,46,FALSE
"mcc",8,48,78,46,TRUE
"mcc",8,48,79,46,TRUE
"mcc",8,48,80,46,FALSE
"mcc",8,48,81,46,FALSE
"mcc",8,48,82,46,FALSE
"mcc",8,48,83,46,FALSE
"mcc",8,48,84,46,FALSE
"mcc",8,48,85,46,FALSE
"mcc",8,48,86,46,TRUE
"mcc",8,48,87,46,FALSE
"mcc",8,48,88,46,FALSE
"mcc",8,48,90,46,TRUE
"mcc",8,48,91,46,TRUE
"mcc",8,48,92,46,TRUE
"mcc",8,48,93,46,FALSE
"mcc",8,48,94,46,FALSE
"mcc",8,48,95,46,FALSE
"mcc",8,48,96,46,FALSE
"mcc",8,48,97,46,FALSE
"mcc",8,48,98,46,FALSE
"mcc",8,48,99,46,FALSE
"mcc",8,49,51,46,TRUE
"mcc",8,49,53,46,TRUE
"mcc",8,49,54,46,FALSE
"mcc",8,49,55,46,TRUE
"mcc",8,49,56,46,FALSE
"mcc",8,49,57,46,TRUE
"mcc",8,49,58,46,TRUE
"mcc",8,49,59,46,FALSE
"mcc",8,49,60,46,FALSE
"mcc",8,49,61,46,FALSE
"mcc",8,49,62,46,TRUE
"mcc",8,49,63,46,FALSE
"mcc",8,49,64,46,FALSE
"mcc",8,49,65,46,FALSE
"mcc",8,49,66,46,TRUE
"mcc",8,49,67,46,FALSE
"mcc",8,49,68,46,TRUE
"mcc",8,49,69,46,FALSE
"mcc",8,49,70,46,FALSE
"mcc",8,49,71,46,FALSE
"mcc",8,49,72,46,FALSE
"mcc",8,49,73,46,FALSE
"mcc",8,49,74,46,FALSE
"mcc",8,49,75,46,TRUE
"mcc",8,49,76,46,TRUE
"mcc",8,49,77,46,FALSE
"mcc",8,49,78,46,TRUE
"mcc",8,49,79,46,FALSE
"mcc",8,49,80,46,FALSE
"mcc",8,49,81,46,TRUE
"mcc",8,49,82,46,TRUE
"mcc",8,49,83,46,TRUE
"mcc",8,49,84,46,TRUE
"mcc",8,49,85,46,TRUE
"mcc",8,49,86,46,TRUE
"mcc",8,49,87,46,TRUE
"mcc",8,49,89,46,FALSE
"mcc",8,49,90,46,FALSE
"mcc",8,49,91,46,FALSE
"mcc",8,49,92,46,FALSE
"mcc",8,49,93,46,FALSE
"mcc",8,49,94,46,FALSE
"mcc",8,49,96,46,TRUE
"mcc",8,49,97,46,TRUE
"mcc",8,49,98,46,TRUE
"mcc",8,49,99,46,FALSE
"mcc",8,5,51,46,TRUE
"mcc",8,5,52,46,TRUE
"mcc",8,5,53,46,FALSE
"mcc",8,5,54,46,FALSE
"mcc",8,5,55,46,FALSE
"mcc",8,5,56,46,FALSE
"mcc",8,5,57,46,FALSE
"mcc",8,5,58,46,TRUE
"mcc",8,5,59,46,TRUE
"mcc",8,5,60,46,TRUE
"mcc",8,5,61,46,TRUE
"mcc",8,5,62,46,TRUE
"mcc",8,5,63,46,TRUE
"mcc",8,5,64,46,TRUE
"mcc",8,5,65,46,TRUE
"mcc",8,5,67,46,TRUE
"mcc",8,5,68,46,TRUE
"mcc",8,5,69,46,FALSE
"mcc",8,5,70,46,TRUE
"mcc",8,5,71,46,FALSE
"mcc",8,5,73,46,TRUE
"mcc",8,5,74,46,FALSE
"mcc",8,5,75,46,TRUE
"mcc",8,5,76,46,FALSE
"mcc",8,5,77,46,FALSE
"mcc",8,5,78,46,FALSE
"mcc",8,5,79,46,FALSE
"mcc",8,5,80,46,TRUE
"mcc",8,5,81,46,FALSE
"mcc",8,5,82,46,TRUE
"mcc",8,5,83,46,FALSE
"mcc",8,5,84,46,TRUE
"mcc",8,5,85,46,FALSE
"mcc",8,5,86,46,FALSE
"mcc",8,5,87,46,TRUE
"mcc",8,5,88,46,FALSE
"mcc",8,5,89,46,FALSE
"mcc",8,5,90,46,FALSE
"mcc",8,5,91,46,FALSE
"mcc",8,5,92,46,FALSE
"mcc",8,5,93,46,TRUE
"mcc",8,5,95,46,TRUE
"mcc",8,5,96,46,TRUE
"mcc",8,5,97,46,TRUE
"mcc",8,5,98,46,TRUE
"mcc",8,5,99,46,TRUE
"mcc",8,50,51,46,TRUE
"mcc",8,50,53,46,TRUE
"mcc",8,50,54,46,FALSE
"mcc",8,50,55,46,TRUE
"mcc",8,50,56,46,TRUE
"mcc",8,50,57,46,TRUE
"mcc",8,50,58,46,TRUE
"mcc",8,50,59,46,FALSE
"mcc",8,50,60,46,FALSE
"mcc",8,50,61,46,FALSE
"mcc",8,50,62,46,TRUE
"mcc",8,50,63,46,TRUE
"mcc",8,50,64,46,FALSE
"mcc",8,50,65,46,FALSE
"mcc",8,50,66,46,FALSE
"mcc",8,50,67,46,FALSE
"mcc",8,50,68,46,TRUE
"mcc",8,50,69,46,FALSE
"mcc",8,50,70,46,TRUE
"mcc",8,50,71,46,FALSE
"mcc",8,50,72,46,TRUE
"mcc",8,50,73,46,FALSE
"mcc",8,50,74,46,TRUE
"mcc",8,50,75,46,TRUE
"mcc",8,50,76,46,TRUE
"mcc",8,50,77,46,FALSE
"mcc",8,50,78,46,FALSE
"mcc",8,50,80,46,FALSE
"mcc",8,50,81,46,FALSE
"mcc",8,50,82,46,FALSE
"mcc",8,50,83,46,TRUE
"mcc",8,50,84,46,FALSE
"mcc",8,50,85,46,FALSE
"mcc",8,50,86,46,FALSE
"mcc",8,50,87,46,TRUE
"mcc",8,50,88,46,FALSE
"mcc",8,50,89,46,TRUE
"mcc",8,50,90,46,FALSE
"mcc",8,50,91,46,TRUE
"mcc",8,50,92,46,FALSE
"mcc",8,50,93,46,TRUE
"mcc",8,50,94,46,FALSE
"mcc",8,50,95,46,FALSE
"mcc",8,50,97,46,TRUE
"mcc",8,50,98,46,FALSE
"mcc",8,50,99,46,TRUE
"mcc",8,6,51,46,TRUE
"mcc",8,6,52,46,FALSE
"mcc",8,6,53,46,TRUE
"mcc",8,6,55,46,TRUE
"mcc",8,6,56,46,FALSE
"mcc",8,6,57,46,FALSE
"mcc",8,6,58,46,FALSE
"mcc",8,6,59,46,TRUE
"mcc",8,6,60,46,FALSE
"mcc",8,6,61,46,FALSE
"mcc",8,6,62,46,FALSE
"mcc",8,6,63,46,FALSE
"mcc",8,6,64,46,FALSE
"mcc",8,6,65,46,FALSE
"mcc",8,6,66,46,FALSE
"mcc",8,6,67,46,TRUE
"mcc",8,6,68,46,FALSE
"mcc",8,6,69,46,TRUE
"mcc",8,6,70,46,FALSE
"mcc",8,6,71,46,TRUE
"mcc",8,6,72,46,FALSE
"mcc",8,6,73,46,FALSE
"mcc",8,6,74,46,FALSE
"mcc",8,6,75,46,FALSE
"mcc",8,6,76,46,FALSE
"mcc",8,6,77,46,FALSE
"mcc",8,6,78,46,FALSE
"mcc",8,6,79,46,FALSE
"mcc",8,6,80,46,FALSE
"mcc",8,6,81,46,TRUE
"mcc",8,6,82,46,TRUE
"mcc",8,6,83,46,TRUE
"mcc",8,6,84,46,TRUE
"mcc",8,6,85,46,TRUE
"mcc",8,6,86,46,TRUE
"mcc",8,6,88,46,TRUE
"mcc",8,6,89,46,FALSE
"mcc",8,6,90,46,FALSE
"mcc",8,6,91,46,FALSE
"mcc",8,6,92,46,FALSE
"mcc",8,6,93,46,TRUE
"mcc",8,6,94,46,TRUE
"mcc",8,6,95,46,TRUE
"mcc",8,6,97,46,TRUE
"mcc",8,6,98,46,FALSE
"mcc",8,6,99,46,TRUE
"mcc",8,7,51,46,TRUE
"mcc",8,7,53,46,TRUE
"mcc",8,7,54,46,TRUE
"mcc",8,7,55,46,TRUE
"mcc",8,7,56,46,TRUE
"mcc",8,7,57,46,TRUE
"mcc",8,7,58,46,TRUE
"mcc",8,7,59,46,TRUE
"mcc",8,7,60,46,TRUE
"mcc",8,7,61,46,FALSE
"mcc",8,7,62,46,FALSE
"mcc",8,7,63,46,FALSE
"mcc",8,7,64,46,FALSE
"mcc",8,7,65,46,FALSE
"mcc",8,7,66,46,FALSE
"mcc",8,7,67,46,FALSE
"mcc",8,7,68,46,TRUE
"mcc",8,7,69,46,TRUE
"mcc",8,7,70,46,TRUE
"mcc",8,7,72,46,TRUE
"mcc",8,7,73,46,TRUE
"mcc",8,7,74,46,TRUE
"mcc",8,7,75,46,FALSE
"mcc",8,7,76,46,TRUE
"mcc",8,7,77,46,TRUE
"mcc",8,7,78,46,FALSE
"mcc",8,7,79,46,FALSE
"mcc",8,7,80,46,TRUE
"mcc",8,7,81,46,FALSE
"mcc",8,7,82,46,FALSE
"mcc",8,7,83,46,TRUE
"mcc",8,7,84,46,TRUE
"mcc",8,7,85,46,FALSE
"mcc",8,7,86,46,FALSE
"mcc",8,7,87,46,FALSE
"mcc",8,7,88,46,FALSE
"mcc",8,7,89,46,TRUE
"mcc",8,7,90,46,TRUE
"mcc",8,7,91,46,FALSE
"mcc",8,7,92,46,TRUE
"mcc",8,7,93,46,FALSE
"mcc",8,7,94,46,TRUE
"mcc",8,7,95,46,TRUE
"mcc",8,7,97,46,TRUE
"mcc",8,7,98,46,FALSE
"mcc",8,7,99,46,TRUE
"mcc",8,8,51,46,TRUE
"mcc",8,8,52,46,FALSE
"mcc",8,8,54,46,TRUE
"mcc",8,8,55,46,FALSE
"mcc",8,8,56,46,FALSE
"mcc",8,8,57,46,TRUE
"mcc",8,8,58,46,TRUE
"mcc",8,8,59,46,TRUE
"mcc",8,8,60,46,TRUE
"mcc",8,8,61,46,FALSE
"mcc",8,8,62,46,FALSE
"mcc",8,8,63,46,FALSE
"mcc",8,8,64,46,FALSE
"mcc",8,8,66,46,TRUE
"mcc",8,8,67,46,TRUE
"mcc",8,8,68,46,TRUE
"mcc",8,8,69,46,FALSE
"mcc",8,8,70,46,FALSE
"mcc",8,8,71,46,FALSE
"mcc",8,8,72,46,FALSE
"mcc",8,8,73,46,TRUE
"mcc",8,8,74,46,FALSE
"mcc",8,8,75,46,FALSE
"mcc",8,8,76,46,FALSE
"mcc",8,8,77,46,TRUE
"mcc",8,8,78,46,TRUE
"mcc",8,8,79,46,TRUE
"mcc",8,8,80,46,FALSE
"mcc",8,8,81,46,FALSE
"mcc",8,8,82,46,TRUE
"mcc",8,8,83,46,TRUE
"mcc",8,8,84,46,TRUE
"mcc",8,8,85,46,TRUE
"mcc",8,8,86,46,TRUE
"mcc",8,8,87,46,FALSE
"mcc",8,8,88,46,TRUE
"mcc",8,8,90,46,TRUE
"mcc",8,8,91,46,TRUE
"mcc",8,8,92,46,TRUE
"mcc",8,8,93,46,TRUE
"mcc",8,8,94,46,FALSE
"mcc",8,8,95,46,FALSE
"mcc",8,8,96,46,FALSE
"mcc",8,8,97,46,FALSE
"mcc",8,8,98,46,FALSE
"mcc",8,8,99,46,FALSE
"mcc",8,9,51,46,TRUE
"mcc",8,9,53,46,TRUE
"mcc",8,9,54,46,TRUE
"mcc",8,9,55,46,TRUE
"mcc",8,9,56,46,FALSE
"mcc",8,9,57,46,TRUE
"mcc",8,9,58,46,TRUE
"mcc",8,9,59,46,FALSE
"mcc",8,9,60,46,FALSE
"mcc",8,9,61,46,FALSE
"mcc",8,9,62,46,FALSE
"mcc",8,9,63,46,TRUE
"mcc",8,9,64,46,FALSE
"mcc",8,9,65,46,TRUE
"mcc",8,9,66,46,FALSE
"mcc",8,9,67,46,TRUE
"mcc",8,9,68,46,TRUE
"mcc",8,9,69,46,TRUE
"mcc",8,9,70,46,TRUE
"mcc",8,9,71,46,TRUE
"mcc",8,9,73,46,TRUE
"mcc",8,9,74,46,FALSE
"mcc",8,9,75,46,TRUE
"mcc",8,9,76,46,FALSE
"mcc",8,9,77,46,FALSE
"mcc",8,9,78,46,TRUE
"mcc",8,9,79,46,FALSE
"mcc",8,9,81,46,TRUE
"mcc",8,9,82,46,TRUE
"mcc",8,9,83,46,TRUE
"mcc",8,9,84,46,FALSE
"mcc",8,9,85,46,FALSE
"mcc",8,9,86,46,FALSE
"mcc",8,9,87,46,TRUE
"mcc",8,9,88,46,FALSE
"mcc",8,9,89,46,TRUE
"mcc",8,9,90,46,FALSE
"mcc",8,9,91,46,TRUE
"mcc",8,9,92,46,FALSE
"mcc",8,9,93,46,TRUE
"mcc",8,9,94,46,FALSE
"mcc",8,9,95,46,FALSE
"mcc",8,9,96,46,TRUE
"mcc",8,9,97,46,FALSE
"mcc",8,9,98,46,FALSE
"mcc",8,9,99,46,TRUE
