"tree_age","simulation","min_ess","all_ess_above_thresh"
1,1,310.8,TRUE
10,1,3.8,FALSE
11,1,6.6,FALSE
12,1,6.2,FALSE
13,1,3.3,FALSE
14,1,9.7,FALSE
15,1,6.6,FALSE
16,1,13.2,FALSE
17,1,11.7,FALSE
2,1,176.2,FALSE
3,1,101.1,FALSE
4,1,76.3,FALSE
5,1,50.2,FALSE
6,1,82.6,FALSE
7,1,83.1,FALSE
8,1,49.9,FALSE
9,1,31.7,FALSE
1,10,410.3,TRUE
10,10,13.4,FALSE
11,10,3.8,FALSE
12,10,18.4,FALSE
13,10,9.2,FALSE
14,10,3.2,FALSE
15,10,12.4,FALSE
16,10,10.4,FALSE
17,10,7.1,FALSE
2,10,254.7,TRUE
3,10,100.7,FALSE
4,10,76.6,FALSE
5,10,42.1,FALSE
6,10,49.9,FALSE
7,10,52.5,FALSE
8,10,45.2,FALSE
9,10,22.5,FALSE
1,11,70.1,FALSE
10,11,10.3,FALSE
11,11,10.1,FALSE
12,11,13.4,FALSE
13,11,6.6,FALSE
14,11,3.9,FALSE
15,11,6.2,FALSE
16,11,4,FALSE
17,11,NA,NA
2,11,134.8,FALSE
3,11,85.1,FALSE
4,11,29.4,FALSE
5,11,23.9,FALSE
6,11,13.8,FALSE
7,11,18.1,FALSE
8,11,3.8,FALSE
9,11,16.7,FALSE
1,12,125.5,FALSE
10,12,11.7,FALSE
11,12,NA,NA
12,12,4.4,FALSE
13,12,4.9,FALSE
14,12,NA,NA
15,12,1.6,FALSE
16,12,5.3,FALSE
17,12,NA,NA
2,12,65.1,FALSE
3,12,38.4,FALSE
4,12,32.1,FALSE
5,12,21.2,FALSE
6,12,22.6,FALSE
7,12,18.2,FALSE
8,12,10.1,FALSE
9,12,5.7,FALSE
1,13,96.2,FALSE
10,13,2.1,FALSE
11,13,11.3,FALSE
12,13,5.8,FALSE
13,13,10.3,FALSE
14,13,3.6,FALSE
15,13,5.5,FALSE
16,13,3.4,FALSE
17,13,4.2,FALSE
2,13,55,FALSE
3,13,58.9,FALSE
4,13,69.7,FALSE
5,13,54.5,FALSE
6,13,22.9,FALSE
7,13,6.3,FALSE
8,13,13.4,FALSE
9,13,5.5,FALSE
1,14,340,TRUE
10,14,42.5,FALSE
11,14,60.4,FALSE
12,14,14.2,FALSE
13,14,14.6,FALSE
14,14,2.7,FALSE
15,14,NA,NA
16,14,13.1,FALSE
17,14,24.4,FALSE
2,14,135,FALSE
3,14,106.9,FALSE
4,14,63.1,FALSE
5,14,63.2,FALSE
6,14,19.9,FALSE
7,14,65.5,FALSE
8,14,49,FALSE
9,14,36,FALSE
1,15,147.3,FALSE
10,15,4.3,FALSE
11,15,4.6,FALSE
12,15,6,FALSE
13,15,2.6,FALSE
14,15,9.1,FALSE
15,15,8,FALSE
16,15,20.1,FALSE
17,15,6.5,FALSE
2,15,61.3,FALSE
3,15,61.1,FALSE
4,15,18.7,FALSE
5,15,39.3,FALSE
6,15,12.2,FALSE
7,15,42.4,FALSE
8,15,10.7,FALSE
9,15,5.2,FALSE
1,16,144.8,FALSE
10,16,6.9,FALSE
11,16,7.9,FALSE
12,16,22.1,FALSE
13,16,NA,NA
14,16,15,FALSE
15,16,3.4,FALSE
16,16,5.5,FALSE
17,16,NA,NA
2,16,105.5,FALSE
3,16,59.8,FALSE
4,16,44.9,FALSE
5,16,24.8,FALSE
6,16,18,FALSE
7,16,13,FALSE
8,16,13,FALSE
9,16,7.5,FALSE
1,17,514,TRUE
10,17,5.2,FALSE
11,17,NA,NA
12,17,2.6,FALSE
13,17,7.7,FALSE
14,17,NA,NA
15,17,3.8,FALSE
16,17,6.1,FALSE
17,17,3.2,FALSE
2,17,134.2,FALSE
3,17,46.7,FALSE
4,17,31.4,FALSE
5,17,21.2,FALSE
6,17,14.7,FALSE
7,17,16.3,FALSE
8,17,9.9,FALSE
9,17,6.7,FALSE
1,18,254.9,TRUE
10,18,4.1,FALSE
11,18,11.5,FALSE
12,18,4.8,FALSE
13,18,11.7,FALSE
14,18,7.1,FALSE
15,18,15.4,FALSE
16,18,7.9,FALSE
17,18,8.3,FALSE
2,18,112.1,FALSE
3,18,118,FALSE
4,18,57,FALSE
5,18,56.5,FALSE
6,18,53.4,FALSE
7,18,20.9,FALSE
8,18,28,FALSE
9,18,30.6,FALSE
1,19,153.6,FALSE
10,19,6.8,FALSE
11,19,2.8,FALSE
12,19,6.2,FALSE
13,19,4.6,FALSE
14,19,10.1,FALSE
15,19,10.7,FALSE
16,19,10,FALSE
17,19,3.5,FALSE
2,19,118.9,FALSE
3,19,66.2,FALSE
4,19,23.8,FALSE
5,19,20.4,FALSE
6,19,23.4,FALSE
7,19,5.5,FALSE
8,19,11.8,FALSE
9,19,9.8,FALSE
1,2,83.3,FALSE
10,2,12,FALSE
11,2,5,FALSE
12,2,2.2,FALSE
13,2,NA,NA
14,2,NA,NA
15,2,2.1,FALSE
16,2,11.8,FALSE
17,2,6,FALSE
2,2,66.2,FALSE
3,2,46.4,FALSE
4,2,42.7,FALSE
5,2,27.7,FALSE
6,2,12.6,FALSE
7,2,5,FALSE
8,2,8.5,FALSE
9,2,3.9,FALSE
1,20,391.6,TRUE
10,20,34.2,FALSE
11,20,16,FALSE
12,20,41.1,FALSE
13,20,24.1,FALSE
14,20,4.7,FALSE
15,20,22.7,FALSE
16,20,NA,NA
17,20,11.3,FALSE
2,20,197.3,FALSE
3,20,77.5,FALSE
4,20,49.6,FALSE
5,20,25.6,FALSE
6,20,41.4,FALSE
7,20,27.1,FALSE
8,20,17.6,FALSE
9,20,24.5,FALSE
1,21,510.2,TRUE
10,21,4,FALSE
11,21,9.9,FALSE
12,21,8,FALSE
13,21,4.3,FALSE
14,21,12.4,FALSE
15,21,5.7,FALSE
16,21,8.1,FALSE
17,21,7.3,FALSE
2,21,207.3,TRUE
3,21,137.3,FALSE
4,21,63.8,FALSE
5,21,14.4,FALSE
6,21,66.8,FALSE
7,21,15,FALSE
8,21,9.5,FALSE
9,21,4.3,FALSE
1,22,484.5,TRUE
10,22,52.3,FALSE
11,22,91.2,FALSE
12,22,75.9,FALSE
13,22,36,FALSE
14,22,47.2,FALSE
15,22,66.3,FALSE
16,22,44.4,FALSE
17,22,49.5,FALSE
2,22,170.5,FALSE
3,22,56.4,FALSE
4,22,66.8,FALSE
5,22,76.5,FALSE
6,22,52.6,FALSE
7,22,38.7,FALSE
8,22,47.2,FALSE
9,22,75.6,FALSE
1,23,161.4,FALSE
10,23,9.6,FALSE
11,23,5,FALSE
12,23,3.5,FALSE
13,23,4.3,FALSE
14,23,NA,NA
15,23,7.8,FALSE
16,23,7.3,FALSE
17,23,8.2,FALSE
2,23,154.3,FALSE
3,23,93.8,FALSE
4,23,52.3,FALSE
5,23,39.3,FALSE
6,23,28.8,FALSE
7,23,17.4,FALSE
8,23,30.7,FALSE
9,23,2.9,FALSE
1,24,247.5,TRUE
10,24,9.7,FALSE
11,24,2.6,FALSE
12,24,4.2,FALSE
13,24,5.4,FALSE
14,24,6.8,FALSE
15,24,9.1,FALSE
16,24,2.7,FALSE
17,24,4,FALSE
2,24,131.3,FALSE
3,24,90,FALSE
4,24,45.9,FALSE
5,24,17.5,FALSE
6,24,21.6,FALSE
7,24,3.6,FALSE
8,24,8,FALSE
9,24,5.7,FALSE
1,25,463.7,TRUE
10,25,80.6,FALSE
11,25,58.4,FALSE
12,25,112,FALSE
13,25,60.1,FALSE
14,25,78.8,FALSE
15,25,108.5,FALSE
16,25,85.9,FALSE
17,25,60,FALSE
2,25,240,TRUE
3,25,80.1,FALSE
4,25,72,FALSE
5,25,43.6,FALSE
6,25,54.7,FALSE
7,25,44.5,FALSE
8,25,41.1,FALSE
9,25,50.9,FALSE
1,26,412.6,TRUE
10,26,8.2,FALSE
11,26,7,FALSE
12,26,10.6,FALSE
13,26,8.1,FALSE
14,26,6.1,FALSE
15,26,7.2,FALSE
16,26,6.7,FALSE
17,26,8.5,FALSE
2,26,182.1,FALSE
3,26,62.3,FALSE
4,26,5.9,FALSE
5,26,23.8,FALSE
6,26,11.7,FALSE
7,26,19.7,FALSE
8,26,25.3,FALSE
9,26,20.2,FALSE
1,27,370.1,TRUE
10,27,12.8,FALSE
11,27,21.9,FALSE
12,27,12.6,FALSE
13,27,6.1,FALSE
14,27,2.5,FALSE
15,27,13.6,FALSE
16,27,17.6,FALSE
17,27,10.3,FALSE
2,27,178.7,FALSE
3,27,87.9,FALSE
4,27,69.2,FALSE
5,27,33.1,FALSE
6,27,42.4,FALSE
7,27,37.3,FALSE
8,27,25.3,FALSE
9,27,8.7,FALSE
1,28,468.2,TRUE
10,28,4.6,FALSE
11,28,16.2,FALSE
12,28,8.9,FALSE
13,28,7.1,FALSE
14,28,3.7,FALSE
15,28,6,FALSE
16,28,5.6,FALSE
17,28,6.4,FALSE
2,28,248.3,TRUE
3,28,80.5,FALSE
4,28,75.9,FALSE
5,28,65.9,FALSE
6,28,42.5,FALSE
7,28,38.5,FALSE
8,28,35,FALSE
9,28,3,FALSE
1,29,440.6,TRUE
10,29,20.7,FALSE
11,29,17.1,FALSE
12,29,5.9,FALSE
13,29,7,FALSE
14,29,8.6,FALSE
15,29,5,FALSE
16,29,6.7,FALSE
17,29,4.4,FALSE
2,29,189.6,FALSE
3,29,71.8,FALSE
4,29,52.2,FALSE
5,29,44.7,FALSE
6,29,16.6,FALSE
7,29,1.8,FALSE
8,29,24.5,FALSE
9,29,6.9,FALSE
1,3,347.6,TRUE
10,3,54.8,FALSE
11,3,61.9,FALSE
12,3,95.7,FALSE
13,3,10.4,FALSE
14,3,2.4,FALSE
15,3,60.8,FALSE
16,3,2.7,FALSE
17,3,29,FALSE
2,3,156.5,FALSE
3,3,123.2,FALSE
4,3,89.4,FALSE
5,3,62.1,FALSE
6,3,58.7,FALSE
7,3,82.7,FALSE
8,3,38.8,FALSE
9,3,75,FALSE
1,30,180.3,FALSE
10,30,6.2,FALSE
11,30,9.7,FALSE
12,30,2.7,FALSE
13,30,5.4,FALSE
14,30,7.4,FALSE
15,30,4.2,FALSE
16,30,8.4,FALSE
17,30,3.9,FALSE
2,30,97.6,FALSE
3,30,97.3,FALSE
4,30,61.1,FALSE
5,30,47,FALSE
6,30,28.3,FALSE
7,30,14.3,FALSE
8,30,39.1,FALSE
9,30,14.3,FALSE
1,31,145.7,FALSE
10,31,2.9,FALSE
11,31,12.2,FALSE
12,31,5.5,FALSE
13,31,8.3,FALSE
14,31,5.4,FALSE
15,31,12,FALSE
16,31,9.7,FALSE
17,31,3.7,FALSE
2,31,190.2,FALSE
3,31,76.9,FALSE
4,31,52.3,FALSE
5,31,46.1,FALSE
6,31,28.5,FALSE
7,31,30.2,FALSE
8,31,2.4,FALSE
9,31,6.7,FALSE
1,32,209.8,TRUE
10,32,3.6,FALSE
11,32,4.3,FALSE
12,32,11.5,FALSE
13,32,12.7,FALSE
14,32,13.4,FALSE
15,32,16.7,FALSE
16,32,16.1,FALSE
17,32,25.2,FALSE
2,32,202,TRUE
3,32,115.1,FALSE
4,32,76.6,FALSE
5,32,34.9,FALSE
6,32,59.8,FALSE
7,32,42.2,FALSE
8,32,58,FALSE
9,32,1.6,FALSE
1,33,141.6,FALSE
10,33,12.4,FALSE
11,33,17.5,FALSE
12,33,3.2,FALSE
13,33,6.5,FALSE
14,33,6.7,FALSE
15,33,10.1,FALSE
16,33,8.9,FALSE
17,33,6.9,FALSE
2,33,106.8,FALSE
3,33,62.7,FALSE
4,33,53.4,FALSE
5,33,31.8,FALSE
6,33,40.3,FALSE
7,33,43,FALSE
8,33,25.4,FALSE
9,33,20.5,FALSE
1,34,329.1,TRUE
10,34,11.5,FALSE
11,34,7.1,FALSE
12,34,12.7,FALSE
13,34,6.9,FALSE
14,34,11.1,FALSE
15,34,15.9,FALSE
16,34,7.8,FALSE
17,34,11.8,FALSE
2,34,210.3,TRUE
3,34,107,FALSE
4,34,76.1,FALSE
5,34,70.4,FALSE
6,34,75.5,FALSE
7,34,54.1,FALSE
8,34,20.9,FALSE
9,34,28.3,FALSE
1,35,358.3,TRUE
10,35,6.3,FALSE
11,35,4.3,FALSE
12,35,4.4,FALSE
13,35,4.4,FALSE
14,35,10.4,FALSE
15,35,6.5,FALSE
16,35,4.4,FALSE
17,35,5.7,FALSE
2,35,81.5,FALSE
3,35,44.4,FALSE
4,35,42.2,FALSE
5,35,63.8,FALSE
6,35,47.2,FALSE
7,35,10.8,FALSE
8,35,7.9,FALSE
9,35,13.5,FALSE
1,36,159.8,FALSE
10,36,12.9,FALSE
11,36,7.6,FALSE
12,36,2.3,FALSE
13,36,NA,NA
14,36,NA,NA
15,36,NA,NA
16,36,1.7,FALSE
17,36,NA,NA
2,36,130.6,FALSE
3,36,56.5,FALSE
4,36,49.7,FALSE
5,36,32.6,FALSE
6,36,31.3,FALSE
7,36,20.8,FALSE
8,36,15.8,FALSE
9,36,15.5,FALSE
1,37,355.4,TRUE
10,37,36.1,FALSE
11,37,17.8,FALSE
12,37,13.8,FALSE
13,37,14.7,FALSE
14,37,2.8,FALSE
15,37,11.7,FALSE
16,37,8.4,FALSE
17,37,4.9,FALSE
2,37,144,FALSE
3,37,59.9,FALSE
4,37,44.6,FALSE
5,37,52.7,FALSE
6,37,36.6,FALSE
7,37,28.2,FALSE
8,37,40.4,FALSE
9,37,14.5,FALSE
1,38,328.7,TRUE
10,38,11.4,FALSE
11,38,4.1,FALSE
12,38,7.6,FALSE
13,38,11.3,FALSE
14,38,8.6,FALSE
15,38,NA,NA
16,38,4.1,FALSE
17,38,3.3,FALSE
2,38,175.8,FALSE
3,38,173.4,FALSE
4,38,72.3,FALSE
5,38,65.2,FALSE
6,38,41.7,FALSE
7,38,43.5,FALSE
8,38,15.4,FALSE
9,38,10.8,FALSE
1,39,517.6,TRUE
10,39,67.7,FALSE
11,39,38.7,FALSE
12,39,50,FALSE
13,39,65,FALSE
14,39,32.3,FALSE
15,39,22.6,FALSE
16,39,27.8,FALSE
17,39,59.9,FALSE
2,39,256.9,TRUE
3,39,148.1,FALSE
4,39,133.1,FALSE
5,39,91.7,FALSE
6,39,59.4,FALSE
7,39,54.4,FALSE
8,39,64.2,FALSE
9,39,59.8,FALSE
1,4,346.2,TRUE
10,4,11,FALSE
11,4,11.6,FALSE
12,4,4.6,FALSE
13,4,6.4,FALSE
14,4,5,FALSE
15,4,7,FALSE
16,4,4.8,FALSE
17,4,9.2,FALSE
2,4,180.9,FALSE
3,4,124,FALSE
4,4,75.4,FALSE
5,4,52.7,FALSE
6,4,37.2,FALSE
7,4,13.2,FALSE
8,4,11.5,FALSE
9,4,12.5,FALSE
1,40,346.2,TRUE
10,40,5.5,FALSE
11,40,10.2,FALSE
12,40,13.5,FALSE
13,40,13.6,FALSE
14,40,8.8,FALSE
15,40,1.3,FALSE
16,40,7.2,FALSE
17,40,7.2,FALSE
2,40,129.1,FALSE
3,40,63.5,FALSE
4,40,60.6,FALSE
5,40,25.4,FALSE
6,40,36,FALSE
7,40,18.1,FALSE
8,40,8.6,FALSE
9,40,5.1,FALSE
1,41,288.1,TRUE
10,41,38.9,FALSE
11,41,39.5,FALSE
12,41,13.3,FALSE
13,41,15.9,FALSE
14,41,21.4,FALSE
15,41,13.1,FALSE
16,41,8.7,FALSE
17,41,15.9,FALSE
2,41,218.7,TRUE
3,41,88.8,FALSE
4,41,36.6,FALSE
5,41,51.2,FALSE
6,41,49.7,FALSE
7,41,44.3,FALSE
8,41,31.1,FALSE
9,41,8.8,FALSE
1,42,106.4,FALSE
10,42,16.9,FALSE
11,42,5.9,FALSE
12,42,5,FALSE
13,42,10.3,FALSE
14,42,16.3,FALSE
15,42,22.9,FALSE
16,42,19.4,FALSE
17,42,7.8,FALSE
2,42,71.7,FALSE
3,42,33.7,FALSE
4,42,30.4,FALSE
5,42,37.6,FALSE
6,42,18.8,FALSE
7,42,21.7,FALSE
8,42,35.3,FALSE
9,42,2.3,FALSE
1,43,393.7,TRUE
10,43,NA,NA
11,43,18,FALSE
12,43,22.3,FALSE
13,43,19,FALSE
14,43,6.6,FALSE
15,43,5,FALSE
16,43,19.1,FALSE
17,43,11.2,FALSE
2,43,197.8,FALSE
3,43,104.6,FALSE
4,43,61.5,FALSE
5,43,43.4,FALSE
6,43,42.4,FALSE
7,43,52.9,FALSE
8,43,35.1,FALSE
9,43,24.9,FALSE
1,44,477.4,TRUE
10,44,69.2,FALSE
11,44,58.6,FALSE
12,44,19.6,FALSE
13,44,57.3,FALSE
14,44,5.3,FALSE
15,44,19.9,FALSE
16,44,4.4,FALSE
17,44,31,FALSE
2,44,156.8,FALSE
3,44,110.3,FALSE
4,44,102.4,FALSE
5,44,55,FALSE
6,44,70.6,FALSE
7,44,73.3,FALSE
8,44,86.7,FALSE
9,44,55.8,FALSE
1,45,484.6,TRUE
10,45,30.4,FALSE
11,45,57.6,FALSE
12,45,22.9,FALSE
13,45,22.7,FALSE
14,45,26.4,FALSE
15,45,7.5,FALSE
16,45,15.1,FALSE
17,45,5.9,FALSE
2,45,172,FALSE
3,45,101.5,FALSE
4,45,44.3,FALSE
5,45,49.8,FALSE
6,45,20.1,FALSE
7,45,42.7,FALSE
8,45,19.1,FALSE
9,45,24.8,FALSE
1,46,443.3,TRUE
10,46,4.2,FALSE
11,46,4.4,FALSE
12,46,10.1,FALSE
13,46,1.5,FALSE
14,46,11.7,FALSE
15,46,15,FALSE
16,46,2.6,FALSE
17,46,11.3,FALSE
2,46,155.4,FALSE
3,46,78.4,FALSE
4,46,71.2,FALSE
5,46,50.5,FALSE
6,46,45.8,FALSE
7,46,48.5,FALSE
8,46,8,FALSE
9,46,12.1,FALSE
1,47,428.3,TRUE
10,47,64.3,FALSE
11,47,56,FALSE
12,47,52.9,FALSE
13,47,4.5,FALSE
14,47,16.7,FALSE
15,47,15.9,FALSE
16,47,10.3,FALSE
17,47,27.3,FALSE
2,47,172.2,FALSE
3,47,94.4,FALSE
4,47,52,FALSE
5,47,50.8,FALSE
6,47,41.2,FALSE
7,47,55.7,FALSE
8,47,30.5,FALSE
9,47,57.6,FALSE
1,48,391,TRUE
10,48,20.3,FALSE
11,48,4.8,FALSE
12,48,8.7,FALSE
13,48,16.8,FALSE
14,48,3.9,FALSE
15,48,2.9,FALSE
16,48,9.7,FALSE
17,48,8.4,FALSE
2,48,193.1,FALSE
3,48,135.7,FALSE
4,48,101.5,FALSE
5,48,72.2,FALSE
6,48,78.5,FALSE
7,48,38,FALSE
8,48,26.8,FALSE
9,48,13.5,FALSE
1,49,501.7,TRUE
10,49,8.6,FALSE
11,49,14,FALSE
12,49,3.1,FALSE
13,49,2.9,FALSE
14,49,25.8,FALSE
15,49,18.9,FALSE
16,49,9.3,FALSE
17,49,10.9,FALSE
2,49,208.2,TRUE
3,49,133.4,FALSE
4,49,62.1,FALSE
5,49,22.8,FALSE
6,49,37.3,FALSE
7,49,24.7,FALSE
8,49,10.8,FALSE
9,49,6.6,FALSE
1,5,546.3,TRUE
10,5,21.5,FALSE
11,5,29.1,FALSE
12,5,29.5,FALSE
13,5,43.4,FALSE
14,5,NA,NA
15,5,2.3,FALSE
16,5,21.7,FALSE
17,5,3.9,FALSE
2,5,176.4,FALSE
3,5,83.2,FALSE
4,5,99.5,FALSE
5,5,63.2,FALSE
6,5,50.8,FALSE
7,5,60.2,FALSE
8,5,39.4,FALSE
9,5,53,FALSE
1,50,221.5,TRUE
10,50,18.2,FALSE
11,50,6.3,FALSE
12,50,14.7,FALSE
13,50,13.5,FALSE
14,50,13,FALSE
15,50,NA,NA
16,50,15.1,FALSE
17,50,17,FALSE
2,50,164.3,FALSE
3,50,109.2,FALSE
4,50,38.9,FALSE
5,50,51.5,FALSE
6,50,38.7,FALSE
7,50,20.8,FALSE
8,50,8.4,FALSE
9,50,23.1,FALSE
1,6,360.9,TRUE
10,6,5.1,FALSE
11,6,5.5,FALSE
12,6,4.6,FALSE
13,6,5.1,FALSE
14,6,6.9,FALSE
15,6,13.7,FALSE
16,6,1.6,FALSE
17,6,3.7,FALSE
2,6,119.8,FALSE
3,6,85,FALSE
4,6,69.6,FALSE
5,6,33.6,FALSE
6,6,48.9,FALSE
7,6,54,FALSE
8,6,55.5,FALSE
9,6,72.5,FALSE
1,7,473.1,TRUE
10,7,6,FALSE
11,7,9.3,FALSE
12,7,7.8,FALSE
13,7,3,FALSE
14,7,3.7,FALSE
15,7,4.1,FALSE
16,7,9.7,FALSE
17,7,2.6,FALSE
2,7,166.2,FALSE
3,7,112.3,FALSE
4,7,48.8,FALSE
5,7,55.4,FALSE
6,7,38.3,FALSE
7,7,20,FALSE
8,7,15.1,FALSE
9,7,6.3,FALSE
1,8,479.2,TRUE
10,8,56.4,FALSE
11,8,96.9,FALSE
12,8,100,FALSE
13,8,108,FALSE
14,8,95.2,FALSE
15,8,95.3,FALSE
16,8,68.4,FALSE
17,8,53.6,FALSE
2,8,178.2,FALSE
3,8,81.1,FALSE
4,8,67.5,FALSE
5,8,55.7,FALSE
6,8,59.8,FALSE
7,8,76.6,FALSE
8,8,72.4,FALSE
9,8,70.5,FALSE
1,9,380,TRUE
10,9,111.1,FALSE
11,9,117.4,FALSE
12,9,116.1,FALSE
13,9,93.5,FALSE
14,9,60.1,FALSE
15,9,82.6,FALSE
16,9,73.4,FALSE
17,9,56.6,FALSE
2,9,191.8,FALSE
3,9,143.2,FALSE
4,9,91.1,FALSE
5,9,53.1,FALSE
6,9,63.3,FALSE
7,9,82.6,FALSE
8,9,82.8,FALSE
9,9,91.4,FALSE
