"tree_age","tree_simulation_number","node","state","T_F_U"
8,1,51,"regular",TRUE
8,1,58,"regular",TRUE
8,1,59,"rateau",TRUE
8,1,60,"regular",TRUE
8,1,61,"regular",FALSE
8,1,62,"rateau",TRUE
8,1,63,"rateau",TRUE
8,1,64,"rateau",FALSE
8,1,65,"regular",FALSE
8,1,66,"regular",TRUE
8,1,67,"regular",TRUE
8,1,68,"regular",TRUE
8,1,69,"regular",TRUE
8,1,70,"regular",TRUE
8,1,71,"regular",TRUE
8,1,72,"regular",FALSE
8,1,73,"regular",TRUE
8,1,75,"regular",TRUE
8,1,76,"regular",TRUE
8,1,77,"regular",TRUE
8,1,78,"regular",TRUE
8,1,79,"regular",FALSE
8,1,84,"rateau",FALSE
8,1,85,"rateau",FALSE
8,1,86,"rateau",FALSE
8,1,87,"regular",TRUE
8,1,88,"rateau",TRUE
8,1,89,"rateau",TRUE
8,1,90,"regular",TRUE
8,1,91,"regular",TRUE
8,1,92,"rateau",TRUE
8,1,93,"regular",TRUE
8,1,94,"regular",TRUE
8,1,95,"regular",TRUE
8,1,96,"regular",TRUE
8,1,97,"regular",TRUE
8,1,98,"regular",TRUE
8,1,99,"regular",TRUE
8,10,51,"regular",TRUE
8,10,58,"rateau",TRUE
8,10,59,"regular",TRUE
8,10,60,"rateau",TRUE
8,10,61,"regular",TRUE
8,10,62,"regular",TRUE
8,10,63,"rateau",TRUE
8,10,64,"rateau",TRUE
8,10,65,"regular",TRUE
8,10,66,"regular",TRUE
8,10,67,"regular",TRUE
8,10,68,"regular",TRUE
8,10,69,"regular",TRUE
8,10,70,"regular",TRUE
8,10,71,"rateau",TRUE
8,10,72,"regular",FALSE
8,10,73,"regular",TRUE
8,10,74,"regular",TRUE
8,10,75,"regular",TRUE
8,10,76,"regular",TRUE
8,10,77,"regular",TRUE
8,10,78,"regular",TRUE
8,10,79,"regular",TRUE
8,10,80,"regular",TRUE
8,10,81,"regular",TRUE
8,10,83,"regular",FALSE
8,10,84,"rateau",TRUE
8,10,85,"rateau",TRUE
8,10,86,"regular",TRUE
8,10,87,"regular",TRUE
8,10,92,"rateau",FALSE
8,10,93,"rateau",FALSE
8,10,94,"rateau",FALSE
8,10,95,"rateau",FALSE
8,10,96,"rateau",FALSE
8,10,97,"regular",TRUE
8,10,98,"rateau",TRUE
8,10,99,"regular",TRUE
8,11,51,"rateau",TRUE
8,11,58,"rateau",TRUE
8,11,59,"regular",TRUE
8,11,60,"regular",TRUE
8,11,61,"regular",TRUE
8,11,62,"rateau",TRUE
8,11,63,"rateau",TRUE
8,11,64,"rateau",TRUE
8,11,65,"regular",TRUE
8,11,66,"regular",TRUE
8,11,67,"regular",TRUE
8,11,68,"regular",TRUE
8,11,69,"rateau",TRUE
8,11,70,"rateau",TRUE
8,11,71,"rateau",TRUE
8,11,72,"rateau",TRUE
8,11,73,"rateau",FALSE
8,11,74,"regular",TRUE
8,11,75,"rateau",FALSE
8,11,76,"rateau",FALSE
8,11,77,"regular",TRUE
8,11,78,"regular",TRUE
8,11,79,"regular",TRUE
8,11,80,"regular",TRUE
8,11,85,"regular",TRUE
8,11,86,"regular",TRUE
8,11,87,"regular",TRUE
8,11,88,"regular",TRUE
8,11,89,"regular",TRUE
8,11,90,"regular",TRUE
8,11,91,"regular",TRUE
8,11,92,"regular",TRUE
8,11,93,"regular",TRUE
8,11,94,"regular",TRUE
8,11,95,"regular",TRUE
8,11,96,"regular",TRUE
8,11,97,"regular",TRUE
8,11,99,"regular",TRUE
8,12,51,"regular",TRUE
8,12,58,"regular",TRUE
8,12,59,"regular",TRUE
8,12,60,"regular",TRUE
8,12,61,"rateau",TRUE
8,12,62,"rateau",TRUE
8,12,63,"regular",TRUE
8,12,64,"regular",TRUE
8,12,65,"regular",TRUE
8,12,66,"rateau",TRUE
8,12,71,"regular",TRUE
8,12,72,"regular",TRUE
8,12,73,"regular",TRUE
8,12,74,"regular",TRUE
8,12,75,"regular",TRUE
8,12,76,"regular",TRUE
8,12,77,"regular",TRUE
8,12,78,"regular",TRUE
8,12,79,"regular",TRUE
8,12,80,"regular",TRUE
8,12,81,"regular",TRUE
8,12,82,"rateau",TRUE
8,12,83,"rateau",TRUE
8,12,84,"regular",TRUE
8,12,86,"rateau",TRUE
8,12,87,"regular",TRUE
8,12,88,"regular",TRUE
8,12,89,"rateau",FALSE
8,12,90,"rateau",FALSE
8,12,91,"regular",TRUE
8,12,92,"regular",TRUE
8,12,93,"regular",TRUE
8,12,94,"regular",TRUE
8,12,95,"regular",TRUE
8,12,96,"regular",TRUE
8,12,97,"rateau",FALSE
8,12,98,"regular",TRUE
8,12,99,"regular",TRUE
8,13,51,"regular",TRUE
8,13,58,"regular",TRUE
8,13,59,"rateau",TRUE
8,13,60,"rateau",TRUE
8,13,61,"regular",TRUE
8,13,62,"regular",TRUE
8,13,63,"rateau",TRUE
8,13,64,"rateau",TRUE
8,13,65,"rateau",FALSE
8,13,66,"regular",TRUE
8,13,67,"regular",TRUE
8,13,68,"rateau",FALSE
8,13,73,"regular",TRUE
8,13,74,"regular",TRUE
8,13,75,"regular",TRUE
8,13,76,"regular",TRUE
8,13,77,"regular",TRUE
8,13,78,"regular",TRUE
8,13,79,"regular",TRUE
8,13,80,"regular",TRUE
8,13,81,"regular",TRUE
8,13,83,"regular",TRUE
8,13,84,"regular",TRUE
8,13,85,"regular",FALSE
8,13,86,"regular",TRUE
8,13,87,"regular",TRUE
8,13,88,"regular",TRUE
8,13,89,"regular",TRUE
8,13,90,"rateau",TRUE
8,13,91,"rateau",FALSE
8,13,92,"rateau",TRUE
8,13,93,"regular",TRUE
8,13,94,"regular",TRUE
8,13,95,"regular",TRUE
8,13,96,"regular",TRUE
8,13,97,"regular",TRUE
8,13,98,"regular",TRUE
8,13,99,"regular",TRUE
8,14,51,"regular",TRUE
8,14,58,"regular",TRUE
8,14,59,"regular",TRUE
8,14,60,"regular",TRUE
8,14,61,"rateau",TRUE
8,14,62,"rateau",FALSE
8,14,63,"rateau",FALSE
8,14,64,"rateau",FALSE
8,14,65,"regular",TRUE
8,14,66,"regular",TRUE
8,14,67,"regular",TRUE
8,14,68,"regular",TRUE
8,14,69,"regular",TRUE
8,14,70,"regular",TRUE
8,14,71,"regular",TRUE
8,14,72,"regular",TRUE
8,14,73,"regular",TRUE
8,14,75,"regular",TRUE
8,14,76,"regular",TRUE
8,14,77,"regular",TRUE
8,14,78,"regular",TRUE
8,14,79,"regular",TRUE
8,14,84,"rateau",FALSE
8,14,85,"rateau",TRUE
8,14,86,"rateau",TRUE
8,14,87,"regular",TRUE
8,14,88,"regular",TRUE
8,14,89,"regular",TRUE
8,14,90,"regular",TRUE
8,14,91,"regular",TRUE
8,14,92,"rateau",FALSE
8,14,93,"regular",TRUE
8,14,94,"regular",TRUE
8,14,95,"rateau",FALSE
8,14,96,"regular",TRUE
8,14,97,"regular",TRUE
8,14,98,"regular",TRUE
8,14,99,"regular",TRUE
8,15,51,"regular",TRUE
8,15,58,"regular",TRUE
8,15,59,"regular",TRUE
8,15,60,"regular",TRUE
8,15,61,"rateau",TRUE
8,15,62,"regular",FALSE
8,15,63,"regular",TRUE
8,15,64,"regular",TRUE
8,15,65,"regular",TRUE
8,15,66,"rateau",TRUE
8,15,67,"rateau",TRUE
8,15,68,"regular",TRUE
8,15,69,"regular",TRUE
8,15,70,"regular",TRUE
8,15,71,"regular",FALSE
8,15,72,"regular",TRUE
8,15,73,"regular",TRUE
8,15,74,"regular",TRUE
8,15,75,"regular",TRUE
8,15,77,"regular",TRUE
8,15,78,"regular",TRUE
8,15,79,"regular",TRUE
8,15,80,"regular",TRUE
8,15,81,"regular",TRUE
8,15,86,"rateau",FALSE
8,15,87,"rateau",FALSE
8,15,88,"regular",TRUE
8,15,89,"regular",TRUE
8,15,90,"regular",FALSE
8,15,91,"regular",TRUE
8,15,92,"regular",TRUE
8,15,93,"regular",TRUE
8,15,94,"regular",TRUE
8,15,95,"regular",TRUE
8,15,96,"regular",TRUE
8,15,97,"regular",TRUE
8,15,98,"regular",TRUE
8,15,99,"regular",TRUE
8,16,51,"rateau",TRUE
8,16,58,"rateau",TRUE
8,16,59,"regular",TRUE
8,16,60,"regular",TRUE
8,16,61,"regular",TRUE
8,16,62,"regular",TRUE
8,16,63,"regular",TRUE
8,16,64,"rateau",TRUE
8,16,65,"rateau",TRUE
8,16,66,"regular",TRUE
8,16,67,"rateau",TRUE
8,16,68,"rateau",TRUE
8,16,69,"rateau",TRUE
8,16,70,"regular",TRUE
8,16,71,"regular",TRUE
8,16,72,"regular",TRUE
8,16,73,"regular",TRUE
8,16,74,"regular",TRUE
8,16,75,"regular",FALSE
8,16,76,"rateau",TRUE
8,16,77,"regular",TRUE
8,16,78,"regular",FALSE
8,16,83,"regular",TRUE
8,16,84,"regular",TRUE
8,16,85,"regular",TRUE
8,16,87,"regular",TRUE
8,16,88,"regular",TRUE
8,16,89,"regular",TRUE
8,16,90,"regular",TRUE
8,16,91,"regular",TRUE
8,16,92,"regular",TRUE
8,16,93,"rateau",TRUE
8,16,94,"rateau",TRUE
8,16,95,"regular",TRUE
8,16,96,"regular",TRUE
8,16,97,"regular",TRUE
8,16,98,"regular",TRUE
8,16,99,"regular",TRUE
8,17,51,"regular",TRUE
8,17,58,"regular",TRUE
8,17,59,"regular",TRUE
8,17,60,"rateau",TRUE
8,17,61,"regular",TRUE
8,17,62,"regular",TRUE
8,17,63,"rateau",TRUE
8,17,64,"rateau",TRUE
8,17,65,"rateau",TRUE
8,17,66,"regular",TRUE
8,17,67,"regular",FALSE
8,17,68,"regular",TRUE
8,17,69,"regular",TRUE
8,17,70,"rateau",TRUE
8,17,71,"rateau",TRUE
8,17,72,"regular",TRUE
8,17,73,"regular",TRUE
8,17,74,"regular",TRUE
8,17,75,"regular",TRUE
8,17,76,"regular",TRUE
8,17,77,"regular",TRUE
8,17,78,"regular",TRUE
8,17,79,"regular",TRUE
8,17,80,"regular",TRUE
8,17,86,"rateau",TRUE
8,17,87,"regular",TRUE
8,17,88,"regular",TRUE
8,17,89,"regular",TRUE
8,17,90,"rateau",TRUE
8,17,91,"rateau",TRUE
8,17,92,"rateau",TRUE
8,17,93,"regular",TRUE
8,17,94,"regular",TRUE
8,17,95,"regular",TRUE
8,17,96,"regular",TRUE
8,17,97,"regular",TRUE
8,17,98,"regular",TRUE
8,17,99,"regular",TRUE
8,18,51,"regular",TRUE
8,18,58,"regular",TRUE
8,18,59,"regular",TRUE
8,18,60,"regular",TRUE
8,18,61,"regular",TRUE
8,18,62,"regular",TRUE
8,18,63,"rateau",TRUE
8,18,64,"rateau",TRUE
8,18,65,"regular",TRUE
8,18,66,"regular",TRUE
8,18,67,"regular",TRUE
8,18,68,"regular",TRUE
8,18,69,"regular",TRUE
8,18,70,"regular",TRUE
8,18,71,"rateau",TRUE
8,18,72,"rateau",FALSE
8,18,73,"rateau",TRUE
8,18,74,"regular",TRUE
8,18,75,"regular",TRUE
8,18,76,"regular",TRUE
8,18,77,"regular",TRUE
8,18,78,"regular",TRUE
8,18,79,"rateau",FALSE
8,18,80,"rateau",TRUE
8,18,81,"rateau",TRUE
8,18,82,"regular",TRUE
8,18,83,"regular",FALSE
8,18,84,"regular",TRUE
8,18,85,"regular",FALSE
8,18,86,"regular",TRUE
8,18,87,"regular",TRUE
8,18,88,"regular",TRUE
8,18,89,"regular",TRUE
8,18,90,"regular",TRUE
8,18,91,"regular",TRUE
8,18,92,"regular",TRUE
8,18,93,"regular",TRUE
8,18,94,"regular",TRUE
8,19,51,"regular",TRUE
8,19,58,"rateau",TRUE
8,19,59,"regular",TRUE
8,19,60,"rateau",TRUE
8,19,61,"regular",TRUE
8,19,62,"regular",FALSE
8,19,63,"rateau",TRUE
8,19,64,"rateau",FALSE
8,19,65,"regular",TRUE
8,19,66,"regular",TRUE
8,19,67,"rateau",FALSE
8,19,68,"rateau",FALSE
8,19,69,"rateau",TRUE
8,19,70,"regular",TRUE
8,19,71,"regular",TRUE
8,19,72,"regular",TRUE
8,19,73,"rateau",FALSE
8,19,74,"rateau",FALSE
8,19,75,"regular",TRUE
8,19,76,"regular",TRUE
8,19,77,"regular",TRUE
8,19,78,"regular",TRUE
8,19,79,"regular",TRUE
8,19,80,"regular",TRUE
8,19,81,"regular",TRUE
8,19,82,"regular",TRUE
8,19,83,"regular",TRUE
8,19,84,"regular",TRUE
8,19,85,"regular",TRUE
8,19,86,"regular",TRUE
8,19,87,"regular",TRUE
8,19,88,"regular",TRUE
8,19,94,"rateau",FALSE
8,19,95,"regular",TRUE
8,19,96,"regular",TRUE
8,19,97,"regular",TRUE
8,19,98,"regular",TRUE
8,19,99,"regular",TRUE
8,2,51,"regular",TRUE
8,2,58,"regular",TRUE
8,2,59,"regular",TRUE
8,2,60,"regular",FALSE
8,2,61,"regular",FALSE
8,2,62,"regular",FALSE
8,2,63,"regular",FALSE
8,2,64,"regular",TRUE
8,2,65,"regular",TRUE
8,2,66,"regular",FALSE
8,2,67,"regular",TRUE
8,2,68,"regular",TRUE
8,2,69,"rateau",TRUE
8,2,70,"rateau",TRUE
8,2,75,"regular",TRUE
8,2,76,"regular",TRUE
8,2,77,"regular",TRUE
8,2,78,"regular",TRUE
8,2,79,"regular",TRUE
8,2,80,"regular",TRUE
8,2,81,"regular",TRUE
8,2,82,"regular",TRUE
8,2,84,"regular",TRUE
8,2,85,"rateau",TRUE
8,2,86,"rateau",TRUE
8,2,87,"regular",TRUE
8,2,88,"regular",TRUE
8,2,89,"rateau",TRUE
8,2,90,"rateau",TRUE
8,2,91,"regular",TRUE
8,2,92,"regular",FALSE
8,2,93,"regular",TRUE
8,2,94,"regular",TRUE
8,2,95,"regular",FALSE
8,2,96,"regular",TRUE
8,2,97,"rateau",TRUE
8,2,98,"rateau",TRUE
8,2,99,"regular",TRUE
8,20,51,"regular",TRUE
8,20,58,"rateau",TRUE
8,20,59,"regular",TRUE
8,20,60,"rateau",TRUE
8,20,61,"rateau",TRUE
8,20,62,"rateau",TRUE
8,20,63,"rateau",TRUE
8,20,64,"rateau",TRUE
8,20,65,"rateau",FALSE
8,20,66,"rateau",TRUE
8,20,67,"regular",TRUE
8,20,68,"regular",TRUE
8,20,69,"regular",TRUE
8,20,70,"regular",TRUE
8,20,71,"regular",TRUE
8,20,72,"regular",TRUE
8,20,73,"regular",TRUE
8,20,74,"regular",TRUE
8,20,75,"regular",TRUE
8,20,77,"regular",TRUE
8,20,78,"regular",TRUE
8,20,79,"regular",FALSE
8,20,80,"regular",TRUE
8,20,81,"regular",TRUE
8,20,86,"rateau",FALSE
8,20,87,"rateau",TRUE
8,20,88,"regular",TRUE
8,20,89,"regular",TRUE
8,20,90,"rateau",FALSE
8,20,91,"regular",TRUE
8,20,92,"regular",TRUE
8,20,93,"rateau",TRUE
8,20,94,"regular",TRUE
8,20,95,"regular",TRUE
8,20,96,"regular",TRUE
8,20,97,"regular",TRUE
8,20,98,"regular",TRUE
8,20,99,"regular",TRUE
8,21,51,"regular",TRUE
8,21,58,"regular",TRUE
8,21,59,"regular",TRUE
8,21,60,"regular",TRUE
8,21,61,"rateau",TRUE
8,21,62,"rateau",FALSE
8,21,63,"regular",TRUE
8,21,64,"regular",TRUE
8,21,65,"regular",TRUE
8,21,66,"regular",TRUE
8,21,67,"regular",TRUE
8,21,68,"regular",TRUE
8,21,69,"rateau",FALSE
8,21,70,"rateau",FALSE
8,21,71,"regular",TRUE
8,21,72,"rateau",FALSE
8,21,73,"rateau",TRUE
8,21,78,"rateau",TRUE
8,21,79,"regular",TRUE
8,21,80,"regular",TRUE
8,21,81,"regular",TRUE
8,21,83,"regular",TRUE
8,21,84,"regular",TRUE
8,21,85,"regular",TRUE
8,21,86,"regular",TRUE
8,21,87,"regular",TRUE
8,21,88,"regular",TRUE
8,21,89,"regular",TRUE
8,21,90,"regular",FALSE
8,21,91,"regular",TRUE
8,21,92,"regular",TRUE
8,21,93,"rateau",FALSE
8,21,94,"rateau",TRUE
8,21,95,"regular",TRUE
8,21,96,"rateau",TRUE
8,21,97,"rateau",TRUE
8,21,98,"regular",TRUE
8,21,99,"regular",TRUE
8,22,51,"regular",TRUE
8,22,58,"regular",TRUE
8,22,59,"regular",TRUE
8,22,60,"rateau",TRUE
8,22,61,"rateau",TRUE
8,22,62,"rateau",TRUE
8,22,63,"rateau",TRUE
8,22,64,"rateau",FALSE
8,22,65,"regular",FALSE
8,22,66,"regular",TRUE
8,22,67,"regular",TRUE
8,22,68,"regular",TRUE
8,22,69,"regular",TRUE
8,22,70,"regular",TRUE
8,22,71,"rateau",FALSE
8,22,72,"rateau",TRUE
8,22,73,"rateau",TRUE
8,22,74,"regular",TRUE
8,22,75,"regular",TRUE
8,22,76,"rateau",TRUE
8,22,77,"rateau",TRUE
8,22,78,"regular",TRUE
8,22,79,"rateau",TRUE
8,22,80,"regular",TRUE
8,22,81,"regular",TRUE
8,22,82,"regular",TRUE
8,22,83,"regular",TRUE
8,22,84,"regular",TRUE
8,22,85,"regular",TRUE
8,22,86,"regular",TRUE
8,22,87,"regular",TRUE
8,22,88,"regular",TRUE
8,22,89,"regular",TRUE
8,22,91,"regular",TRUE
8,22,92,"regular",TRUE
8,22,93,"regular",TRUE
8,22,94,"regular",TRUE
8,22,95,"regular",TRUE
8,23,51,"regular",TRUE
8,23,58,"regular",TRUE
8,23,59,"regular",TRUE
8,23,60,"rateau",TRUE
8,23,61,"rateau",TRUE
8,23,62,"rateau",TRUE
8,23,63,"rateau",TRUE
8,23,64,"rateau",TRUE
8,23,65,"rateau",TRUE
8,23,66,"regular",TRUE
8,23,67,"regular",TRUE
8,23,68,"regular",TRUE
8,23,69,"regular",TRUE
8,23,70,"regular",TRUE
8,23,72,"regular",TRUE
8,23,73,"regular",TRUE
8,23,74,"regular",TRUE
8,23,75,"regular",TRUE
8,23,76,"regular",TRUE
8,23,77,"regular",TRUE
8,23,78,"regular",TRUE
8,23,79,"regular",TRUE
8,23,80,"regular",TRUE
8,23,81,"regular",TRUE
8,23,86,"rateau",TRUE
8,23,87,"rateau",TRUE
8,23,88,"regular",TRUE
8,23,89,"regular",TRUE
8,23,90,"regular",TRUE
8,23,91,"regular",TRUE
8,23,92,"regular",TRUE
8,23,93,"regular",FALSE
8,23,94,"regular",TRUE
8,23,95,"regular",TRUE
8,23,96,"regular",TRUE
8,23,97,"regular",TRUE
8,23,98,"rateau",TRUE
8,23,99,"regular",TRUE
8,24,51,"regular",TRUE
8,24,58,"regular",FALSE
8,24,59,"regular",TRUE
8,24,60,"regular",TRUE
8,24,61,"regular",TRUE
8,24,62,"rateau",TRUE
8,24,63,"rateau",TRUE
8,24,64,"rateau",TRUE
8,24,65,"regular",TRUE
8,24,66,"regular",TRUE
8,24,67,"rateau",TRUE
8,24,68,"regular",TRUE
8,24,69,"regular",TRUE
8,24,70,"rateau",TRUE
8,24,71,"rateau",TRUE
8,24,72,"regular",TRUE
8,24,73,"regular",TRUE
8,24,74,"regular",TRUE
8,24,75,"regular",TRUE
8,24,76,"regular",TRUE
8,24,77,"regular",TRUE
8,24,78,"rateau",TRUE
8,24,79,"regular",TRUE
8,24,80,"regular",FALSE
8,24,81,"regular",TRUE
8,24,82,"regular",TRUE
8,24,83,"regular",TRUE
8,24,84,"regular",TRUE
8,24,85,"regular",TRUE
8,24,86,"regular",TRUE
8,24,87,"regular",TRUE
8,24,88,"regular",TRUE
8,24,90,"regular",TRUE
8,24,91,"regular",TRUE
8,24,92,"regular",TRUE
8,24,93,"regular",TRUE
8,24,94,"regular",TRUE
8,24,99,"regular",TRUE
8,25,51,"regular",TRUE
8,25,58,"regular",TRUE
8,25,59,"regular",TRUE
8,25,60,"regular",TRUE
8,25,61,"rateau",TRUE
8,25,62,"rateau",TRUE
8,25,63,"rateau",TRUE
8,25,64,"rateau",TRUE
8,25,65,"regular",TRUE
8,25,66,"regular",TRUE
8,25,67,"rateau",TRUE
8,25,68,"regular",TRUE
8,25,69,"rateau",TRUE
8,25,70,"regular",TRUE
8,25,71,"regular",TRUE
8,25,72,"regular",TRUE
8,25,73,"regular",TRUE
8,25,74,"regular",TRUE
8,25,75,"regular",TRUE
8,25,76,"rateau",TRUE
8,25,77,"regular",TRUE
8,25,78,"regular",TRUE
8,25,79,"regular",TRUE
8,25,80,"regular",TRUE
8,25,81,"regular",TRUE
8,25,86,"regular",TRUE
8,25,87,"regular",TRUE
8,25,88,"regular",TRUE
8,25,89,"regular",TRUE
8,25,90,"regular",TRUE
8,25,91,"regular",TRUE
8,25,92,"regular",TRUE
8,25,93,"regular",TRUE
8,25,94,"regular",TRUE
8,25,95,"regular",TRUE
8,25,96,"regular",TRUE
8,25,97,"regular",TRUE
8,25,98,"regular",TRUE
8,26,51,"regular",TRUE
8,26,58,"rateau",TRUE
8,26,59,"rateau",TRUE
8,26,60,"rateau",TRUE
8,26,61,"rateau",TRUE
8,26,62,"regular",TRUE
8,26,67,"regular",TRUE
8,26,68,"regular",TRUE
8,26,69,"regular",TRUE
8,26,70,"regular",TRUE
8,26,71,"regular",TRUE
8,26,72,"regular",TRUE
8,26,73,"regular",TRUE
8,26,74,"regular",TRUE
8,26,75,"regular",TRUE
8,26,77,"regular",TRUE
8,26,78,"regular",TRUE
8,26,79,"regular",FALSE
8,26,80,"regular",TRUE
8,26,81,"regular",TRUE
8,26,82,"rateau",FALSE
8,26,83,"regular",TRUE
8,26,84,"regular",FALSE
8,26,85,"regular",TRUE
8,26,86,"rateau",FALSE
8,26,87,"rateau",TRUE
8,26,88,"rateau",TRUE
8,26,89,"regular",TRUE
8,26,90,"rateau",TRUE
8,26,91,"rateau",TRUE
8,26,92,"rateau",TRUE
8,26,93,"regular",TRUE
8,26,94,"regular",TRUE
8,26,95,"regular",TRUE
8,26,96,"rateau",TRUE
8,26,97,"rateau",TRUE
8,26,98,"regular",TRUE
8,26,99,"regular",TRUE
8,27,51,"regular",TRUE
8,27,58,"regular",TRUE
8,27,59,"regular",TRUE
8,27,60,"regular",TRUE
8,27,61,"regular",TRUE
8,27,62,"regular",TRUE
8,27,63,"rateau",TRUE
8,27,64,"rateau",FALSE
8,27,65,"regular",TRUE
8,27,66,"regular",TRUE
8,27,67,"regular",TRUE
8,27,68,"rateau",FALSE
8,27,69,"regular",TRUE
8,27,70,"regular",TRUE
8,27,71,"regular",TRUE
8,27,72,"regular",TRUE
8,27,73,"regular",TRUE
8,27,74,"regular",TRUE
8,27,75,"regular",TRUE
8,27,76,"regular",TRUE
8,27,77,"regular",TRUE
8,27,78,"regular",TRUE
8,27,80,"regular",TRUE
8,27,81,"regular",TRUE
8,27,82,"rateau",TRUE
8,27,83,"rateau",TRUE
8,27,84,"regular",TRUE
8,27,89,"rateau",TRUE
8,27,90,"regular",TRUE
8,27,91,"rateau",TRUE
8,27,92,"rateau",TRUE
8,27,93,"regular",TRUE
8,27,94,"regular",TRUE
8,27,95,"regular",TRUE
8,27,96,"regular",TRUE
8,27,97,"regular",TRUE
8,27,98,"regular",TRUE
8,27,99,"regular",TRUE
8,28,51,"regular",TRUE
8,28,58,"regular",TRUE
8,28,59,"regular",TRUE
8,28,60,"regular",TRUE
8,28,61,"rateau",TRUE
8,28,62,"regular",TRUE
8,28,63,"regular",TRUE
8,28,64,"regular",TRUE
8,28,65,"regular",TRUE
8,28,66,"regular",TRUE
8,28,67,"regular",TRUE
8,28,68,"rateau",TRUE
8,28,69,"regular",TRUE
8,28,70,"regular",TRUE
8,28,71,"regular",TRUE
8,28,72,"regular",TRUE
8,28,73,"rateau",TRUE
8,28,74,"rateau",TRUE
8,28,75,"regular",TRUE
8,28,76,"regular",TRUE
8,28,77,"regular",TRUE
8,28,78,"regular",TRUE
8,28,80,"regular",TRUE
8,28,81,"regular",TRUE
8,28,82,"regular",TRUE
8,28,83,"regular",TRUE
8,28,84,"regular",TRUE
8,28,89,"rateau",TRUE
8,28,90,"rateau",TRUE
8,28,91,"rateau",TRUE
8,28,92,"regular",TRUE
8,28,93,"regular",TRUE
8,28,94,"rateau",TRUE
8,28,95,"rateau",TRUE
8,28,96,"rateau",TRUE
8,28,97,"regular",TRUE
8,28,98,"rateau",TRUE
8,28,99,"regular",TRUE
8,29,51,"regular",TRUE
8,29,58,"regular",TRUE
8,29,59,"regular",TRUE
8,29,60,"rateau",TRUE
8,29,61,"rateau",TRUE
8,29,62,"rateau",TRUE
8,29,63,"rateau",TRUE
8,29,64,"regular",TRUE
8,29,65,"regular",TRUE
8,29,66,"regular",TRUE
8,29,67,"regular",TRUE
8,29,68,"regular",TRUE
8,29,69,"regular",TRUE
8,29,70,"rateau",TRUE
8,29,71,"rateau",TRUE
8,29,72,"rateau",TRUE
8,29,73,"regular",TRUE
8,29,74,"regular",TRUE
8,29,75,"regular",TRUE
8,29,77,"regular",TRUE
8,29,78,"regular",TRUE
8,29,79,"rateau",TRUE
8,29,80,"rateau",TRUE
8,29,81,"regular",TRUE
8,29,82,"regular",TRUE
8,29,83,"regular",TRUE
8,29,84,"regular",TRUE
8,29,85,"regular",TRUE
8,29,86,"regular",TRUE
8,29,91,"rateau",TRUE
8,29,92,"rateau",TRUE
8,29,93,"rateau",TRUE
8,29,94,"regular",TRUE
8,29,95,"regular",TRUE
8,29,96,"rateau",TRUE
8,29,97,"regular",TRUE
8,29,98,"regular",TRUE
8,29,99,"regular",FALSE
8,3,51,"rateau",TRUE
8,3,52,"regular",TRUE
8,3,53,"rateau",TRUE
8,3,54,"regular",TRUE
8,3,55,"rateau",TRUE
8,3,56,"rateau",TRUE
8,3,57,"regular",TRUE
8,3,58,"regular",TRUE
8,3,59,"regular",TRUE
8,3,60,"regular",FALSE
8,3,61,"regular",FALSE
8,3,62,"regular",TRUE
8,3,63,"regular",TRUE
8,3,64,"regular",TRUE
8,3,65,"regular",TRUE
8,3,66,"regular",TRUE
8,3,67,"regular",TRUE
8,3,68,"regular",TRUE
8,3,69,"rateau",TRUE
8,3,70,"rateau",TRUE
8,3,71,"regular",TRUE
8,3,72,"regular",TRUE
8,3,73,"rateau",TRUE
8,3,74,"rateau",TRUE
8,3,75,"regular",TRUE
8,3,76,"regular",FALSE
8,3,77,"regular",TRUE
8,3,78,"regular",TRUE
8,3,79,"regular",TRUE
8,3,80,"regular",TRUE
8,3,81,"regular",TRUE
8,3,82,"regular",TRUE
8,3,83,"regular",TRUE
8,3,85,"regular",TRUE
8,3,86,"regular",TRUE
8,3,87,"regular",FALSE
8,3,88,"regular",TRUE
8,3,89,"regular",TRUE
8,30,51,"regular",TRUE
8,30,58,"regular",TRUE
8,30,59,"regular",TRUE
8,30,60,"rateau",TRUE
8,30,61,"rateau",TRUE
8,30,62,"rateau",TRUE
8,30,63,"rateau",FALSE
8,30,64,"rateau",FALSE
8,30,65,"rateau",TRUE
8,30,66,"rateau",TRUE
8,30,67,"rateau",TRUE
8,30,68,"regular",TRUE
8,30,73,"regular",TRUE
8,30,74,"regular",TRUE
8,30,75,"regular",TRUE
8,30,76,"regular",TRUE
8,30,77,"regular",FALSE
8,30,78,"regular",TRUE
8,30,79,"regular",TRUE
8,30,80,"regular",TRUE
8,30,81,"regular",TRUE
8,30,83,"regular",TRUE
8,30,84,"regular",TRUE
8,30,85,"regular",TRUE
8,30,86,"regular",TRUE
8,30,87,"regular",TRUE
8,30,88,"rateau",TRUE
8,30,89,"rateau",TRUE
8,30,90,"regular",TRUE
8,30,91,"regular",TRUE
8,30,92,"regular",FALSE
8,30,93,"regular",TRUE
8,30,94,"regular",TRUE
8,30,95,"regular",TRUE
8,30,96,"regular",TRUE
8,30,97,"regular",TRUE
8,30,98,"regular",TRUE
8,30,99,"regular",FALSE
8,31,51,"regular",TRUE
8,31,58,"regular",TRUE
8,31,59,"regular",TRUE
8,31,60,"rateau",TRUE
8,31,61,"rateau",TRUE
8,31,62,"rateau",TRUE
8,31,63,"regular",FALSE
8,31,64,"regular",TRUE
8,31,65,"regular",TRUE
8,31,66,"regular",TRUE
8,31,67,"regular",FALSE
8,31,68,"regular",TRUE
8,31,69,"rateau",FALSE
8,31,70,"regular",TRUE
8,31,71,"regular",TRUE
8,31,72,"regular",TRUE
8,31,73,"regular",TRUE
8,31,74,"regular",TRUE
8,31,75,"regular",TRUE
8,31,76,"regular",TRUE
8,31,77,"regular",TRUE
8,31,78,"rateau",FALSE
8,31,79,"rateau",TRUE
8,31,80,"rateau",TRUE
8,31,81,"regular",TRUE
8,31,82,"regular",TRUE
8,31,83,"regular",TRUE
8,31,84,"regular",TRUE
8,31,85,"regular",TRUE
8,31,86,"regular",TRUE
8,31,87,"regular",TRUE
8,31,88,"regular",TRUE
8,31,89,"regular",TRUE
8,31,90,"regular",TRUE
8,31,91,"regular",TRUE
8,31,92,"regular",TRUE
8,31,93,"regular",TRUE
8,31,99,"regular",TRUE
8,32,51,"regular",TRUE
8,32,58,"regular",TRUE
8,32,59,"regular",TRUE
8,32,60,"rateau",TRUE
8,32,61,"regular",TRUE
8,32,62,"regular",TRUE
8,32,63,"rateau",TRUE
8,32,64,"rateau",TRUE
8,32,65,"regular",TRUE
8,32,66,"regular",TRUE
8,32,67,"regular",TRUE
8,32,68,"regular",TRUE
8,32,69,"regular",TRUE
8,32,70,"regular",TRUE
8,32,71,"rateau",TRUE
8,32,72,"rateau",FALSE
8,32,73,"rateau",FALSE
8,32,74,"regular",TRUE
8,32,75,"regular",TRUE
8,32,76,"regular",TRUE
8,32,77,"regular",TRUE
8,32,78,"regular",TRUE
8,32,79,"regular",TRUE
8,32,80,"regular",TRUE
8,32,81,"regular",TRUE
8,32,82,"regular",TRUE
8,32,83,"regular",TRUE
8,32,85,"regular",TRUE
8,32,86,"regular",TRUE
8,32,87,"regular",TRUE
8,32,88,"regular",TRUE
8,32,89,"regular",TRUE
8,32,94,"rateau",FALSE
8,32,95,"rateau",TRUE
8,32,96,"regular",TRUE
8,32,97,"rateau",FALSE
8,32,98,"regular",TRUE
8,32,99,"regular",TRUE
8,33,51,"regular",TRUE
8,33,58,"regular",TRUE
8,33,59,"rateau",TRUE
8,33,60,"rateau",TRUE
8,33,61,"rateau",TRUE
8,33,62,"regular",TRUE
8,33,63,"regular",TRUE
8,33,64,"regular",TRUE
8,33,65,"regular",TRUE
8,33,66,"regular",TRUE
8,33,67,"regular",TRUE
8,33,68,"rateau",TRUE
8,33,69,"rateau",TRUE
8,33,70,"rateau",TRUE
8,33,71,"regular",TRUE
8,33,72,"regular",TRUE
8,33,73,"regular",TRUE
8,33,74,"regular",TRUE
8,33,75,"regular",TRUE
8,33,76,"regular",TRUE
8,33,77,"regular",TRUE
8,33,78,"regular",TRUE
8,33,79,"regular",TRUE
8,33,81,"regular",TRUE
8,33,82,"regular",TRUE
8,33,83,"regular",TRUE
8,33,84,"regular",TRUE
8,33,85,"regular",TRUE
8,33,90,"rateau",TRUE
8,33,91,"rateau",TRUE
8,33,92,"rateau",TRUE
8,33,93,"regular",TRUE
8,33,94,"rateau",TRUE
8,33,95,"regular",TRUE
8,33,96,"regular",TRUE
8,33,97,"regular",TRUE
8,33,98,"regular",TRUE
8,33,99,"regular",TRUE
8,34,51,"regular",TRUE
8,34,58,"regular",TRUE
8,34,59,"regular",TRUE
8,34,60,"rateau",TRUE
8,34,61,"rateau",TRUE
8,34,62,"regular",TRUE
8,34,63,"rateau",TRUE
8,34,64,"rateau",FALSE
8,34,65,"rateau",TRUE
8,34,66,"regular",TRUE
8,34,67,"regular",TRUE
8,34,68,"regular",TRUE
8,34,69,"regular",TRUE
8,34,70,"regular",TRUE
8,34,71,"regular",TRUE
8,34,72,"rateau",FALSE
8,34,73,"rateau",FALSE
8,34,74,"rateau",FALSE
8,34,75,"regular",TRUE
8,34,76,"rateau",FALSE
8,34,77,"rateau",FALSE
8,34,78,"regular",TRUE
8,34,79,"rateau",FALSE
8,34,80,"rateau",FALSE
8,34,85,"rateau",FALSE
8,34,86,"regular",TRUE
8,34,87,"regular",TRUE
8,34,88,"regular",TRUE
8,34,90,"regular",TRUE
8,34,91,"regular",TRUE
8,34,92,"regular",TRUE
8,34,93,"regular",TRUE
8,34,94,"regular",TRUE
8,34,95,"regular",TRUE
8,34,96,"regular",TRUE
8,34,97,"regular",FALSE
8,34,98,"regular",TRUE
8,34,99,"regular",TRUE
8,35,51,"regular",TRUE
8,35,58,"regular",TRUE
8,35,59,"regular",TRUE
8,35,60,"regular",TRUE
8,35,61,"rateau",TRUE
8,35,62,"regular",TRUE
8,35,63,"rateau",FALSE
8,35,64,"rateau",TRUE
8,35,65,"regular",TRUE
8,35,66,"regular",TRUE
8,35,67,"regular",TRUE
8,35,68,"regular",TRUE
8,35,69,"regular",TRUE
8,35,70,"regular",TRUE
8,35,71,"rateau",TRUE
8,35,72,"rateau",TRUE
8,35,73,"regular",TRUE
8,35,75,"regular",TRUE
8,35,76,"regular",TRUE
8,35,77,"regular",TRUE
8,35,78,"regular",TRUE
8,35,79,"regular",TRUE
8,35,84,"rateau",FALSE
8,35,85,"rateau",FALSE
8,35,86,"rateau",FALSE
8,35,87,"rateau",FALSE
8,35,88,"rateau",TRUE
8,35,89,"regular",TRUE
8,35,90,"regular",TRUE
8,35,91,"rateau",FALSE
8,35,92,"regular",TRUE
8,35,93,"regular",TRUE
8,35,94,"regular",TRUE
8,35,95,"regular",TRUE
8,35,96,"regular",TRUE
8,35,97,"regular",TRUE
8,35,98,"regular",TRUE
8,35,99,"regular",TRUE
8,36,51,"regular",TRUE
8,36,58,"rateau",TRUE
8,36,59,"rateau",FALSE
8,36,60,"regular",TRUE
8,36,61,"rateau",FALSE
8,36,62,"rateau",FALSE
8,36,63,"regular",TRUE
8,36,64,"regular",TRUE
8,36,65,"rateau",TRUE
8,36,66,"regular",TRUE
8,36,67,"regular",TRUE
8,36,68,"regular",TRUE
8,36,69,"regular",TRUE
8,36,70,"regular",TRUE
8,36,71,"regular",TRUE
8,36,72,"rateau",TRUE
8,36,73,"regular",TRUE
8,36,74,"regular",FALSE
8,36,75,"regular",TRUE
8,36,76,"regular",TRUE
8,36,77,"regular",TRUE
8,36,78,"regular",FALSE
8,36,79,"regular",TRUE
8,36,80,"regular",TRUE
8,36,81,"regular",TRUE
8,36,82,"regular",TRUE
8,36,84,"regular",TRUE
8,36,85,"regular",TRUE
8,36,86,"regular",TRUE
8,36,87,"regular",TRUE
8,36,88,"regular",TRUE
8,36,93,"rateau",TRUE
8,36,94,"regular",TRUE
8,36,95,"regular",TRUE
8,36,96,"rateau",TRUE
8,36,97,"rateau",FALSE
8,36,98,"regular",TRUE
8,36,99,"regular",TRUE
8,37,51,"regular",TRUE
8,37,58,"regular",TRUE
8,37,59,"rateau",TRUE
8,37,60,"rateau",TRUE
8,37,61,"regular",TRUE
8,37,62,"regular",TRUE
8,37,63,"rateau",FALSE
8,37,64,"rateau",TRUE
8,37,65,"regular",TRUE
8,37,66,"regular",TRUE
8,37,67,"regular",TRUE
8,37,68,"regular",TRUE
8,37,69,"regular",TRUE
8,37,70,"regular",TRUE
8,37,71,"rateau",FALSE
8,37,72,"rateau",FALSE
8,37,73,"rateau",FALSE
8,37,78,"regular",TRUE
8,37,79,"regular",TRUE
8,37,80,"regular",TRUE
8,37,81,"regular",TRUE
8,37,82,"regular",TRUE
8,37,83,"regular",TRUE
8,37,84,"regular",TRUE
8,37,85,"regular",TRUE
8,37,87,"regular",TRUE
8,37,88,"regular",TRUE
8,37,89,"regular",TRUE
8,37,90,"regular",FALSE
8,37,91,"regular",TRUE
8,37,92,"regular",TRUE
8,37,93,"regular",TRUE
8,37,94,"regular",TRUE
8,37,95,"regular",TRUE
8,37,96,"regular",FALSE
8,37,97,"regular",TRUE
8,37,98,"regular",TRUE
8,37,99,"regular",TRUE
8,38,51,"regular",TRUE
8,38,52,"rateau",TRUE
8,38,53,"regular",TRUE
8,38,54,"rateau",TRUE
8,38,55,"regular",TRUE
8,38,56,"regular",TRUE
8,38,57,"rateau",TRUE
8,38,58,"rateau",TRUE
8,38,59,"rateau",TRUE
8,38,60,"rateau",TRUE
8,38,61,"regular",TRUE
8,38,62,"rateau",TRUE
8,38,63,"rateau",TRUE
8,38,64,"rateau",TRUE
8,38,65,"regular",TRUE
8,38,66,"regular",TRUE
8,38,67,"regular",TRUE
8,38,68,"regular",FALSE
8,38,73,"regular",TRUE
8,38,74,"regular",TRUE
8,38,75,"regular",TRUE
8,38,76,"regular",FALSE
8,38,77,"regular",TRUE
8,38,78,"regular",TRUE
8,38,79,"regular",TRUE
8,38,80,"regular",TRUE
8,38,82,"regular",TRUE
8,38,83,"regular",TRUE
8,38,84,"regular",TRUE
8,38,85,"regular",TRUE
8,38,86,"regular",TRUE
8,38,87,"regular",TRUE
8,38,88,"regular",TRUE
8,38,89,"regular",TRUE
8,38,90,"regular",TRUE
8,38,91,"regular",TRUE
8,38,92,"regular",TRUE
8,38,93,"regular",TRUE
8,39,51,"regular",TRUE
8,39,58,"regular",TRUE
8,39,59,"regular",TRUE
8,39,60,"regular",TRUE
8,39,61,"rateau",TRUE
8,39,62,"rateau",TRUE
8,39,63,"rateau",TRUE
8,39,64,"rateau",TRUE
8,39,65,"rateau",TRUE
8,39,66,"regular",TRUE
8,39,67,"regular",TRUE
8,39,68,"regular",TRUE
8,39,69,"regular",TRUE
8,39,70,"rateau",TRUE
8,39,71,"rateau",TRUE
8,39,72,"rateau",TRUE
8,39,73,"regular",TRUE
8,39,74,"rateau",TRUE
8,39,75,"regular",TRUE
8,39,76,"regular",TRUE
8,39,77,"regular",TRUE
8,39,78,"regular",TRUE
8,39,79,"regular",TRUE
8,39,80,"rateau",TRUE
8,39,81,"rateau",TRUE
8,39,82,"regular",TRUE
8,39,83,"regular",TRUE
8,39,84,"rateau",TRUE
8,39,85,"rateau",TRUE
8,39,86,"regular",TRUE
8,39,87,"regular",TRUE
8,39,88,"regular",TRUE
8,39,89,"regular",TRUE
8,39,90,"regular",TRUE
8,39,91,"regular",TRUE
8,39,92,"rateau",TRUE
8,39,93,"rateau",TRUE
8,39,94,"regular",TRUE
8,4,51,"regular",TRUE
8,4,58,"regular",FALSE
8,4,59,"rateau",TRUE
8,4,60,"regular",TRUE
8,4,61,"regular",TRUE
8,4,62,"rateau",TRUE
8,4,63,"rateau",TRUE
8,4,64,"rateau",TRUE
8,4,65,"rateau",FALSE
8,4,66,"rateau",FALSE
8,4,67,"rateau",TRUE
8,4,68,"regular",TRUE
8,4,69,"regular",TRUE
8,4,70,"regular",TRUE
8,4,71,"regular",TRUE
8,4,72,"regular",TRUE
8,4,73,"regular",TRUE
8,4,78,"regular",FALSE
8,4,79,"regular",TRUE
8,4,80,"regular",TRUE
8,4,81,"regular",TRUE
8,4,82,"regular",TRUE
8,4,83,"regular",TRUE
8,4,84,"regular",TRUE
8,4,85,"regular",TRUE
8,4,86,"regular",TRUE
8,4,87,"regular",TRUE
8,4,88,"regular",TRUE
8,4,89,"regular",TRUE
8,4,90,"regular",TRUE
8,4,91,"regular",TRUE
8,4,93,"rateau",TRUE
8,4,94,"regular",TRUE
8,4,95,"regular",TRUE
8,4,96,"rateau",TRUE
8,4,97,"regular",TRUE
8,4,98,"regular",TRUE
8,4,99,"regular",TRUE
8,40,51,"regular",TRUE
8,40,58,"rateau",TRUE
8,40,59,"regular",TRUE
8,40,60,"regular",TRUE
8,40,61,"rateau",TRUE
8,40,62,"rateau",FALSE
8,40,63,"regular",TRUE
8,40,64,"regular",TRUE
8,40,65,"rateau",FALSE
8,40,66,"regular",TRUE
8,40,67,"regular",TRUE
8,40,68,"regular",TRUE
8,40,69,"regular",TRUE
8,40,70,"regular",TRUE
8,40,71,"regular",TRUE
8,40,72,"rateau",FALSE
8,40,73,"regular",TRUE
8,40,78,"regular",TRUE
8,40,79,"regular",TRUE
8,40,80,"regular",TRUE
8,40,81,"regular",TRUE
8,40,82,"regular",TRUE
8,40,83,"regular",TRUE
8,40,84,"regular",TRUE
8,40,85,"regular",TRUE
8,40,87,"regular",TRUE
8,40,88,"regular",TRUE
8,40,89,"regular",TRUE
8,40,90,"regular",TRUE
8,40,91,"regular",TRUE
8,40,92,"rateau",FALSE
8,40,93,"rateau",TRUE
8,40,94,"regular",TRUE
8,40,95,"regular",TRUE
8,40,96,"regular",TRUE
8,40,97,"regular",TRUE
8,40,98,"regular",FALSE
8,40,99,"regular",TRUE
8,41,51,"regular",TRUE
8,41,58,"regular",TRUE
8,41,59,"regular",TRUE
8,41,60,"rateau",TRUE
8,41,61,"rateau",TRUE
8,41,62,"regular",TRUE
8,41,63,"regular",TRUE
8,41,64,"regular",TRUE
8,41,65,"regular",TRUE
8,41,66,"regular",FALSE
8,41,67,"regular",TRUE
8,41,68,"rateau",TRUE
8,41,69,"regular",TRUE
8,41,70,"rateau",TRUE
8,41,71,"rateau",TRUE
8,41,72,"rateau",TRUE
8,41,73,"rateau",TRUE
8,41,74,"rateau",TRUE
8,41,75,"rateau",FALSE
8,41,76,"regular",TRUE
8,41,77,"regular",TRUE
8,41,78,"regular",TRUE
8,41,79,"regular",TRUE
8,41,80,"regular",TRUE
8,41,81,"regular",FALSE
8,41,82,"regular",TRUE
8,41,83,"regular",TRUE
8,41,84,"regular",TRUE
8,41,85,"regular",TRUE
8,41,86,"regular",TRUE
8,41,87,"regular",TRUE
8,41,88,"regular",TRUE
8,41,89,"regular",TRUE
8,41,91,"regular",TRUE
8,41,92,"rateau",TRUE
8,41,93,"rateau",TRUE
8,41,94,"regular",TRUE
8,41,95,"regular",TRUE
8,42,51,"regular",TRUE
8,42,58,"regular",TRUE
8,42,59,"regular",TRUE
8,42,60,"regular",TRUE
8,42,61,"regular",FALSE
8,42,62,"rateau",TRUE
8,42,63,"rateau",TRUE
8,42,64,"rateau",TRUE
8,42,65,"regular",TRUE
8,42,66,"regular",TRUE
8,42,67,"regular",TRUE
8,42,68,"regular",TRUE
8,42,69,"regular",TRUE
8,42,70,"regular",TRUE
8,42,71,"regular",TRUE
8,42,76,"regular",TRUE
8,42,77,"regular",TRUE
8,42,78,"regular",TRUE
8,42,79,"regular",FALSE
8,42,80,"regular",TRUE
8,42,81,"regular",TRUE
8,42,82,"regular",TRUE
8,42,83,"regular",TRUE
8,42,84,"regular",TRUE
8,42,85,"regular",TRUE
8,42,86,"regular",TRUE
8,42,87,"regular",TRUE
8,42,88,"regular",TRUE
8,42,90,"regular",FALSE
8,42,91,"rateau",TRUE
8,42,92,"rateau",TRUE
8,42,93,"regular",TRUE
8,42,94,"regular",TRUE
8,42,95,"regular",TRUE
8,42,96,"regular",TRUE
8,42,97,"regular",TRUE
8,42,98,"regular",TRUE
8,42,99,"regular",TRUE
8,43,51,"regular",TRUE
8,43,58,"regular",TRUE
8,43,59,"regular",TRUE
8,43,60,"regular",TRUE
8,43,61,"regular",TRUE
8,43,62,"rateau",TRUE
8,43,67,"rateau",TRUE
8,43,68,"regular",TRUE
8,43,69,"regular",TRUE
8,43,70,"regular",TRUE
8,43,71,"regular",TRUE
8,43,72,"regular",TRUE
8,43,73,"regular",TRUE
8,43,74,"regular",TRUE
8,43,75,"regular",TRUE
8,43,77,"regular",TRUE
8,43,78,"regular",TRUE
8,43,79,"regular",TRUE
8,43,80,"regular",TRUE
8,43,81,"regular",TRUE
8,43,82,"regular",FALSE
8,43,83,"rateau",FALSE
8,43,84,"rateau",TRUE
8,43,85,"regular",FALSE
8,43,86,"regular",TRUE
8,43,87,"rateau",FALSE
8,43,88,"regular",TRUE
8,43,89,"regular",TRUE
8,43,90,"rateau",TRUE
8,43,91,"rateau",TRUE
8,43,92,"rateau",TRUE
8,43,93,"regular",TRUE
8,43,94,"regular",TRUE
8,43,95,"regular",TRUE
8,43,96,"regular",TRUE
8,43,97,"regular",TRUE
8,43,98,"regular",TRUE
8,43,99,"regular",TRUE
8,44,51,"regular",TRUE
8,44,58,"regular",TRUE
8,44,59,"regular",TRUE
8,44,60,"regular",TRUE
8,44,61,"regular",TRUE
8,44,62,"rateau",TRUE
8,44,63,"rateau",TRUE
8,44,64,"regular",TRUE
8,44,65,"regular",TRUE
8,44,66,"regular",TRUE
8,44,67,"regular",TRUE
8,44,68,"regular",FALSE
8,44,69,"rateau",TRUE
8,44,70,"rateau",TRUE
8,44,71,"regular",TRUE
8,44,76,"regular",TRUE
8,44,77,"regular",TRUE
8,44,78,"regular",TRUE
8,44,79,"regular",TRUE
8,44,80,"regular",FALSE
8,44,81,"regular",TRUE
8,44,82,"regular",TRUE
8,44,83,"regular",TRUE
8,44,84,"regular",TRUE
8,44,86,"regular",TRUE
8,44,87,"regular",TRUE
8,44,88,"regular",TRUE
8,44,89,"regular",TRUE
8,44,90,"regular",TRUE
8,44,91,"rateau",TRUE
8,44,92,"rateau",TRUE
8,44,93,"regular",TRUE
8,44,94,"regular",TRUE
8,44,95,"regular",TRUE
8,44,96,"rateau",TRUE
8,44,97,"regular",TRUE
8,44,98,"regular",TRUE
8,44,99,"regular",TRUE
8,45,51,"regular",TRUE
8,45,58,"regular",TRUE
8,45,59,"regular",TRUE
8,45,60,"regular",TRUE
8,45,61,"regular",TRUE
8,45,62,"rateau",TRUE
8,45,63,"rateau",TRUE
8,45,64,"regular",TRUE
8,45,65,"regular",TRUE
8,45,66,"regular",TRUE
8,45,67,"regular",TRUE
8,45,68,"regular",TRUE
8,45,69,"rateau",TRUE
8,45,70,"regular",TRUE
8,45,71,"regular",FALSE
8,45,72,"regular",TRUE
8,45,73,"regular",TRUE
8,45,74,"regular",TRUE
8,45,75,"regular",TRUE
8,45,76,"regular",TRUE
8,45,77,"regular",TRUE
8,45,78,"regular",TRUE
8,45,79,"regular",TRUE
8,45,80,"regular",TRUE
8,45,81,"regular",TRUE
8,45,82,"regular",TRUE
8,45,83,"regular",TRUE
8,45,84,"regular",TRUE
8,45,85,"regular",TRUE
8,45,91,"regular",FALSE
8,45,92,"rateau",TRUE
8,45,93,"regular",TRUE
8,45,94,"regular",TRUE
8,45,95,"regular",FALSE
8,45,96,"rateau",FALSE
8,45,97,"regular",TRUE
8,45,98,"rateau",TRUE
8,45,99,"regular",TRUE
8,46,51,"regular",TRUE
8,46,58,"regular",TRUE
8,46,59,"regular",TRUE
8,46,60,"regular",TRUE
8,46,61,"regular",TRUE
8,46,62,"regular",TRUE
8,46,63,"regular",TRUE
8,46,64,"rateau",TRUE
8,46,65,"rateau",TRUE
8,46,66,"rateau",FALSE
8,46,67,"rateau",FALSE
8,46,68,"rateau",FALSE
8,46,69,"regular",TRUE
8,46,70,"regular",TRUE
8,46,71,"regular",TRUE
8,46,72,"rateau",FALSE
8,46,73,"regular",TRUE
8,46,74,"rateau",TRUE
8,46,75,"regular",TRUE
8,46,76,"regular",TRUE
8,46,77,"regular",TRUE
8,46,78,"regular",TRUE
8,46,79,"regular",TRUE
8,46,80,"regular",TRUE
8,46,81,"regular",TRUE
8,46,82,"regular",TRUE
8,46,83,"regular",TRUE
8,46,84,"regular",TRUE
8,46,85,"regular",TRUE
8,46,86,"regular",TRUE
8,46,87,"regular",TRUE
8,46,88,"regular",TRUE
8,46,94,"regular",TRUE
8,46,95,"regular",TRUE
8,46,96,"regular",TRUE
8,46,97,"regular",TRUE
8,46,98,"regular",TRUE
8,46,99,"regular",TRUE
8,47,51,"regular",TRUE
8,47,58,"regular",FALSE
8,47,59,"regular",TRUE
8,47,60,"rateau",TRUE
8,47,61,"rateau",FALSE
8,47,62,"rateau",TRUE
8,47,63,"regular",TRUE
8,47,64,"rateau",FALSE
8,47,65,"rateau",TRUE
8,47,66,"rateau",TRUE
8,47,67,"rateau",TRUE
8,47,68,"regular",TRUE
8,47,69,"regular",TRUE
8,47,70,"rateau",TRUE
8,47,71,"rateau",TRUE
8,47,72,"regular",TRUE
8,47,73,"regular",TRUE
8,47,74,"regular",FALSE
8,47,75,"regular",TRUE
8,47,76,"regular",TRUE
8,47,77,"regular",TRUE
8,47,78,"regular",TRUE
8,47,79,"regular",TRUE
8,47,81,"regular",TRUE
8,47,82,"regular",TRUE
8,47,83,"regular",TRUE
8,47,84,"regular",TRUE
8,47,85,"regular",TRUE
8,47,90,"rateau",TRUE
8,47,91,"rateau",TRUE
8,47,92,"regular",TRUE
8,47,93,"regular",TRUE
8,47,94,"regular",TRUE
8,47,95,"rateau",TRUE
8,47,96,"regular",TRUE
8,47,97,"rateau",TRUE
8,47,98,"regular",TRUE
8,47,99,"regular",TRUE
8,48,51,"regular",TRUE
8,48,58,"regular",TRUE
8,48,59,"regular",TRUE
8,48,60,"regular",FALSE
8,48,61,"regular",TRUE
8,48,62,"regular",FALSE
8,48,63,"rateau",TRUE
8,48,64,"rateau",TRUE
8,48,65,"regular",TRUE
8,48,66,"regular",TRUE
8,48,67,"regular",TRUE
8,48,68,"regular",TRUE
8,48,69,"regular",TRUE
8,48,70,"rateau",TRUE
8,48,71,"regular",TRUE
8,48,72,"regular",TRUE
8,48,73,"regular",TRUE
8,48,74,"regular",TRUE
8,48,75,"regular",TRUE
8,48,76,"regular",TRUE
8,48,77,"regular",TRUE
8,48,78,"regular",TRUE
8,48,79,"regular",TRUE
8,48,81,"regular",TRUE
8,48,82,"regular",TRUE
8,48,83,"regular",TRUE
8,48,84,"regular",TRUE
8,48,85,"regular",TRUE
8,48,90,"regular",FALSE
8,48,91,"regular",TRUE
8,48,92,"regular",TRUE
8,48,93,"regular",TRUE
8,48,94,"regular",TRUE
8,48,95,"regular",TRUE
8,48,96,"regular",TRUE
8,48,97,"regular",FALSE
8,48,98,"regular",FALSE
8,48,99,"regular",TRUE
8,49,51,"regular",TRUE
8,49,58,"regular",TRUE
8,49,59,"regular",TRUE
8,49,60,"regular",TRUE
8,49,61,"regular",TRUE
8,49,62,"regular",TRUE
8,49,63,"regular",TRUE
8,49,64,"regular",FALSE
8,49,65,"regular",FALSE
8,49,66,"regular",TRUE
8,49,67,"regular",TRUE
8,49,68,"regular",TRUE
8,49,69,"regular",TRUE
8,49,70,"regular",TRUE
8,49,71,"regular",TRUE
8,49,72,"regular",FALSE
8,49,73,"rateau",TRUE
8,49,74,"rateau",TRUE
8,49,75,"regular",TRUE
8,49,76,"regular",TRUE
8,49,77,"regular",TRUE
8,49,78,"regular",TRUE
8,49,79,"regular",TRUE
8,49,80,"regular",FALSE
8,49,81,"regular",TRUE
8,49,86,"regular",TRUE
8,49,87,"regular",TRUE
8,49,88,"rateau",TRUE
8,49,89,"rateau",TRUE
8,49,90,"regular",TRUE
8,49,91,"regular",TRUE
8,49,92,"regular",TRUE
8,49,93,"regular",TRUE
8,49,95,"regular",TRUE
8,49,96,"regular",TRUE
8,49,97,"regular",TRUE
8,49,98,"regular",TRUE
8,49,99,"regular",TRUE
8,5,51,"regular",TRUE
8,5,58,"regular",TRUE
8,5,59,"regular",TRUE
8,5,60,"regular",TRUE
8,5,61,"rateau",TRUE
8,5,62,"rateau",TRUE
8,5,63,"regular",TRUE
8,5,64,"rateau",TRUE
8,5,65,"rateau",FALSE
8,5,66,"rateau",TRUE
8,5,67,"rateau",TRUE
8,5,68,"regular",TRUE
8,5,69,"regular",TRUE
8,5,74,"regular",TRUE
8,5,75,"regular",TRUE
8,5,76,"regular",TRUE
8,5,77,"regular",TRUE
8,5,78,"regular",TRUE
8,5,79,"regular",TRUE
8,5,80,"regular",TRUE
8,5,81,"regular",TRUE
8,5,83,"regular",TRUE
8,5,84,"regular",TRUE
8,5,85,"regular",TRUE
8,5,86,"regular",TRUE
8,5,87,"regular",TRUE
8,5,88,"rateau",TRUE
8,5,89,"rateau",FALSE
8,5,90,"regular",TRUE
8,5,91,"rateau",FALSE
8,5,92,"rateau",FALSE
8,5,93,"regular",TRUE
8,5,94,"regular",TRUE
8,5,95,"regular",TRUE
8,5,96,"regular",TRUE
8,5,97,"regular",TRUE
8,5,98,"regular",TRUE
8,5,99,"regular",TRUE
8,50,51,"regular",TRUE
8,50,58,"regular",TRUE
8,50,59,"regular",TRUE
8,50,60,"regular",TRUE
8,50,61,"regular",TRUE
8,50,62,"regular",TRUE
8,50,63,"rateau",TRUE
8,50,64,"regular",TRUE
8,50,65,"regular",TRUE
8,50,66,"regular",FALSE
8,50,67,"rateau",TRUE
8,50,68,"rateau",TRUE
8,50,69,"regular",TRUE
8,50,70,"regular",TRUE
8,50,71,"regular",TRUE
8,50,72,"regular",TRUE
8,50,73,"regular",TRUE
8,50,74,"regular",TRUE
8,50,75,"rateau",TRUE
8,50,76,"regular",TRUE
8,50,77,"rateau",TRUE
8,50,83,"rateau",FALSE
8,50,84,"rateau",TRUE
8,50,85,"regular",TRUE
8,50,86,"regular",TRUE
8,50,87,"regular",TRUE
8,50,88,"regular",TRUE
8,50,89,"regular",TRUE
8,50,90,"rateau",FALSE
8,50,91,"regular",TRUE
8,50,92,"regular",TRUE
8,50,93,"regular",TRUE
8,50,94,"regular",TRUE
8,50,95,"regular",TRUE
8,50,96,"regular",TRUE
8,50,97,"regular",TRUE
8,50,98,"rateau",TRUE
8,50,99,"rateau",TRUE
8,6,51,"regular",TRUE
8,6,58,"regular",TRUE
8,6,59,"regular",TRUE
8,6,60,"regular",TRUE
8,6,61,"regular",TRUE
8,6,62,"regular",TRUE
8,6,63,"regular",TRUE
8,6,64,"regular",FALSE
8,6,69,"regular",TRUE
8,6,70,"regular",TRUE
8,6,71,"regular",TRUE
8,6,72,"regular",FALSE
8,6,73,"regular",TRUE
8,6,74,"regular",TRUE
8,6,75,"regular",TRUE
8,6,76,"regular",TRUE
8,6,78,"regular",TRUE
8,6,79,"regular",TRUE
8,6,80,"regular",TRUE
8,6,81,"regular",TRUE
8,6,82,"regular",TRUE
8,6,83,"regular",TRUE
8,6,84,"regular",FALSE
8,6,85,"regular",FALSE
8,6,86,"regular",TRUE
8,6,87,"rateau",TRUE
8,6,88,"rateau",TRUE
8,6,89,"regular",TRUE
8,6,90,"regular",TRUE
8,6,91,"regular",TRUE
8,6,92,"rateau",TRUE
8,6,93,"regular",TRUE
8,6,94,"regular",TRUE
8,6,95,"regular",TRUE
8,6,96,"regular",TRUE
8,6,97,"regular",TRUE
8,6,98,"regular",TRUE
8,6,99,"regular",TRUE
8,7,51,"regular",TRUE
8,7,58,"rateau",TRUE
8,7,59,"regular",TRUE
8,7,60,"rateau",TRUE
8,7,61,"rateau",TRUE
8,7,62,"rateau",TRUE
8,7,63,"rateau",TRUE
8,7,64,"rateau",FALSE
8,7,65,"rateau",FALSE
8,7,66,"regular",TRUE
8,7,67,"rateau",TRUE
8,7,68,"rateau",TRUE
8,7,69,"regular",TRUE
8,7,74,"regular",TRUE
8,7,75,"regular",TRUE
8,7,76,"regular",TRUE
8,7,77,"regular",FALSE
8,7,78,"regular",TRUE
8,7,79,"regular",TRUE
8,7,80,"regular",TRUE
8,7,81,"regular",TRUE
8,7,83,"regular",TRUE
8,7,84,"regular",TRUE
8,7,85,"regular",TRUE
8,7,86,"regular",TRUE
8,7,87,"regular",TRUE
8,7,88,"rateau",TRUE
8,7,89,"rateau",TRUE
8,7,90,"regular",TRUE
8,7,91,"regular",TRUE
8,7,92,"regular",TRUE
8,7,93,"regular",TRUE
8,7,94,"regular",TRUE
8,7,95,"regular",TRUE
8,7,96,"regular",TRUE
8,7,97,"regular",TRUE
8,7,98,"regular",TRUE
8,7,99,"regular",TRUE
8,8,51,"regular",TRUE
8,8,58,"rateau",TRUE
8,8,59,"regular",TRUE
8,8,60,"rateau",FALSE
8,8,61,"regular",TRUE
8,8,62,"regular",TRUE
8,8,63,"rateau",FALSE
8,8,64,"regular",TRUE
8,8,65,"regular",TRUE
8,8,66,"rateau",FALSE
8,8,67,"rateau",TRUE
8,8,68,"rateau",TRUE
8,8,69,"rateau",TRUE
8,8,70,"regular",TRUE
8,8,71,"regular",TRUE
8,8,72,"regular",TRUE
8,8,73,"regular",TRUE
8,8,74,"regular",TRUE
8,8,75,"regular",TRUE
8,8,76,"rateau",TRUE
8,8,77,"rateau",FALSE
8,8,78,"regular",TRUE
8,8,79,"regular",TRUE
8,8,80,"regular",TRUE
8,8,85,"regular",TRUE
8,8,86,"regular",TRUE
8,8,87,"regular",TRUE
8,8,88,"regular",TRUE
8,8,89,"regular",TRUE
8,8,90,"regular",TRUE
8,8,91,"regular",TRUE
8,8,92,"regular",TRUE
8,8,93,"regular",TRUE
8,8,95,"regular",TRUE
8,8,96,"regular",TRUE
8,8,97,"regular",TRUE
8,8,98,"regular",TRUE
8,8,99,"regular",TRUE
8,9,51,"regular",TRUE
8,9,58,"regular",TRUE
8,9,59,"regular",TRUE
8,9,60,"rateau",TRUE
8,9,61,"rateau",TRUE
8,9,62,"rateau",TRUE
8,9,63,"rateau",TRUE
8,9,64,"rateau",TRUE
8,9,65,"rateau",TRUE
8,9,66,"regular",TRUE
8,9,67,"rateau",TRUE
8,9,68,"rateau",TRUE
8,9,69,"regular",TRUE
8,9,70,"regular",TRUE
8,9,71,"rateau",TRUE
8,9,72,"regular",TRUE
8,9,73,"regular",TRUE
8,9,74,"regular",TRUE
8,9,75,"regular",TRUE
8,9,76,"regular",TRUE
8,9,77,"regular",FALSE
8,9,78,"rateau",TRUE
8,9,79,"rateau",TRUE
8,9,80,"rateau",TRUE
8,9,81,"rateau",TRUE
8,9,86,"regular",TRUE
8,9,87,"regular",TRUE
8,9,88,"regular",TRUE
8,9,89,"regular",TRUE
8,9,90,"regular",TRUE
8,9,91,"regular",TRUE
8,9,92,"regular",TRUE
8,9,93,"regular",TRUE
8,9,95,"regular",TRUE
8,9,96,"regular",TRUE
8,9,97,"regular",TRUE
8,9,98,"regular",TRUE
8,9,99,"regular",TRUE
